file	record	field	cap_bytes	jp_bytes	japanese	english
data_item/item_param.dat	0	name	16	14		Life Potion
data_item/item_param.dat	1	name	16	16		Mana Potion
data_item/item_param.dat	2	name	16	12		Life Leaf
data_item/item_param.dat	3	name	16	14		Magic Leaf
data_item/item_param.dat	4	name	16	10		Red Key
data_item/item_param.dat	5	name	16	10		Blue Key
data_item/item_param.dat	6	name	16	12		Yellow Key
data_item/item_param.dat	7	name	16	12		Green Key
data_item/item_param.dat	8	name	16	16		Iron Ore
data_item/item_param.dat	9	name	16	16		Silver Ore
data_item/item_param.dat	10	name	16	16		Platinum Ore
data_item/item_param.dat	11	name	16	16		Mithril Ore
data_item/item_param.dat	12	name	16	10		Big Metal
data_item/item_param.dat	13	name	16	12		Big Plate
data_item/item_param.dat	14	name	16	10		Rare Metal
data_item/item_param.dat	15	name	16	14		Old Metal
data_item/item_param.dat	16	name	16	16		Metal Bulb
data_item/item_param.dat	17	name	16	8		Black Iron
data_item/item_param.dat	18	name	16	8		Kagutsuchi
data_item/item_param.dat	19	name	16	12		Orichalcum
data_item/item_param.dat	20	name	16	6		Ruby
data_item/item_param.dat	21	name	16	12		Aquamarine
data_item/item_param.dat	22	name	16	8		Topaz
data_item/item_param.dat	23	name	16	10		Sapphire
data_item/item_param.dat	24	name	16	10		Emerald
data_item/item_param.dat	25	name	16	10		Amethyst
data_item/item_param.dat	26	name	16	12		Diamond
data_item/item_param.dat	27	name	16	8		Onyx
data_item/item_param.dat	28	name	16	14		Love Pearl
data_item/item_param.dat	29	name	16	14		Happy Gem
data_item/item_param.dat	30	name	16	12		Devil Gem
data_item/item_param.dat	31	name	16	12		Dark Gem
data_item/item_param.dat	32	name	16	16		Golden Shard
data_item/item_param.dat	33	name	16	16		Gold Stone
data_item/item_param.dat	34	name	16	16		Exciting Stone
data_item/item_param.dat	35	name	16	16		Blaze Stone
data_item/item_param.dat	36	name	16	16		Spark Stone
data_item/item_param.dat	37	name	16	16		Frost Stone
data_item/item_param.dat	38	name	16	14		Soul Stone
data_item/item_param.dat	39	name	16	16		Colossus Stone
data_item/item_param.dat	40	name	16	16		Sage Stone
data_item/item_param.dat	41	name	16	16		Daedalus Stone
data_item/item_param.dat	42	name	16	12		Stone Shard
data_item/item_param.dat	43	name	16	16		Stalactite
data_item/item_param.dat	44	name	16	14		Odd Clay
data_item/item_param.dat	45	name	16	16		Magma Lump
data_item/item_param.dat	46	name	16	16		Burning Passion
data_item/item_param.dat	47	name	16	14		Glass Shard
data_item/item_param.dat	48	name	16	16		Permafrost
data_item/item_param.dat	49	name	16	16		Crystal Orb
data_item/item_param.dat	50	name	16	10		Nasty Thing
data_item/item_param.dat	51	name	16	12		Demon Stone
data_item/item_param.dat	52	name	16	10		Moonstone
data_item/item_param.dat	53	name	16	16		Comet Tail
data_item/item_param.dat	54	name	16	14		Star Radiance
data_item/item_param.dat	55	name	16	14		UFO Plate
data_item/item_param.dat	56	name	16	12		Dark Matter
data_item/item_param.dat	57	name	16	12		Neutrino
data_item/item_param.dat	58	name	16	12		Iron Shard
data_item/item_param.dat	59	name	16	16		Hunger Stone
data_item/item_param.dat	60	name	16	12		Red Brick
data_item/item_param.dat	61	name	16	16		Mooton Gem
data_item/item_param.dat	62	name	16	14		Mage Gem
data_item/item_param.dat	63	name	16	14		Rockn Gem
data_item/item_param.dat	64	name	16	14		Oinkton Gem
data_item/item_param.dat	65	name	16	16		Element Gem
data_item/item_param.dat	66	name	16	14		Cyclops Gem
data_item/item_param.dat	67	name	16	14		Summon Stone
data_item/item_param.dat	68	name	16	14		Soft Wood
data_item/item_param.dat	69	name	16	14		Sturdy Wood
data_item/item_param.dat	70	name	16	14		Miracle Wood
data_item/item_param.dat	71	name	16	12		Yggdrasil
data_item/item_param.dat	72	name	16	10		Big Wood
data_item/item_param.dat	73	name	16	14		White Silk
data_item/item_param.dat	74	name	16	14		Royal Silk
data_item/item_param.dat	75	name	16	14		Platinum Silk
data_item/item_param.dat	76	name	16	10		Big Cloth
data_item/item_param.dat	77	name	16	14		Fluffy Wheat
data_item/item_param.dat	78	name	16	16		Prime Wheat
data_item/item_param.dat	79	name	16	14		White Rice
data_item/item_param.dat	80	name	16	6		Sushi Rice
data_item/item_param.dat	81	name	16	16		Sliced Onion
data_item/item_param.dat	82	name	16	8		Garlic
data_item/item_param.dat	83	name	16	16		Potato
data_item/item_param.dat	84	name	16	16		Crisp Lettuce
data_item/item_param.dat	85	name	16	14		Bright Tomato
data_item/item_param.dat	86	name	16	16		Hearty Radish
data_item/item_param.dat	87	name	16	8		Green Onion
data_item/item_param.dat	88	name	16	12		Neo Ginger
data_item/item_param.dat	89	name	16	14		Tea Leaf
data_item/item_param.dat	90	name	16	14		Soybeans
data_item/item_param.dat	91	name	16	14		Hot Spice
data_item/item_param.dat	92	name	16	14		Sweet Strawberry
data_item/item_param.dat	93	name	16	16		Tasty Pineapple
data_item/item_param.dat	94	name	16	14		Round Melon
data_item/item_param.dat	95	name	16	16		Master Apple
data_item/item_param.dat	96	name	16	12		Choco Chip
data_item/item_param.dat	97	name	16	16		Coffee Beans
data_item/item_param.dat	98	name	16	14		Famous Mushroom
data_item/item_param.dat	99	name	16	14		Soft Mushroom
data_item/item_param.dat	100	name	16	14		Happy Mushroom
data_item/item_param.dat	101	name	16	14		Green Spore
data_item/item_param.dat	102	name	16	14		Miracle Mushroom
data_item/item_param.dat	103	name	16	14		Odd Mushroom
data_item/item_param.dat	104	name	16	8		Matsutake
data_item/item_param.dat	105	name	16	12		Raw Shiitake
data_item/item_param.dat	106	name	16	12		Vanilla Leaf
data_item/item_param.dat	107	name	16	12		Knight Leaf
data_item/item_param.dat	108	name	16	14		Paper Leaf
data_item/item_param.dat	109	name	16	12		Sky Grass
data_item/item_param.dat	110	name	16	14		Carefree Grass
data_item/item_param.dat	111	name	16	14		Magma Flower
data_item/item_param.dat	112	name	16	16		Magical Flower
data_item/item_param.dat	113	name	16	16		Sugar Flower
data_item/item_param.dat	114	name	16	14		Knight Flower
data_item/item_param.dat	115	name	16	16		Cherry Petal
data_item/item_param.dat	116	name	16	14		Poison Rose
data_item/item_param.dat	117	name	16	12		Secret Flower
data_item/item_param.dat	118	name	16	10		Dark Flower
data_item/item_param.dat	119	name	16	10		Moonflower
data_item/item_param.dat	120	name	16	14		Green Sapling
data_item/item_param.dat	121	name	16	14		Pink Root
data_item/item_param.dat	122	name	16	14		Japan Root
data_item/item_param.dat	123	name	16	14		Sunflower Seed
data_item/item_param.dat	124	name	16	14		Toxic Spore
data_item/item_param.dat	125	name	16	14		Chomp Seed
data_item/item_param.dat	126	name	16	16		Hyper Bamboo
data_item/item_param.dat	127	name	16	14		Punion Seed
data_item/item_param.dat	128	name	16	14		Mushroom Spore
data_item/item_param.dat	129	name	16	8		Scrap Meat
data_item/item_param.dat	130	name	16	10		Rib Meat
data_item/item_param.dat	131	name	16	8		Fillet Meat
data_item/item_param.dat	132	name	16	14		Prime Fillet
data_item/item_param.dat	133	name	16	10		Loin Meat
data_item/item_param.dat	134	name	16	12		Prime Loin
data_item/item_param.dat	135	name	16	14		Iberico Meat
data_item/item_param.dat	136	name	16	14		Marbled Meat
data_item/item_param.dat	137	name	16	14		Iffy Meat
data_item/item_param.dat	138	name	16	8		Tonkotsu
data_item/item_param.dat	139	name	16	8		Chicken Bones
data_item/item_param.dat	140	name	16	8		Breast Meat
data_item/item_param.dat	141	name	16	8		Thigh Meat
data_item/item_param.dat	142	name	16	16		Phoenix Meat
data_item/item_param.dat	143	name	16	14		Fresh Egg
data_item/item_param.dat	144	name	16	16		Gelatin Powder
data_item/item_param.dat	145	name	16	14		Tasty Tofu
data_item/item_param.dat	146	name	16	14		Fluffy Cheese
data_item/item_param.dat	147	name	16	16		Exciting Salmon
data_item/item_param.dat	148	name	16	8		Tasty Sweetfish
data_item/item_param.dat	149	name	16	12		Tuna Flake
data_item/item_param.dat	150	name	16	10		Semi-Fatty Tuna
data_item/item_param.dat	151	name	16	8		Fatty Tuna
data_item/item_param.dat	152	name	16	10		Raw Bonito
data_item/item_param.dat	153	name	16	16		Mighty Sardine
data_item/item_param.dat	154	name	16	10		Anchovy
data_item/item_param.dat	155	name	16	8		Raw Sea Urchin
data_item/item_param.dat	156	name	16	8		Pufferfish
data_item/item_param.dat	157	name	16	14		Surprise Scallop
data_item/item_param.dat	158	name	16	14		Prime Eel
data_item/item_param.dat	159	name	16	14		Big Anglerfish
data_item/item_param.dat	160	name	16	8		Shark Fin
data_item/item_param.dat	161	name	16	14		Fish Roe
data_item/item_param.dat	162	name	16	12		Fish Ball
data_item/item_param.dat	163	name	16	14		Slimy Seaweed
data_item/item_param.dat	164	name	16	12		Tasty Salt
data_item/item_param.dat	165	name	16	14		Royal Salt
data_item/item_param.dat	166	name	16	12		Tasty Seaweed
data_item/item_param.dat	167	name	16	14		Shining Shell
data_item/item_param.dat	168	name	16	12		Large Crab
data_item/item_param.dat	169	name	16	14		Numbing Rockfish
data_item/item_param.dat	170	name	16	14		Spiky Coral
data_item/item_param.dat	171	name	16	14		Shark Skin
data_item/item_param.dat	172	name	16	12		Star Skin
data_item/item_param.dat	173	name	16	14		Detox Skin
data_item/item_param.dat	174	name	16	14		Large Scale
data_item/item_param.dat	175	name	16	12		Hard Scale
data_item/item_param.dat	176	name	16	16		Fish Bone
data_item/item_param.dat	177	name	16	16		Sturdy Fur
data_item/item_param.dat	178	name	16	14		Magic Fur
data_item/item_param.dat	179	name	16	14		Crackling Fur
data_item/item_param.dat	180	name	16	14		Toxic Fur
data_item/item_param.dat	181	name	16	16		Silver Fur
data_item/item_param.dat	182	name	16	14		Ragged Leather
data_item/item_param.dat	183	name	16	14		Rex Leather
data_item/item_param.dat	184	name	16	14		Tauros Leather
data_item/item_param.dat	185	name	16	12		Magma Leather
data_item/item_param.dat	186	name	16	12		Star Leather
data_item/item_param.dat	187	name	16	14		Dragon Leather
data_item/item_param.dat	188	name	16	16		Alien Leather
data_item/item_param.dat	189	name	16	14		White Leather
data_item/item_param.dat	190	name	16	14		Holy Leather
data_item/item_param.dat	191	name	16	14		Daitarn Leather
data_item/item_param.dat	192	name	16	12		Dark Leather
data_item/item_param.dat	193	name	16	10		Big Leather
data_item/item_param.dat	194	name	16	14		Zombie Skin
data_item/item_param.dat	195	name	16	14		Hydra Skin
data_item/item_param.dat	196	name	16	12		Electro Skin
data_item/item_param.dat	197	name	16	16		Purple Tail
data_item/item_param.dat	198	name	16	14		Burning Tail
data_item/item_param.dat	199	name	16	16		Crackling Tail
data_item/item_param.dat	200	name	16	16		Toxic Tail
data_item/item_param.dat	201	name	16	16		Cozy Cotton
data_item/item_param.dat	202	name	16	16		Cozy Feather
data_item/item_param.dat	203	name	16	16		Cheep Feather
data_item/item_param.dat	204	name	16	16		Blade Feather
data_item/item_param.dat	205	name	16	16		Chick Feather
data_item/item_param.dat	206	name	16	16		Phoenix Feather
data_item/item_param.dat	207	name	16	12		Crimson Feather
data_item/item_param.dat	208	name	16	12		Magic Feather
data_item/item_param.dat	209	name	16	12		Angel Feather
data_item/item_param.dat	210	name	16	16		Dragon Wing
data_item/item_param.dat	211	name	16	16		Black Wing
data_item/item_param.dat	212	name	16	16		Gold Wing
data_item/item_param.dat	213	name	16	10		Broken Horn
data_item/item_param.dat	214	name	16	14		Twisty Horn
data_item/item_param.dat	215	name	16	14		Demon Horn
data_item/item_param.dat	216	name	16	16		Tiamat Horn
data_item/item_param.dat	217	name	16	14		Lovey Horn
data_item/item_param.dat	218	name	16	14		Gold Horn
data_item/item_param.dat	219	name	16	10		Ogre Horn
data_item/item_param.dat	220	name	16	10		Big Horn
data_item/item_param.dat	221	name	16	12		Small Fang
data_item/item_param.dat	222	name	16	14		Piranha Fang
data_item/item_param.dat	223	name	16	14		Mammoth Tusk
data_item/item_param.dat	224	name	16	12		Ice Fang
data_item/item_param.dat	225	name	16	12		Crumbled Bone
data_item/item_param.dat	226	name	16	14		Sturdy Bone
data_item/item_param.dat	227	name	16	14		Dragon Bone
data_item/item_param.dat	228	name	16	12		Lich Bone
data_item/item_param.dat	229	name	16	14		Lich Head
data_item/item_param.dat	230	name	16	14		Deathroki Arm
data_item/item_param.dat	231	name	16	14		Deathroki Head
data_item/item_param.dat	232	name	16	12		Small Jaw
data_item/item_param.dat	233	name	16	14		Giant Jaw
data_item/item_param.dat	234	name	16	16		Freeloader Fang
data_item/item_param.dat	235	name	16	16		Cerberus Fang
data_item/item_param.dat	236	name	16	16		Wonder Fang
data_item/item_param.dat	237	name	16	16		Lander Fang
data_item/item_param.dat	238	name	16	12		Sharp Claw
data_item/item_param.dat	239	name	16	14		Rex Claw
data_item/item_param.dat	240	name	16	16		Tiamat Claw
data_item/item_param.dat	241	name	16	12		Magma Claw
data_item/item_param.dat	242	name	16	12		Cosmo Claw
data_item/item_param.dat	243	name	16	12		Electro Claw
data_item/item_param.dat	244	name	16	14		Daitarn Claw
data_item/item_param.dat	245	name	16	12		Cyclops Eye
data_item/item_param.dat	246	name	16	12		Small Eye
data_item/item_param.dat	247	name	16	16		Evil God Eye
data_item/item_param.dat	248	name	16	14		Odd Eyeball
data_item/item_param.dat	249	name	16	12		Big Drill
data_item/item_param.dat	250	name	16	14		Gold Drill
data_item/item_param.dat	251	name	16	12		Thunder Fin
data_item/item_param.dat	252	name	16	14		Golden Fin
data_item/item_param.dat	253	name	16	12		Insect Egg
data_item/item_param.dat	254	name	16	12		Insect Shell
data_item/item_param.dat	255	name	16	16		Hercules Beetle
data_item/item_param.dat	256	name	16	16		Caucasus Beetle
data_item/item_param.dat	257	name	16	12		Servant Fly
data_item/item_param.dat	258	name	16	14		Belials Claw
data_item/item_param.dat	259	name	16	14		Bone Needle
data_item/item_param.dat	260	name	16	16		Belials Needle
data_item/item_param.dat	261	name	16	14		Golden Claw
data_item/item_param.dat	262	name	16	14		Golden Shell
data_item/item_param.dat	263	name	16	16		Gold Scale
data_item/item_param.dat	264	name	16	14		Mystery Creature
data_item/item_param.dat	265	name	16	16		Mystery Tentacle
data_item/item_param.dat	266	name	16	16		Black Feeler
data_item/item_param.dat	267	name	16	14		Demon Tail
data_item/item_param.dat	268	name	16	12		Dark Robe
data_item/item_param.dat	269	name	16	12		Lively Bone
data_item/item_param.dat	270	name	16	14		Rex Egg
data_item/item_param.dat	271	name	16	14		Cozy Egg
data_item/item_param.dat	272	name	16	14		Shark Egg
data_item/item_param.dat	273	name	16	12		Chick Egg
data_item/item_param.dat	274	name	16	16		Phoenix Egg
data_item/item_param.dat	275	name	16	14		Dragon Egg
data_item/item_param.dat	276	name	16	12		Beetle Egg
data_item/item_param.dat	277	name	16	16		Ancient Fish Egg
data_item/item_param.dat	278	name	16	12		Amazing Book
data_item/item_param.dat	279	name	16	12		Ancient Book
data_item/item_param.dat	280	name	16	14		Secret Storybook
data_item/item_param.dat	281	name	16	16		Secret File
data_item/item_param.dat	282	name	16	12		Secret Scroll
data_item/item_param.dat	283	name	16	16		Sealed Scroll
data_item/item_param.dat	284	name	16	16		Lion Crest
data_item/item_param.dat	285	name	16	16		Light Emblem
data_item/item_param.dat	286	name	16	16		Knight Emblem
data_item/item_param.dat	287	name	16	16		Green Tablet
data_item/item_param.dat	288	name	16	8		Emoticon
data_item/item_param.dat	289	name	16	10		Epic Video
data_item/item_param.dat	290	name	16	12		Error Code
data_item/item_param.dat	291	name	16	14		ASCII Art
data_item/item_param.dat	292	name	16	16		Nice Comment
data_item/item_param.dat	293	name	16	6		Orz
data_item/item_param.dat	294	name	16	14		Login Code
data_item/item_param.dat	295	name	16	16		Top Secret Info
data_item/item_param.dat	296	name	16	16		Great Password
data_item/item_param.dat	297	name	16	14		Hell Card
data_item/item_param.dat	298	name	16	16		Odd Playing Card
data_item/item_param.dat	299	name	16	16		Cosmic Secret
data_item/item_param.dat	300	name	16	16		Harbor Photo
data_item/item_param.dat	301	name	16	16		Contract Vow
data_item/item_param.dat	302	name	16	14		Magic Vial
data_item/item_param.dat	303	name	16	14		Fresh Milk
data_item/item_param.dat	304	name	16	16		Prime Butter
data_item/item_param.dat	305	name	16	16		Fluffy Cream
data_item/item_param.dat	306	name	16	14		Cocoa Powder
data_item/item_param.dat	307	name	16	16		Candy Sauce
data_item/item_param.dat	308	name	16	16		Royal Honey
data_item/item_param.dat	309	name	16	16		Sweet Syrup
data_item/item_param.dat	310	name	16	8		Soy Sauce
data_item/item_param.dat	311	name	16	14		Aged Miso
data_item/item_param.dat	312	name	16	10		Mayo Sauce
data_item/item_param.dat	313	name	16	16		Tomato Ketchup
data_item/item_param.dat	314	name	16	12		Seed Oil
data_item/item_param.dat	315	name	16	14		Rich Sauce
data_item/item_param.dat	316	name	16	16		Prime Sauce
data_item/item_param.dat	317	name	16	14		Protonizer
data_item/item_param.dat	318	name	16	14		Chemical
data_item/item_param.dat	319	name	16	14		Acid Liquid
data_item/item_param.dat	320	name	16	12		Dark Oil
data_item/item_param.dat	321	name	16	8		Poison Fluid
data_item/item_param.dat	322	name	16	14		Reverse Oil
data_item/item_param.dat	323	name	16	16		Dragon Blood
data_item/item_param.dat	324	name	16	14		100-Yen Coin
data_item/item_param.dat	325	name	16	14		Lucky Heart
data_item/item_param.dat	326	name	16	14		Happy Heart
data_item/item_param.dat	327	name	16	16		Pure Love Heart
data_item/item_param.dat	328	name	16	14		Toxic Heart
data_item/item_param.dat	329	name	16	14		Master's Heart
data_item/item_param.dat	330	name	16	16		Angel Heart
data_item/item_param.dat	331	name	16	14		Black Heart
data_item/item_param.dat	332	name	16	14		Beelzebub Heart
data_item/item_param.dat	333	name	16	14		Heart Flutter
data_item/item_param.dat	334	name	16	16		Loyal Heart
data_item/item_param.dat	335	name	16	14		Knight's Soul
data_item/item_param.dat	336	name	16	14		Warrior's Soul
data_item/item_param.dat	337	name	16	16		Man's Soul
data_item/item_param.dat	338	name	16	14		Love Scratch
data_item/item_param.dat	339	name	16	14		Crappy Cartridge
data_item/item_param.dat	340	name	16	14		Godly Cartridge
data_item/item_param.dat	341	name	16	14		Moe Cartridge
data_item/item_param.dat	342	name	16	16		Nice Poster
data_item/item_param.dat	343	name	16	14		Puff Breath
data_item/item_param.dat	344	name	16	10		Aso Soil
data_item/item_param.dat	345	name	16	10		Fuji Sand
data_item/item_param.dat	346	name	16	14		Fluffy Snow
data_item/item_param.dat	347	name	16	12		Eternal Snow
data_item/item_param.dat	348	name	16	10		Topknot
data_item/item_param.dat	349	name	16	12		Afro Hair
data_item/item_param.dat	350	name	16	12		Small Whisker
data_item/item_param.dat	351	name	16	14		Lil Ogre Pants
data_item/item_param.dat	352	name	16	14		Gal's Panties
data_item/item_param.dat	353	name	16	14		Huge Iron
data_item/item_param.dat	354	name	16	16		Ancient Brush
data_item/item_param.dat	355	name	16	14		Main Engine
data_item/item_param.dat	356	name	16	14		Vernier Nozzle
data_item/item_param.dat	357	name	16	12		Secret Weapon
data_item/item_param.dat	358	name	16	12		Circuit Board
data_item/item_param.dat	359	name	16	16		100 Tera CPU
data_item/item_param.dat	360	name	16	16		100 Giga CPU
data_item/item_param.dat	361	name	16	16		100 Tera Memory
data_item/item_param.dat	362	name	16	16		Digital Spark
data_item/item_param.dat	363	name	16	16		Small Gear
data_item/item_param.dat	364	name	16	16		Magic Gear
data_item/item_param.dat	365	name	16	16		Hell Gear
data_item/item_param.dat	366	name	16	14		Time's Origin
data_item/item_param.dat	367	name	16	14		Magic Motor
data_item/item_param.dat	368	name	16	12		Magnet S
data_item/item_param.dat	369	name	16	12		Magnet N
data_item/item_param.dat	370	name	16	14		Gold Knife
data_item/item_param.dat	371	name	16	16		Silver Fork
data_item/item_param.dat	372	name	16	16		41cm Cannon
data_item/item_param.dat	373	name	16	16		46cm Cannon
data_item/item_param.dat	374	name	16	16		Sun Flag
data_item/item_param.dat	375	name	16	16		No.1 Flag
data_item/item_param.dat	376	name	16	14		Waking Horn
data_item/item_param.dat	377	name	16	16		Feast Melody
data_item/item_param.dat	378	name	16	16		Bronze Mirror
data_item/item_param.dat	379	name	16	12		Moo Wand
data_item/item_param.dat	380	name	16	14		Magic Ladle
data_item/item_param.dat	381	name	16	14		Evil Stick
data_item/item_param.dat	382	name	16	14		Rusty Sickle
data_item/item_param.dat	383	name	16	12		Dark Ring
data_item/item_param.dat	384	name	16	14		Hellfire
data_item/item_param.dat	385	name	16	10		Miso Koji
data_item/item_param.dat	386	name	16	14		Fragrant Thing
data_item/item_param.dat	387	name	16	8		Empty Can
data_item/item_param.dat	388	name	16	12		Jamaica Can
data_item/item_param.dat	389	name	16	14		Ancient Mural
data_item/item_param.dat	390	name	16	14		Broken Raft
data_item/item_param.dat	391	name	16	16		Golden Coin
data_item/item_param.dat	392	name	16	12		Wind Mast
data_item/item_param.dat	393	name	16	16		Yakutanon Cape
data_item/item_param.dat	394	name	16	14		Robot Kit
data_item/item_param.dat	395	name	16	12		Magic Kit
data_item/item_param.dat	396	name	16	14		King's Beard
data_item/item_param.dat	397	name	16	16		Smile Ticket
data_item/item_param.dat	398	name	16	14		Smile Sheet
data_item/item_param.dat	399	name	16	14		Smile Card
data_item/item_param.dat	400	name	16	14		Smile Gift
data_item/item_param.dat	401	name	16	16		Smile Memory
data_item/item_param.dat	402	name	16	16		Secret Ticket
data_item/item_param.dat	403	name	16	16		Buddy Ticket
data_item/item_param.dat	404	name	16	16		Friend Ticket
data_item/item_param.dat	405	name	16	16		Expert Ticket
data_item/item_param.dat	406	name	16	16		Proof of Power 1
data_item/item_param.dat	407	name	16	16		Proof of Power 2
data_item/item_param.dat	408	name	16	16		Proof of Power 3
data_item/item_param.dat	409	name	16	16		Proof of Power 4
data_item/item_param.dat	410	name	16	16		Proof of Power 5
data_item/item_param.dat	411	name	16	16		Proof of Power 6
data_item/item_param.dat	412	name	16	16		Proof of Power 7
data_item/item_param.dat	413	name	16	16		Proof of Power 8
data_item/item_param.dat	414	name	16	16		Proof of Power 9
data_item/item_param.dat	415	name	16	16		Hero's Proof
data_item/item_param.dat	416	name	16	16		Guardian Scroll
data_item/item_param.dat	417	name	16	16		Proof of Unity
data_item/item_param.dat	418	name	16	12		Rose Letter
data_item/item_param.dat	419	name	16	16		Cross Treasure
data_item/item_param.dat	420	name	16	16		Mirror Gem!?
data_item/item_param.dat	421	name	16	12		Mirror Gem
data_item/item_param.dat	422	name	16	12		Cut Gem
data_item/item_param.dat	423	name	16	14		Mirror Gem R
data_item/item_param.dat	424	name	16	16		Reflect Gem
data_item/item_param.dat	425	name	16	12		Maiden's Bra
data_item/item_param.dat	426	name	16	16		Lady's Brush
data_item/item_param.dat	427	name	16	14		Garter Belt
data_item/item_param.dat	428	name	16	14		Risque Underwear
data_item/item_param.dat	429	name	16	14		Naughty Camisole
data_item/item_param.dat	430	name	16	10		V Ticket
data_item/item_param.dat	431	name	16	14		V Ticket SP
data_item/item_param.dat	432	name	16	10		J Ticket
data_item/item_param.dat	433	name	16	14		J Ticket SP
data_item/item_param.dat	434	name	16	16		Gift Box
data_item/item_param.dat	435	name	16	14		Santa Robe
data_item/item_param.dat	436	name	16	16		Members Card
data_item/item_param.dat	437	name	16	14		Magic Ribbon
data_item/item_param.dat	438	name	16	14		Life Potion
data_item/item_param.dat	439	name	16	14		Life Potion
data_item/item_param.dat	440	name	16	14		Life Potion
data_item/item_param.dat	441	name	16	14		Life Potion
data_item/item_param.dat	442	name	16	14		Life Potion
data_item/item_param.dat	443	name	16	14		Life Potion
data_item/item_param.dat	444	name	16	14		Life Potion
data_item/item_param.dat	445	name	16	14		Life Potion
data_item/item_param.dat	446	name	16	14		Life Potion
data_item/item_param.dat	447	name	16	14		Life Potion
data_item/item_param.dat	448	name	16	14		Life Potion
data_item/item_param.dat	449	name	16	14		Life Potion
data_item/item_param.dat	450	name	16	14		Life Potion
data_item/item_param.dat	451	name	16	14		Life Potion
data_item/item_param.dat	452	name	16	14		Life Potion
data_item/item_param.dat	453	name	16	14		Life Potion
data_item/item_param.dat	454	name	16	14		Life Potion
data_item/item_param.dat	455	name	16	14		Life Potion
data_item/item_param.dat	456	name	16	14		Life Potion
data_item/item_param.dat	457	name	16	14		Life Potion
data_item/item_param.dat	458	name	16	14		Life Potion
data_item/item_param.dat	459	name	16	14		Life Potion
data_item/item_param.dat	460	name	16	14		Life Potion
data_item/item_param.dat	461	name	16	14		Life Potion
data_item/item_param.dat	462	name	16	14		Life Potion
data_item/item_param.dat	463	name	16	14		Life Potion
data_item/item_param.dat	464	name	16	14		Life Potion
data_item/item_param.dat	465	name	16	14		Life Potion
data_item/item_param.dat	466	name	16	14		Life Potion
data_item/item_param.dat	467	name	16	14		Life Potion
data_item/item_param.dat	468	name	16	14		Life Potion
data_item/item_param.dat	469	name	16	14		Life Potion
data_item/item_param.dat	470	name	16	14		Life Potion
data_item/item_param.dat	471	name	16	14		Life Potion
data_item/item_param.dat	472	name	16	14		Life Potion
data_item/item_param.dat	473	name	16	14		Life Potion
data_item/item_param.dat	474	name	16	14		Life Potion
data_item/item_param.dat	475	name	16	14		Life Potion
data_item/item_param.dat	476	name	16	14		Life Potion
data_item/item_param.dat	477	name	16	14		Life Potion
data_item/item_param.dat	478	name	16	14		Life Potion
data_item/item_param.dat	479	name	16	14		Life Potion
data_item/item_param.dat	480	name	16	14		Life Potion
data_item/item_param.dat	481	name	16	14		Life Potion
data_item/item_param.dat	482	name	16	14		Life Potion
data_item/item_param.dat	483	name	16	14		Life Potion
data_item/item_param.dat	484	name	16	14		Life Potion
data_item/item_param.dat	485	name	16	14		Life Potion
data_item/item_param.dat	486	name	16	14		Life Potion
data_item/item_param.dat	487	name	16	14		Life Potion
data_item/item_param.dat	488	name	16	14		Life Potion
data_item/item_param.dat	489	name	16	14		Life Potion
data_item/item_param.dat	490	name	16	14		Life Potion
data_item/item_param.dat	491	name	16	14		Life Potion
data_item/item_param.dat	492	name	16	14		Life Potion
data_item/item_param.dat	493	name	16	14		Life Potion
data_item/item_param.dat	494	name	16	14		Life Potion
data_item/item_param.dat	495	name	16	14		Life Potion
data_item/item_param.dat	496	name	16	14		Life Potion
data_item/item_param.dat	497	name	16	14		Life Potion
data_item/item_param.dat	498	name	16	14		Life Potion
data_item/item_param.dat	499	name	16	14		Life Potion
data_item/item_param.dat	500	name	16	14		Life Potion
data_item/item_param.dat	501	name	16	14		Life Potion
data_item/item_param.dat	502	name	16	14		Life Potion
data_item/item_param.dat	503	name	16	14		Life Potion
data_item/item_param.dat	504	name	16	14		Life Potion
data_item/item_param.dat	505	name	16	14		Life Potion
data_item/item_param.dat	506	name	16	14		Life Potion
data_item/item_param.dat	507	name	16	14		Life Potion
data_item/item_param.dat	508	name	16	14		Life Potion
data_item/item_param.dat	509	name	16	14		Life Potion
data_item/item_param.dat	510	name	16	14		Life Potion
data_item/item_param.dat	511	name	16	14		Life Potion
data_item/item_param.dat	0	desc	76	63		A drink that restores life.\nFaintly sweet and easy to drink.
data_item/item_param.dat	1	desc	76	65		A drink that restores mana.\nFruity, with a refreshing flavor.
data_item/item_param.dat	2	desc	76	57		A big red leaf that seems\nfull of life force.
data_item/item_param.dat	3	desc	76	57		A fine blue leaf that seems\nto hold mystical power.
data_item/item_param.dat	4	desc	76	63		Opens red treasure chests\nengraved with a flame relief.
data_item/item_param.dat	5	desc	76	63		Opens blue treasure chests\nengraved with an ice relief.
data_item/item_param.dat	6	desc	76	63		Opens yellow treasure chests\nengraved with a wind relief.
data_item/item_param.dat	7	desc	76	63		Opens green treasure chests\nengraved with a forest relief.
data_item/item_param.dat	8	desc	76	71		A common, easy-to-find ore.\nEasy for beginners to work with.
data_item/item_param.dat	9	desc	76	67		A silvery, shining ore.\nEasily reshaped when heated.
data_item/item_param.dat	10	desc	76	73		Gives off a beautiful glow.\nAn ore with an air of luxury.
data_item/item_param.dat	11	desc	76	63		An ore with hidden magic\nthat gives off a blue light.
data_item/item_param.dat	12	desc	76	69		An ore hiding mysterious power.\nVery hard to carry around.
data_item/item_param.dat	13	desc	76	65		Said to hold great power.\nA thin, large plate.
data_item/item_param.dat	14	desc	76	67		A precious mineral from nature.\nIt has all sorts of uses.
data_item/item_param.dat	15	desc	76	67		Metal from ancient times.\nIt sometimes vibrates on its own.
data_item/item_param.dat	16	desc	76	57		A metal ball like a bulb.\nPlant it and nothing sprouts.
data_item/item_param.dat	17	desc	76	65		A dark, sturdy lump of iron.\nQuite hard to work with.
data_item/item_param.dat	18	desc	76	63		A red-hot metal that gives off\nscorching energy.
data_item/item_param.dat	19	desc	76	69		A metal told of in legend.\nLegendarily hard to work, too.
data_item/item_param.dat	20	desc	76	45		A beautiful gem that\nshines a deep red.
data_item/item_param.dat	21	desc	76	67		A very pretty light-blue gem\nthat recalls a fresh sea.
data_item/item_param.dat	22	desc	76	69		A gem that shines brown.\nYou can sense deep history in it.
data_item/item_param.dat	23	desc	76	65		A deep blue gem that\nrecalls the vast, deep sea.
data_item/item_param.dat	24	desc	76	63		A pretty green gem that\nholds the beauty of nature.
data_item/item_param.dat	25	desc	76	63		A mystical purple gem\nwith a hidden allure.
data_item/item_param.dat	26	desc	76	73		A gem with a dazzling light.\nIts shine is said to be eternal.
data_item/item_param.dat	27	desc	76	63		A gem with a jet-black shine.\nVery dreamlike.
data_item/item_param.dat	28	desc	76	69		Tears that overflowed from too\nmuch love became this pearl.
data_item/item_param.dat	29	desc	76	65		A gem said to bring happiness.\nPopular as a charm.
data_item/item_param.dat	30	desc	76	71		A gem with an eerie glow.\nSaid to enthrall its owner.
data_item/item_param.dat	31	desc	76	65		Absorbs the light around it.\nA strange jet-black gem.
data_item/item_param.dat	32	desc	76	59		A sparkling piece of gold.\nSmall, but very valuable.
data_item/item_param.dat	33	desc	76	71		A giant stone shining gold.\nTouching it makes you feel rich.
data_item/item_param.dat	34	desc	76	55		Just touching it gets you\nexcited. A very odd stone.
data_item/item_param.dat	35	desc	76	59		A blazing fire stone.\nIt's a little warm to the touch.
data_item/item_param.dat	36	desc	76	63		A crackling lightning stone.\nTouching it fills you with confidence.
data_item/item_param.dat	37	desc	76	63		A stone cold as ice.\nHolding it feels nice and chilly.
data_item/item_param.dat	38	desc	76	71		A stone made of gathered soul\nfragments. Gives off a faint blue flame.
data_item/item_param.dat	39	desc	76	61		A stone holding ancient magic,\ninscribed with strange patterns.
data_item/item_param.dat	40	desc	76	69		A stone holding all knowledge.\nIt sometimes pulses: thump.
data_item/item_param.dat	41	desc	76	69		A stone with ancient power.\nIts shape changes on its own at times.
data_item/item_param.dat	42	desc	76	69		An ordinary little piece of stone.\nFor some reason you want to kick it.
data_item/item_param.dat	43	desc	76	61		A milky-white stone.\nIt takes ages to form.
data_item/item_param.dat	44	desc	76	57		A strange clay that changes\ninto any shape or hardness.
data_item/item_param.dat	45	desc	76	63		A lump of cooled magma.\nIt holds the power of fire.
data_item/item_param.dat	46	desc	76	61		Passion so heated it took form\nand was born as this.
data_item/item_param.dat	47	desc	76	55		A broken piece of glass.\nTouch it carelessly and you'll get hurt.
data_item/item_param.dat	48	desc	76	53		Soil from a frozen land\nwhere the ice never melts.
data_item/item_param.dat	49	desc	76	59		A round, polished crystal.\nA fortune teller's essential.
data_item/item_param.dat	50	desc	76	71		Something with a dangerous air.\nHolding it gives you bad feelings.
data_item/item_param.dat	51	desc	76	65		A stone born of a decayed demon.\nA demon's soul dwells within.
data_item/item_param.dat	52	desc	76	63		A stone chipped from the moon.\nIt has rabbit footprints on it.
data_item/item_param.dat	53	desc	76	69		The tail of a tiny comet.\nIt's icy cold.
data_item/item_param.dat	54	desc	76	71		Sparkling starlight. Too bright\nto look at for long.
data_item/item_param.dat	55	desc	76	63		A body plate from a mysterious\ndisc. Made of an unknown material.
data_item/item_param.dat	56	desc	76	67		Matter in space that never\nreflects any light.
data_item/item_param.dat	57	desc	76	71		A kind of matter inside an\nelementary particle. Hard to detect.
data_item/item_param.dat	58	desc	76	61		A tiny fragment of iron.\nToo small to work with.
data_item/item_param.dat	59	desc	76	71		Just holding it makes you\nhungry. You want to drop it fast.
data_item/item_param.dat	60	desc	76	65		A red brick of handy size.\nLighter than it looks.
data_item/item_param.dat	61	desc	76	57		A big red gem that holds\nthe power of a Mooton.
data_item/item_param.dat	62	desc	76	67		A gem that shines purple, holding\nthe power of a Mooton Mage.
data_item/item_param.dat	63	desc	76	51		A gray gem taken from\na Rockn's body.
data_item/item_param.dat	64	desc	76	63		A cute milky-white stone holding\nthe power of a Oinkton.
data_item/item_param.dat	65	desc	76	57		Strangely shaped. A stone\nholding the power of nature.
data_item/item_param.dat	66	desc	76	65		A stone of linked beads, holding\nthe power of a Cyclops.
data_item/item_param.dat	67	desc	76	63		A flame gem. Wish hard and it\nsummons a mighty monster.
data_item/item_param.dat	68	desc	76	71		Very soft, light lumber.\nAnyone can work it easily.
data_item/item_param.dat	69	desc	76	73		Very hard, durable lumber.\nHeavy for its small size.
data_item/item_param.dat	70	desc	76	73		Mystical lumber that works miracles.\nCut it to reveal odd grain.
data_item/item_param.dat	71	desc	76	61		A sapling of the world tree,\nonce planted in the gods' paradise.
data_item/item_param.dat	72	desc	76	69		Lumber with giant power.\nIts size is pretty giant too.
data_item/item_param.dat	73	desc	76	57		Soft, pure white silk\nlike a cloud in the sky.
data_item/item_param.dat	74	desc	76	67		Silk with a luxurious air.\nSmooth and very comfortable.
data_item/item_param.dat	75	desc	76	69		Rare, gleaming silk that\nshines like platinum.
data_item/item_param.dat	76	desc	76	67		A giant cloth with strange power.\nSpread it out and it goes on forever.
data_item/item_param.dat	77	desc	76	73		Very soft, fluffy wheat.\nSweets made with it turn fluffy too.
data_item/item_param.dat	78	desc	76	47		Legendary wheat that glows\nwhen eaten.
data_item/item_param.dat	79	desc	76	51		Glossy, delicious rice that\ngoes with any side dish.
data_item/item_param.dat	80	desc	76	67		Its vinegar scent whets the appetite.\nRice made with true Japanese heart.
data_item/item_param.dat	81	desc	76	57		Can't be discussed without tears.\nThinly sliced onion.
data_item/item_param.dat	82	desc	76	61		Very fragrant garlic.\nEating it fills you with energy.
data_item/item_param.dat	83	desc	76	57		Edible even raw. Very fluffy\nand tasty potato.
data_item/item_param.dat	84	desc	76	55		Crunchy to bite and\nvividly colored lettuce.
data_item/item_param.dat	85	desc	76	65		A tomato red as the sunset.\nIt tastes of the sun.
data_item/item_param.dat	86	desc	76	65		Goes with all kinds of soup.\nA radish with a great bite.
data_item/item_param.dat	87	desc	76	67		Left alone, it grows up to\nthe sky. A very long green onion.
data_item/item_param.dat	88	desc	76	73		A totally new type of ginger.\nIt no longer fits the ginger mold.
data_item/item_param.dat	89	desc	76	65		Just smelling it soothes the heart.\nTea leaves with a lovely scent.
data_item/item_param.dat	90	desc	76	65		Not just tasty; said to\nward off evil. A great bean.
data_item/item_param.dat	91	desc	76	65		Brings out the flavor of dishes.\nA very hot, spicy seasoning.
data_item/item_param.dat	92	desc	76	59		A ripe, juicy red strawberry.\nVery sweet.
data_item/item_param.dat	93	desc	76	61		A pineapple whose cut end\nshines like the sun.
data_item/item_param.dat	94	desc	76	55		Drop it and it rolls forever.\nA perfectly round melon.
data_item/item_param.dat	95	desc	76	63		A mysterious apple that fills you\nwith a great sense of achievement.
data_item/item_param.dat	96	desc	76	65		Finely crushed chocolate.\nOften used in making sweets.
data_item/item_param.dat	97	desc	76	63		Bittersweet coffee-flavored beans.\nA bit of a grown-up taste.
data_item/item_param.dat	98	desc	76	71		A mushroom everyone knows.\nJust holding it perks you up.
data_item/item_param.dat	99	desc	76	61		A very soft mushroom.\nIt melts softly in your mouth.
data_item/item_param.dat	100	desc	76	57		A very happy mushroom that\nmakes you smile when you pick it.
data_item/item_param.dat	101	desc	76	53		Vivid, beautiful green\nmushroom spores.
data_item/item_param.dat	102	desc	76	53		A rare mushroom said to be\na miracle in itself.
data_item/item_param.dat	103	desc	76	61		A mushroom of odd shape.\nA sweet smell drifts from it.
data_item/item_param.dat	104	desc	76	69		A mushroom with a lovely aroma.\nEnjoy a celebrity-class scent.
data_item/item_param.dat	105	desc	76	67		A tasty raw shiitake.\nDelicious boiled or grilled.
data_item/item_param.dat	106	desc	76	65		A leaf with a very sweet scent.\nBrings out the flavor of sweets.
data_item/item_param.dat	107	desc	76	63		A leaf full of life force\nwith a knightly dignity.
data_item/item_param.dat	108	desc	76	67		You can write on it and fold it.\nAlmost like paper.
data_item/item_param.dat	109	desc	76	69		A flower said to bloom only in the\nheavens. Many legends surround it.
data_item/item_param.dat	110	desc	76	71		Grass with strong life force.\nTrampled, it stands right back up.
data_item/item_param.dat	111	desc	76	69		A flower of volcanic regions.\nIts pollen is hot as lava.
data_item/item_param.dat	112	desc	76	69		A flower used in magic medicine.\nIts nectar holds strong magic.
data_item/item_param.dat	113	desc	76	65		A flower as sweet as sugar.\nHeld in the mouth, you look cool.
data_item/item_param.dat	114	desc	76	59		A single flower blooming nobly,\nlike a proud knight.
data_item/item_param.dat	115	desc	76	69		A cute pink petal.\nYou can feel the spring breeze.
data_item/item_param.dat	116	desc	76	63		A beautiful purple rose.\nIts thorns and pollen are poisonous.
data_item/item_param.dat	117	desc	76	55		Raised in secret.\nA flower no one knows.
data_item/item_param.dat	118	desc	76	73		A flower that blooms even in the dark.\nAt night it scatters glowing pollen.
data_item/item_param.dat	119	desc	76	69		Blooms in the moonlight.\nBy morning it closes back to a bud.
data_item/item_param.dat	120	desc	76	71		A sapling with fresh green leaves.\nIt takes a long time to grow.
data_item/item_param.dat	121	desc	76	69		A lovely pink root.\nSaid to bloom beautiful flowers.
data_item/item_param.dat	122	desc	76	67		A supple, sturdy root.\nSomehow it evokes the Japanese spirit.
data_item/item_param.dat	123	desc	76	53		A yellow sunflower seed.\nSurprisingly tasty to eat.
data_item/item_param.dat	124	desc	76	63		Pink, dangerous spores.\nInhale them and you tingle all over.
data_item/item_param.dat	125	desc	76	65		A seed that bites what comes near.\nPlant it and a pest of a flower blooms.
data_item/item_param.dat	126	desc	76	45		A mysterious bamboo shoot\nfull of amazing energy.
data_item/item_param.dat	127	desc	76	67		Plant it and a Punion is born.\nBe careful when harvesting.
data_item/item_param.dat	128	desc	76	69		Spores born to fight.\nEven in your pocket, they're noisy.
data_item/item_param.dat	129	desc	76	49		Crumbled into small bits.\nA tiny scrap of meat.
data_item/item_param.dat	130	desc	76	71		Well-balanced short rib. Grill it\nand tasty juices overflow.
data_item/item_param.dat	131	desc	76	65		Very tender fillet.\nA truly gorgeous taste.
data_item/item_param.dat	132	desc	76	63		Especially high-grade fillet.\nTaste a miracle of flavor.
data_item/item_param.dat	133	desc	76	55		Loin packed with flavor.\nTender and easy to eat.
data_item/item_param.dat	134	desc	76	67		Carefully selected prime loin.\nSuperb balance with the fat.
data_item/item_param.dat	135	desc	76	59		Iberico, by Iberico,\nfor Iberico: Iberico meat.
data_item/item_param.dat	136	desc	76	67		Beautifully marbled meat.\nTruly the ultimate taste.
data_item/item_param.dat	137	desc	76	61		Meat that's barely okay.\nIt smells very dangerous.
data_item/item_param.dat	138	desc	76	71		Bones that make a rich soup.\nPowerful, plentiful flavor.
data_item/item_param.dat	139	desc	76	69		Bones that make a light soup.\nOverflowing flavor.
data_item/item_param.dat	140	desc	76	73		Firm, tightly packed breast meat.\nLow in fat, with a healthy taste.
data_item/item_param.dat	141	desc	76	65		Very tender thigh meat.\nRich, juicy flavor.
data_item/item_param.dat	142	desc	76	73		Meat of the legendary Phoenix.\nOrdinary fire can't cook it.
data_item/item_param.dat	143	desc	76	59		A fresh, just-laid egg.\nDelicious even eaten as is.
data_item/item_param.dat	144	desc	76	65		A powder that sets liquids into\na jiggle. Great for desserts.
data_item/item_param.dat	145	desc	76	71		Tofu made with devotion.\nIts flavor is true craftsmanship.
data_item/item_param.dat	146	desc	76	65		Cheese with a fluffy texture.\nIt tastes very mellow.
data_item/item_param.dat	147	desc	76	73		A very curious salmon.\nEat it boiled, grilled or raw.
data_item/item_param.dat	148	desc	76	65		It sounds delicious from the name.\nTry it and it really is.
data_item/item_param.dat	149	desc	76	69		Flakes made purely from fish.\nBrings out the flavor of many dishes.
data_item/item_param.dat	150	desc	76	71		Wonderful tenderness and flavor.\nAn excellent ingredient.
data_item/item_param.dat	151	desc	76	73		Fish meat rich with fat.\nEnjoy the ultimate melt in the mouth.
data_item/item_param.dat	152	desc	76	73		Uncooked raw bonito.\nEnjoy its springy texture.
data_item/item_param.dat	153	desc	76	63		A rare sardine said to be the\nstrongest of all fish.
data_item/item_param.dat	154	desc	76	65		Sardines preserved in salt.\nA product of unique, deep flavor.
data_item/item_param.dat	155	desc	76	69		A luxury to rival fatty tuna.\nFresh, with a rich flavor.
data_item/item_param.dat	156	desc	76	67		A fish with a deadly poison,\nbut its taste is top class.
data_item/item_param.dat	157	desc	76	73		A scallop with very little courage.\nIf you can, leave it be.
data_item/item_param.dat	158	desc	76	71		Delicious beyond words.\nThe finest eel there is.
data_item/item_param.dat	159	desc	76	67		An enormously big anglerfish.\nIts looks are enormously grotesque.
data_item/item_param.dat	160	desc	76	71		A luxury ingredient from sharks.\nIts soup is simply superb.
data_item/item_param.dat	161	desc	76	57		Tiny, jiggly eggs.\nThe scent of the seashore lingers.
data_item/item_param.dat	162	desc	76	65		Ground fish rolled into a dumpling.\nIdeal for stews.
data_item/item_param.dat	163	desc	76	71		Slimy, hard-to-grip seaweed.\nThe slime is said to be good for beauty.
data_item/item_param.dat	164	desc	76	69		Freshly made salt from the sea.\nFull of minerals.
data_item/item_param.dat	165	desc	76	71		Salt with a royal title.\nAdds depth to a dish's flavor.
data_item/item_param.dat	166	desc	76	69		Nori full of seashore scent.\nQuite delicious just as it is.
data_item/item_param.dat	167	desc	76	69		A small, glittering shell.\nIt shines seven colors underwater.
data_item/item_param.dat	168	desc	76	61		A crab with very large claws.\nIt turns bright red when boiled.
data_item/item_param.dat	169	desc	76	65		A rockfish that paralyzes what it\ntouches. It lives alone, not in schools.
data_item/item_param.dat	170	desc	76	65		Coral covered in sharp thorns.\nPretty coral has thorns.
data_item/item_param.dat	171	desc	76	59		Rough shark skin.\nIt has many uses.
data_item/item_param.dat	172	desc	76	67		Fish skin that twinkles like stars.\nSmelly, but calming to the heart.
data_item/item_param.dat	173	desc	76	71		Skin stripped from a Toxic Fish.\nSaid to be good at drawing out poison.
data_item/item_param.dat	174	desc	76	63		A scale bigger than your palm.\nWave it and it works as a fan.
data_item/item_param.dat	175	desc	76	71		A thick, hard fish scale.\nIt can hold up 1,000 people.
data_item/item_param.dat	176	desc	76	67		A thick white fish bone.\nRich in calcium.
data_item/item_param.dat	177	desc	76	71		Firm, durable fur.\nOften used in all sorts of clothing.
data_item/item_param.dat	178	desc	76	67		Fur with a faint trace of magic.\nStroke it and it makes a strange sound.
data_item/item_param.dat	179	desc	76	71		Fur that always builds static.\nBe careful when touching it.
data_item/item_param.dat	180	desc	76	69		Fur in poisonous colors.\nIt gives off a stinging smell.
data_item/item_param.dat	181	desc	76	69		Pretty, silver-shimmering fur.\nYou want to bury your face in it.
data_item/item_param.dat	182	desc	76	73		Worn-out, tattered leather.\nIt still hangs on without tearing.
data_item/item_param.dat	183	desc	76	67		Heavy Rex leather.\nIt has yellow markings.
data_item/item_param.dat	184	desc	76	63		Thick Tauros leather.\nCovered in prickly fur.
data_item/item_param.dat	185	desc	76	65		Red, blazing magma leather.\nPut a kettle on it and water boils.
data_item/item_param.dat	186	desc	76	69		Leather colored like a starry sky.\nStroke it for wishes to come true.
data_item/item_param.dat	187	desc	76	63		Spiked, extremely hard leather.\nProof you defeated a dragon.
data_item/item_param.dat	188	desc	76	67		Black alien leather.\nGlossy, with an odd feel.
data_item/item_param.dat	189	desc	76	69		Pure white, beautiful leather.\nIt captivates all who see it.
data_item/item_param.dat	190	desc	76	71		Leather wrapped in a warm light.\nProtected by holy power.
data_item/item_param.dat	191	desc	76	66		Only one piece is taken from each\nof three foreheads. Very rare leather.
data_item/item_param.dat	192	desc	76	69		Leather wrapped in deep darkness.\nNobody knows its true color.
data_item/item_param.dat	193	desc	76	65		Thick, weighty leather.\nIt sometimes shines green.
data_item/item_param.dat	194	desc	76	65		Skin with a terrible stench.\nA home for tiny bugs too.
data_item/item_param.dat	195	desc	76	59		Bluish-white Hydras skin, cold\nas an iceberg.
data_item/item_param.dat	196	desc	76	65		Charged skin from the dorsal fin of\nan angry Electro Dragon.
data_item/item_param.dat	197	desc	76	65		A tail of vivid purple.\nIt holds strange power.
data_item/item_param.dat	198	desc	76	67		A tail blazing like fire.\nWater never puts it out.
data_item/item_param.dat	199	desc	76	73		A tail wrapped in fierce electricity.\nThe current stops only at full moon.
data_item/item_param.dat	200	desc	76	69		A tail that oozes poison bubbles.\nHandle with care.
data_item/item_param.dat	201	desc	76	73		Warm, stretchy cotton.\nIt captivates everything it touches.
data_item/item_param.dat	202	desc	76	69		A very light, supple feather.\nAlso quite good at keeping warm.
data_item/item_param.dat	203	desc	76	69		"A yellow feather of a Chick Samurai.\n""Bushido is found in cheeping."""
data_item/item_param.dat	204	desc	76	59		A feather with a very sharp edge,\npointed like a knife.
data_item/item_param.dat	205	desc	76	71		A feather from a little chick's head.\nYou can feel a samurai spirit.
data_item/item_param.dat	206	desc	76	65		A feather of the legendary firebird.\nEvery 100 years it returns to ashes.
data_item/item_param.dat	207	desc	76	63		A feather red as if dyed in blood.\nBeautiful, but a little eerie.
data_item/item_param.dat	208	desc	76	73		A feather with a faint trace of magic.\nIn the wind it draws strange paths.
data_item/item_param.dat	209	desc	76	61		A white, light angel feather\nthat never gets dirty.
data_item/item_param.dat	210	desc	76	73		A red, sturdy dragon wing.\nBeautiful patterns are carved in it.
data_item/item_param.dat	211	desc	76	71		A jet-black wing that seems to draw\nyou in. Said to call forth the night.
data_item/item_param.dat	212	desc	76	65		A dazzling golden wing.\nGold dust flutters with every flap.
data_item/item_param.dat	213	desc	76	63		A small horn snapped off cruelly.\nThe horn broke; the heart must not.
data_item/item_param.dat	214	desc	76	67		A horn that winds and twists.\nNo two are the same shape.
data_item/item_param.dat	215	desc	76	69		A sinister, curved demon horn.\nYou sense wicked magic in it.
data_item/item_param.dat	216	desc	76	65		A fierce Tiamat horn.\nIt glows an eerie red.
data_item/item_param.dat	217	desc	76	73		Left and right make a heart shape.\nTrendy to carry a pair with your love.
data_item/item_param.dat	218	desc	76	65		A dazzling golden horn.\nIt holds overwhelming power.
data_item/item_param.dat	219	desc	76	69		A short, thick ogre horn.\nSaid to sometimes grow on mothers too.
data_item/item_param.dat	220	desc	76	69		A very large, magnificent horn.\nIt overwhelms all who see it.
data_item/item_param.dat	221	desc	76	59		A small, short fang that\nseems to have been broken.
data_item/item_param.dat	222	desc	76	69		A sharp, pointed fish fang.\nRips through any meat with ease.
data_item/item_param.dat	223	desc	76	63		A long, giant white tusk.\nYou feel the long passing of years.
data_item/item_param.dat	224	desc	76	73		A long fang cold as an icicle.\nNo amount of heat will melt it.
data_item/item_param.dat	225	desc	76	67		A bone crumbled to bits.\nNo telling what bone it was.
data_item/item_param.dat	226	desc	76	69		A very sturdy, thick bone.\nStrong beyond belief for a bone.
data_item/item_param.dat	227	desc	76	71		Bone from a dragon's head.\nStill impressive as a bone.
data_item/item_param.dat	228	desc	76	69		A huge King Lich bone.\nIt's see-through, having no real body.
data_item/item_param.dat	229	desc	76	69		The part of the King Lich's head\nthat lingered, unable to pass on.
data_item/item_param.dat	230	desc	76	67		Deathroki's arm bone. Touching it\nis heart-freezing cold.
data_item/item_param.dat	231	desc	76	59		Deathroki's skull.\nCreepy even as just a head.
data_item/item_param.dat	232	desc	76	65		A very small jawbone.\nIt pricks, so be careful.
data_item/item_param.dat	233	desc	76	65		A very large jawbone.\nJust looking at it is frightening.
data_item/item_param.dat	234	desc	76	63		A sharp fang of a Piranito, which\ncan survive without feeding.
data_item/item_param.dat	235	desc	76	73		A sharp Cerberus fang.\nNo flame leaves even a scorch mark.
data_item/item_param.dat	236	desc	76	69		A big fang of Dark Wonder.\nIt twists into a strange shape.
data_item/item_param.dat	237	desc	76	69		A wicked fang of a Mad Lander.\nSaw-like teeth grow from it.
data_item/item_param.dat	238	desc	76	57		A short, sharp claw.\nBe careful not to get hurt.
data_item/item_param.dat	239	desc	76	69		A claw from a little Rex Baby.\nEven a baby packs a destructive punch.
data_item/item_param.dat	240	desc	76	59		A big, strong claw that supported\nthree heads all its life.
data_item/item_param.dat	241	desc	76	71		A scorching claw dripping magma.\nYou feel the heat even from afar.
data_item/item_param.dat	242	desc	76	67		A claw holding infinite power.\nIt can even slice through space.
data_item/item_param.dat	243	desc	76	67		A claw charged with fierce current.\nIt sparks without end.
data_item/item_param.dat	244	desc	76	67		A huge claw of Daitarn, said\nto support the earth.
data_item/item_param.dat	245	desc	76	67		A big, eerily shining eyeball.\nSaid to show a different world.
data_item/item_param.dat	246	desc	76	61		A small, sharply shining eyeball.\nSaid to see the unseen.
data_item/item_param.dat	247	desc	76	73		An eyeball darkened by doubt.\nIt sees through the world's evil gods.
data_item/item_param.dat	248	desc	76	65		A strange eyeball said to be able\nto see anywhere.
data_item/item_param.dat	249	desc	76	61		A sharp, large drill that\ncan dig up anywhere.
data_item/item_param.dat	250	desc	76	67		A beautiful golden drill.\nGold dust flutters with every turn.
data_item/item_param.dat	251	desc	76	69		A fin crackling with lightning.\nIt pulses like a bolt.
data_item/item_param.dat	252	desc	76	67		One stroke of it is said to dye\nwater and air golden.
data_item/item_param.dat	253	desc	76	63		A small, black bug egg.\nIt wriggles now and then.
data_item/item_param.dat	254	desc	76	71		A round, sturdy bug shell.\nIt has a face-like pattern on it.
data_item/item_param.dat	255	desc	76	51		The young of a very large,\ncool-looking beetle.
data_item/item_param.dat	256	desc	76	59		The young of an amazing beetle\nwith three sharp horns.
data_item/item_param.dat	257	desc	76	57		A servant of Beelzebub.\nIt always buzzes noisily around you.
data_item/item_param.dat	258	desc	76	59		A big claw that can crush rock.\nIt's burning bright red.
data_item/item_param.dat	259	desc	76	55		A thin, long bone sharpened\nlike a needle.
data_item/item_param.dat	260	desc	76	63		A giant venomous thorn that grew on\nBelials's tail.
data_item/item_param.dat	261	desc	76	59		A huge, gleaming golden claw\ntaken from Antares.
data_item/item_param.dat	262	desc	76	69		A hard, sturdy golden carapace that\nfell from Antares's body.
data_item/item_param.dat	263	desc	76	73		A big, gold-shining scale taken from\nthe dragon known as God.
data_item/item_param.dat	264	desc	76	61		A slithering, unidentified,\nunsettling creature.
data_item/item_param.dat	265	desc	76	73		A very creepy, mysterious tentacle.\nIt writhes about, seeking something.
data_item/item_param.dat	266	desc	76	71		A hard, glossy black feeler.\nPut your ear to it and you hear sounds.
data_item/item_param.dat	267	desc	76	69		A tail cut from a demon.\nEven cut, it keeps moving a while.
data_item/item_param.dat	268	desc	76	67		A robe black as darkness.\nIn the sun, it vanishes.
data_item/item_param.dat	269	desc	76	49		A bone of a Skeleton Swordsman,\nlively even after death.
data_item/item_param.dat	270	desc	76	67		A Rex egg with a shell so hard\neven a dragon's step won't crack it.
data_item/item_param.dat	271	desc	76	55		A snug, cozy egg.\nThe egg itself is faintly warm.
data_item/item_param.dat	272	desc	76	65		A Sharkie egg. Good luck is said\nto come to whoever sees it.
data_item/item_param.dat	273	desc	76	61		A Chick Samurai's egg.\nTraining even inside the egg.
data_item/item_param.dat	274	desc	76	63		The one egg a Phoenix is said\nto lay in its whole life.
data_item/item_param.dat	275	desc	76	73		Worthy of the dragon that laid it.\nA huge, imposing egg.
data_item/item_param.dat	276	desc	76	59		An egg of a poison beetle, but the\negg itself isn't poisonous yet.
data_item/item_param.dat	277	desc	76	71		A hard egg of an ancient fish that\nhasn't changed since long ago.
data_item/item_param.dat	278	desc	76	53		A book of amazing contents\nwhose sale was banned.
data_item/item_param.dat	279	desc	76	67		A book recording ancient wisdom.\nVery hard to decipher.
data_item/item_param.dat	280	desc	76	63		A picture book kept secret from\nadults. The children's secret.
data_item/item_param.dat	281	desc	76	71		A secret file on a certain incident.\nReading it solves history's mysteries.
data_item/item_param.dat	282	desc	76	65		A scroll sealed away as dangerous,\nrecording many secret arts.
data_item/item_param.dat	283	desc	76	65		A scroll of top-secret info passed\ndown the Chick clan for generations.
data_item/item_param.dat	284	desc	76	67		A cool crest showing a raging\nlion in the center.
data_item/item_param.dat	285	desc	76	69		A white, shining emblem of light.\nWear it to brighten your surroundings.
data_item/item_param.dat	286	desc	76	61		A black, shining emblem of darkness.\nWear it to hide in the dark.
data_item/item_param.dat	287	desc	76	67		A stone tablet covered in green moss.\nStrange letters are written on it.
data_item/item_param.dat	288	desc	76	67		A face drawn with symbols.\nIt conveys a little feeling, too.
data_item/item_param.dat	289	desc	76	69		A video that captivates viewers.\nIts creator is praised as a god.
data_item/item_param.dat	290	desc	76	59		A string of numbers and symbols,\nunexpected characters in a row.
data_item/item_param.dat	291	desc	76	59		Art drawn with letters and symbols.\nA masterpiece of the net world.
data_item/item_param.dat	292	desc	76	71		A wonderful comment that swells\nfun from the smallest things.
data_item/item_param.dat	293	desc	76	69		A mysterious code written 'Orz'.\nIt feels strangely regrettable.
data_item/item_param.dat	294	desc	76	67		A password for access.\nForget it and you can't do anything.
data_item/item_param.dat	295	desc	76	69		Top-secret info so important it\ncould sway humanity's future.
data_item/item_param.dat	296	desc	76	69		A memo with a mysterious password.\nSomething amazing is said to happen.
data_item/item_param.dat	297	desc	76	63		A card held by a devil in hell.\nSaid to reveal a person's lifespan.
data_item/item_param.dat	298	desc	76	67		Cards with tricks up their sleeves.\nThey sometimes fight as soldiers.
data_item/item_param.dat	299	desc	76	53		A memo with everything about\nthe mysteries of the universe.
data_item/item_param.dat	300	desc	76	63		A photo of a pretty white harbor\nunder a blue sea and sky.
data_item/item_param.dat	301	desc	76	71		A contract with a devil of another\nworld. Breaking the vow is forbidden.
data_item/item_param.dat	302	desc	76	59		A magic vial that holds even\nlarge amounts in a small space.
data_item/item_param.dat	303	desc	76	57		Magic milk that stays delicious and\nfresh forever.
data_item/item_param.dat	304	desc	76	73		Butter with a distinct richness.\nAll the famous chefs use it.
data_item/item_param.dat	305	desc	76	71		Pure white, fluffy fresh cream.\nElegant sweetness and richness.
data_item/item_param.dat	306	desc	76	63		Bitter-flavored cocoa powder.\nIt carries a grown-up mood.
data_item/item_param.dat	307	desc	76	73		An ingredient for making candy.\nIt changes color depending on mixing.
data_item/item_param.dat	308	desc	76	73		Said to be the best honey.\nIndispensable in luxury sweets.
data_item/item_param.dat	309	desc	76	69		A super sweet syrup. Eat it and\nyou can have sweet dreams.
data_item/item_param.dat	310	desc	76	71		A seasoning made from soybeans.\nGoes with all kinds of dishes.
data_item/item_param.dat	311	desc	76	69		Carefully aged miso.\nAdds depth to any dish.
data_item/item_param.dat	312	desc	76	69		A sauce that goes well with salad.\nSometimes loved as a side dish.
data_item/item_param.dat	313	desc	76	67		A sauce made from tomatoes.\nGoes great with bread and meat.
data_item/item_param.dat	314	desc	76	69		Oil made from plants.\nHeat changes its aroma.
data_item/item_param.dat	315	desc	76	63		A wonderful sauce, rich yet\nnot cloying.
data_item/item_param.dat	316	desc	76	71		The ultimate sauce, made with fine\ningredients and time.
data_item/item_param.dat	317	desc	76	63		A suspicious liquid for research,\ntaken from a Proto Rex.
data_item/item_param.dat	318	desc	76	71		A light-blue, jelly-like liquid.\nIt has a suspicious air.
data_item/item_param.dat	319	desc	76	71		A strongly acidic liquid.\nIt easily dissolves even gold.
data_item/item_param.dat	320	desc	76	65		A liquid metal like oil.\nIt moves as if alive.
data_item/item_param.dat	321	desc	76	67		A dreadful poison that slowly\nkills even large beasts.
data_item/item_param.dat	322	desc	76	65		A strange oil that reverses the\nmovements of what it's used on.
data_item/item_param.dat	323	desc	76	57		Red dragon blood in which strong\nmagic dwells.
data_item/item_param.dat	324	desc	76	51		A silvery coin with\na serrated edge.
data_item/item_param.dat	325	desc	76	65		A heart that brings good luck.\nHolding it makes you feel lucky.
data_item/item_param.dat	326	desc	76	69		A lump of heart so happy it blows\naway a gloomy mood.
data_item/item_param.dat	327	desc	76	59		A heart crystallized from\npure affection.
data_item/item_param.dat	328	desc	76	59		The heart of a Toxic Minnow.\nIt breaks down any poison.
data_item/item_param.dat	329	desc	76	71		The upright life of a Swordmaster,\ngiven form as a soul.
data_item/item_param.dat	330	desc	76	69		A heart white as an angel's.\nIt cleanses its owner's heart.
data_item/item_param.dat	331	desc	76	65		A cursed lump of heart that\nenvies everything.
data_item/item_param.dat	332	desc	76	71		A wicked heart of Beelzebub.\nIt gives off an ominous aura.
data_item/item_param.dat	333	desc	76	65		A bittersweet crystal of the heart,\nsometimes wistful, sometimes fierce.
data_item/item_param.dat	334	desc	76	61		A crystal formed of an upright heart\nthat serves with loyalty.
data_item/item_param.dat	335	desc	76	65		The proud soul of a knight who\nlived an honorable life.
data_item/item_param.dat	336	desc	76	63		The soul of a strong samurai who\nfollowed the path of battle and death.
data_item/item_param.dat	337	desc	76	63		The soul of a man among men.\nStraight and beautiful.
data_item/item_param.dat	338	desc	76	59		A deep scratch on the heart made\nby loving too much.
data_item/item_param.dat	339	desc	76	69		A game that was missing something.\nPlaying it is sad.
data_item/item_param.dat	340	desc	76	71		A wonderful game that lets you feel\nthe joy of bliss.
data_item/item_param.dat	341	desc	76	63		A strange game that ignites your heart.\nAppeals to a wide range of tastes.
data_item/item_param.dat	342	desc	76	57		A poster with a charming woman\ndrawn large.
data_item/item_param.dat	343	desc	76	63		A breath filled with strong wishes.\nIt blows away any dust.
data_item/item_param.dat	344	desc	76	69		Soil from the summit of Asozan.\nVery satisfying.
data_item/item_param.dat	345	desc	76	67		Soil from the summit of Fujiyama.\nQuite an accomplishment.
data_item/item_param.dat	346	desc	76	63		Fluffy snow lighter than a feather.\nPutting it in your mouth is paradise.
data_item/item_param.dat	347	desc	76	53		Mysterious snow that hasn't melted\nin ten thousand years.
data_item/item_param.dat	348	desc	76	73		The hair of those called samurai.\nTheir way of life is bound up in it.
data_item/item_param.dat	349	desc	76	67		A wig in a soulful style.\nAll life becomes brothers.
data_item/item_param.dat	350	desc	76	63		A small whisker from a Tiny King.\nYou won't notice it unless you look.
data_item/item_param.dat	351	desc	76	59		Pants worn by a Little Ogre.\nThey don't tear in five years.
data_item/item_param.dat	352	desc	76	71		Cute panties with a heart pattern.\nA ribbon adds a single accent.
data_item/item_param.dat	353	desc	76	73		An outrageously big iron.\nIt can press lots of clothes at once.
data_item/item_param.dat	354	desc	76	73		A toothbrush used by ancient people.\nCollected as an antique.
data_item/item_param.dat	355	desc	76	65		You could call it a machine's heart.\nAn important engine that moves it all.
data_item/item_param.dat	356	desc	76	71		A nozzle for controlling movement.\nIt emits thousands of degrees of heat.
data_item/item_param.dat	357	desc	76	71		A weapon kept secret all this time.\nIt has never been used.
data_item/item_param.dat	358	desc	76	63		An electronic board for control,\nused in all sorts of machines.
data_item/item_param.dat	359	desc	76	69		A dream computer that achieved the\nultimate calculation speed.
data_item/item_param.dat	360	desc	76	63		An amazing computer that gives form\nto astonishing processing speed.
data_item/item_param.dat	361	desc	76	61		A miracle memory unit you can't use up\nno matter how much you use.
data_item/item_param.dat	362	desc	76	47		A single glimmer born in the\nworld of electronics.
data_item/item_param.dat	363	desc	76	71		A tiny machine gear.\nIts shape changes with its use.
data_item/item_param.dat	364	desc	76	73		A strange gear driven by magic.\nOften used in magic weapons.
data_item/item_param.dat	365	desc	76	65		A gear so eerily shaped it\ndoesn't seem of this world.
data_item/item_param.dat	366	desc	76	69		A clock hand sealing the time when\nthe world began.
data_item/item_param.dat	367	desc	76	65		A motor driven by magic.\nIt can move even huge things.
data_item/item_param.dat	368	desc	76	59		A very rare magnet.\nIt is made of only the S pole.
data_item/item_param.dat	369	desc	76	59		A very rare magnet.\nIt is made of only the N pole.
data_item/item_param.dat	370	desc	76	67		A knife made of pure gold.\nUsing it makes you feel lavish.
data_item/item_param.dat	371	desc	76	65		A fork made of silver.\nIt has pretty craftsmanship.
data_item/item_param.dat	372	desc	76	57		A huge cannon boasting\nterrible power.
data_item/item_param.dat	373	desc	76	63		A cannon of tremendous power.\nIt blows everything away.
data_item/item_param.dat	374	desc	76	73		A white flag with a red circle.\nSomehow you want to stand it on rice.
data_item/item_param.dat	375	desc	76	71		A flag given to the very best.\nReceiving it makes you feel proud.
data_item/item_param.dat	376	desc	76	67		A bugle so loud it wakes even the\ndeepest sleeper in one blast.
data_item/item_param.dat	377	desc	76	57		A very pleasant melody that livens\nup a banquet.
data_item/item_param.dat	378	desc	76	61		A mirror made of bronze.\nYou sense faint magic in it.
data_item/item_param.dat	379	desc	76	57		A magic wand given to the elite\nof the Mooton clan.
data_item/item_param.dat	380	desc	76	65		A legendary magic ladle that makes\nany dish taste amazing.
data_item/item_param.dat	381	desc	76	57		A staff filled with wicked thoughts.\nHolding it stirs up your anger.
data_item/item_param.dat	382	desc	76	65		A tattered, rusted sickle.\nIt's dull and can't cut anything.
data_item/item_param.dat	383	desc	76	65		A black ring said to make you\nmeld with darkness when worn.
data_item/item_param.dat	384	desc	76	73		A flame burning at the bottom of hell.\nSaid to burn all it touches.
data_item/item_param.dat	385	desc	76	69		The mold needed to make miso.\nThe secret to deliciousness is here.
data_item/item_param.dat	386	desc	76	51		A yellow object with a very\nfragrant scent.
data_item/item_param.dat	387	desc	76	65		Trash often caught while fishing.\nBoast that you cleaned the sea.
data_item/item_param.dat	388	desc	76	69		A can in very vivid colors.\nFaint music can be heard from it.
data_item/item_param.dat	389	desc	76	59		A mural with mysterious letters and\nhieroglyphs drawn large.
data_item/item_param.dat	390	desc	76	57		Part of a broken raft.\nToo battered to ride anymore.
data_item/item_param.dat	391	desc	76	57		A coin made of solid gold,\nthousands of years old.
data_item/item_param.dat	392	desc	76	63		A mast in beautiful colors.\nMoves a ship even without wind.
data_item/item_param.dat	393	desc	76	37		A jet-black cape given to you\nby Yakutanon.
data_item/item_param.dat	394	desc	76	55		A kit for building robots.\nCustomize it freely.
data_item/item_param.dat	395	desc	76	67		A kit for building magic weapons.\nAssembly takes a bit of a knack.
data_item/item_param.dat	396	desc	76	65		A fake beard perfect for a king.\nWear it and you gain dignity.
data_item/item_param.dat	397	desc	76	47		A handy ticket that makes you\nsmile when you receive it.
data_item/item_param.dat	398	desc	76	57		A sheet for a super joy\none rank higher.
data_item/item_param.dat	399	desc	76	53		An amazing card that lets you make\nthings of hyper power.
data_item/item_param.dat	400	desc	76	59		An ultra-class gift essential\nfor luxury equipment.
data_item/item_param.dat	401	desc	76	57		A miraculous smile memory that lets\nyou make miracle equipment.
data_item/item_param.dat	402	desc	76	61		A ticket given as a reward to\nthose who solved a secret.
data_item/item_param.dat	403	desc	76	63		A ticket proving you played together\nwith a close buddy.
data_item/item_param.dat	404	desc	76	65		A ticket of the memory of winning\nby teaming up with a friend.
data_item/item_param.dat	405	desc	76	65		A ticket of the memory of striving\ntogether with skilled allies.
data_item/item_param.dat	406	desc	76	63		Proof of your strength.\nBut the fighting still goes on.
data_item/item_param.dat	407	desc	76	65		Proof you challenged battle again\nand proved your strength.
data_item/item_param.dat	408	desc	76	69		Proof given to one who fought\nto reach greater heights.
data_item/item_param.dat	409	desc	76	71		Proof given to a seeker who won't\nbe satisfied with current strength.
data_item/item_param.dat	410	desc	76	67		Proof praising the courage of one\nwho kept obsessing over strength.
data_item/item_param.dat	411	desc	76	65		Proof of one who chases their own\nlimits and keeps fighting.
data_item/item_param.dat	412	desc	76	65		Proof of one who hones technique and\ntempers the heart, ever challenging.
data_item/item_param.dat	413	desc	76	59		Proof of one who fought and won\nagainst many powerful enemies.
data_item/item_param.dat	414	desc	76	69		Proof given to an adventurer who kept\nchallenging the limits of strength.
data_item/item_param.dat	415	desc	76	69		Proof given to a true hero who\novercame every battle.
data_item/item_param.dat	416	desc	76	65		A legendary scroll granted to those\nwho protected the treasure.
data_item/item_param.dat	417	desc	76	67		Proof praising the courage of\nchallenging a quest together.
data_item/item_param.dat	418	desc	76	67		A noble, beautiful rose letter\nimbued with mysterious magic.
data_item/item_param.dat	419	desc	76	57		A shining, mysterious treasure.\nIt sparkles brightly.
data_item/item_param.dat	420	desc	76	51		A lumpy stone wrapped in\nmysterious tentacles.
data_item/item_param.dat	421	desc	76	71		A lumpy, mirror-like stone.\nIt has lost its strong shine.
data_item/item_param.dat	422	desc	76	45		A mirror-like stone,\nbeautifully cut.
data_item/item_param.dat	423	desc	76	51		A mirror-like stone fitted\nwith a reflector.
data_item/item_param.dat	424	desc	76	65		A power stone full of energy that\nreflects all magic.
data_item/item_param.dat	425	desc	76	49		A cute floral-print bra\nfrom a luxury brand.
data_item/item_param.dat	426	desc	76	65		A very elegant toothbrush\nthat suits a beautiful lady.
data_item/item_param.dat	427	desc	76	57		Black underwear with a belt.\nFull of grown-up allure.
data_item/item_param.dat	428	desc	76	63		Bright red underwear for that special\nmoment. Very sheer.
data_item/item_param.dat	429	desc	76	59		A wild leopard-print camisole.\nIt has a very untamed feel.
data_item/item_param.dat	430	desc	76	61		A shining ticket with an\norange letter V engraved.
data_item/item_param.dat	431	desc	76	61		A shining ticket with a\nsilver letter V engraved.
data_item/item_param.dat	432	desc	76	57		A silver ticket packed with\ndreams and adventure.
data_item/item_param.dat	433	desc	76	57		A gold ticket packed with\ndreams and adventure.
data_item/item_param.dat	434	desc	76	51		A sparkling box with\na big ribbon.
data_item/item_param.dat	435	desc	76	51		A magic red robe that Santa\nwraps himself in.
data_item/item_param.dat	436	desc	76	63		A black and orange card that\nexpands the fun of the game.
data_item/item_param.dat	437	desc	76	57		A magic ribbon that swells dreams.\nIt shines in rainbow colors.
data_item/item_param.dat	438	desc	76	63		A drink that restores life.\nFaintly sweet and easy to drink.
data_item/item_param.dat	439	desc	76	63		A drink that restores life.\nFaintly sweet and easy to drink.
data_item/item_param.dat	440	desc	76	63		A drink that restores life.\nFaintly sweet and easy to drink.
data_item/item_param.dat	441	desc	76	63		A drink that restores life.\nFaintly sweet and easy to drink.
data_item/item_param.dat	442	desc	76	63		A drink that restores life.\nFaintly sweet and easy to drink.
data_item/item_param.dat	443	desc	76	63		A drink that restores life.\nFaintly sweet and easy to drink.
data_item/item_param.dat	444	desc	76	63		A drink that restores life.\nFaintly sweet and easy to drink.
data_item/item_param.dat	445	desc	76	63		A drink that restores life.\nFaintly sweet and easy to drink.
data_item/item_param.dat	446	desc	76	63		A drink that restores life.\nFaintly sweet and easy to drink.
data_item/item_param.dat	447	desc	76	63		A drink that restores life.\nFaintly sweet and easy to drink.
data_item/item_param.dat	448	desc	76	63		A drink that restores life.\nFaintly sweet and easy to drink.
data_item/item_param.dat	449	desc	76	63		A drink that restores life.\nFaintly sweet and easy to drink.
data_item/item_param.dat	450	desc	76	63		A drink that restores life.\nFaintly sweet and easy to drink.
data_item/item_param.dat	451	desc	76	63		A drink that restores life.\nFaintly sweet and easy to drink.
data_item/item_param.dat	452	desc	76	63		A drink that restores life.\nFaintly sweet and easy to drink.
data_item/item_param.dat	453	desc	76	63		A drink that restores life.\nFaintly sweet and easy to drink.
data_item/item_param.dat	454	desc	76	63		A drink that restores life.\nFaintly sweet and easy to drink.
data_item/item_param.dat	455	desc	76	63		A drink that restores life.\nFaintly sweet and easy to drink.
data_item/item_param.dat	456	desc	76	63		A drink that restores life.\nFaintly sweet and easy to drink.
data_item/item_param.dat	457	desc	76	63		A drink that restores life.\nFaintly sweet and easy to drink.
data_item/item_param.dat	458	desc	76	63		A drink that restores life.\nFaintly sweet and easy to drink.
data_item/item_param.dat	459	desc	76	63		A drink that restores life.\nFaintly sweet and easy to drink.
data_item/item_param.dat	460	desc	76	63		A drink that restores life.\nFaintly sweet and easy to drink.
data_item/item_param.dat	461	desc	76	63		A drink that restores life.\nFaintly sweet and easy to drink.
data_item/item_param.dat	462	desc	76	63		A drink that restores life.\nFaintly sweet and easy to drink.
data_item/item_param.dat	463	desc	76	63		A drink that restores life.\nFaintly sweet and easy to drink.
data_item/item_param.dat	464	desc	76	63		A drink that restores life.\nFaintly sweet and easy to drink.
data_item/item_param.dat	465	desc	76	63		A drink that restores life.\nFaintly sweet and easy to drink.
data_item/item_param.dat	466	desc	76	63		A drink that restores life.\nFaintly sweet and easy to drink.
data_item/item_param.dat	467	desc	76	63		A drink that restores life.\nFaintly sweet and easy to drink.
data_item/item_param.dat	468	desc	76	63		A drink that restores life.\nFaintly sweet and easy to drink.
data_item/item_param.dat	469	desc	76	63		A drink that restores life.\nFaintly sweet and easy to drink.
data_item/item_param.dat	470	desc	76	63		A drink that restores life.\nFaintly sweet and easy to drink.
data_item/item_param.dat	471	desc	76	63		A drink that restores life.\nFaintly sweet and easy to drink.
data_item/item_param.dat	472	desc	76	63		A drink that restores life.\nFaintly sweet and easy to drink.
data_item/item_param.dat	473	desc	76	63		A drink that restores life.\nFaintly sweet and easy to drink.
data_item/item_param.dat	474	desc	76	63		A drink that restores life.\nFaintly sweet and easy to drink.
data_item/item_param.dat	475	desc	76	63		A drink that restores life.\nFaintly sweet and easy to drink.
data_item/item_param.dat	476	desc	76	63		A drink that restores life.\nFaintly sweet and easy to drink.
data_item/item_param.dat	477	desc	76	63		A drink that restores life.\nFaintly sweet and easy to drink.
data_item/item_param.dat	478	desc	76	63		A drink that restores life.\nFaintly sweet and easy to drink.
data_item/item_param.dat	479	desc	76	63		A drink that restores life.\nFaintly sweet and easy to drink.
data_item/item_param.dat	480	desc	76	63		A drink that restores life.\nFaintly sweet and easy to drink.
data_item/item_param.dat	481	desc	76	63		A drink that restores life.\nFaintly sweet and easy to drink.
data_item/item_param.dat	482	desc	76	63		A drink that restores life.\nFaintly sweet and easy to drink.
data_item/item_param.dat	483	desc	76	63		A drink that restores life.\nFaintly sweet and easy to drink.
data_item/item_param.dat	484	desc	76	63		A drink that restores life.\nFaintly sweet and easy to drink.
data_item/item_param.dat	485	desc	76	63		A drink that restores life.\nFaintly sweet and easy to drink.
data_item/item_param.dat	486	desc	76	63		A drink that restores life.\nFaintly sweet and easy to drink.
data_item/item_param.dat	487	desc	76	63		A drink that restores life.\nFaintly sweet and easy to drink.
data_item/item_param.dat	488	desc	76	63		A drink that restores life.\nFaintly sweet and easy to drink.
data_item/item_param.dat	489	desc	76	63		A drink that restores life.\nFaintly sweet and easy to drink.
data_item/item_param.dat	490	desc	76	63		A drink that restores life.\nFaintly sweet and easy to drink.
data_item/item_param.dat	491	desc	76	63		A drink that restores life.\nFaintly sweet and easy to drink.
data_item/item_param.dat	492	desc	76	63		A drink that restores life.\nFaintly sweet and easy to drink.
data_item/item_param.dat	493	desc	76	63		A drink that restores life.\nFaintly sweet and easy to drink.
data_item/item_param.dat	494	desc	76	63		A drink that restores life.\nFaintly sweet and easy to drink.
data_item/item_param.dat	495	desc	76	63		A drink that restores life.\nFaintly sweet and easy to drink.
data_item/item_param.dat	496	desc	76	63		A drink that restores life.\nFaintly sweet and easy to drink.
data_item/item_param.dat	497	desc	76	63		A drink that restores life.\nFaintly sweet and easy to drink.
data_item/item_param.dat	498	desc	76	63		A drink that restores life.\nFaintly sweet and easy to drink.
data_item/item_param.dat	499	desc	76	63		A drink that restores life.\nFaintly sweet and easy to drink.
data_item/item_param.dat	500	desc	76	63		A drink that restores life.\nFaintly sweet and easy to drink.
data_item/item_param.dat	501	desc	76	63		A drink that restores life.\nFaintly sweet and easy to drink.
data_item/item_param.dat	502	desc	76	63		A drink that restores life.\nFaintly sweet and easy to drink.
data_item/item_param.dat	503	desc	76	63		A drink that restores life.\nFaintly sweet and easy to drink.
data_item/item_param.dat	504	desc	76	63		A drink that restores life.\nFaintly sweet and easy to drink.
data_item/item_param.dat	505	desc	76	63		A drink that restores life.\nFaintly sweet and easy to drink.
data_item/item_param.dat	506	desc	76	63		A drink that restores life.\nFaintly sweet and easy to drink.
data_item/item_param.dat	507	desc	76	63		A drink that restores life.\nFaintly sweet and easy to drink.
data_item/item_param.dat	508	desc	76	63		A drink that restores life.\nFaintly sweet and easy to drink.
data_item/item_param.dat	509	desc	76	63		A drink that restores life.\nFaintly sweet and easy to drink.
data_item/item_param.dat	510	desc	76	63		A drink that restores life.\nFaintly sweet and easy to drink.
data_item/item_param.dat	511	desc	76	63		A drink that restores life.\nFaintly sweet and easy to drink.
data_item/equip_param.dat	0	name	16	14		Fruit Knife
data_item/equip_param.dat	1	name	16	14		Iron Knife
data_item/equip_param.dat	2	name	16	16		Featherweight
data_item/equip_param.dat	3	name	16	14		Horn Blade
data_item/equip_param.dat	4	name	16	14		Bone Edge
data_item/equip_param.dat	5	name	16	12		Magma Sword
data_item/equip_param.dat	6	name	16	14		Magma Saber
data_item/equip_param.dat	7	name	16	10		Flamberg
data_item/equip_param.dat	8	name	16	14		Flamberge
data_item/equip_param.dat	9	name	16	8		Ripple
data_item/equip_param.dat	10	name	16	6		Katana
data_item/equip_param.dat	11	name	16	8		Odachi
data_item/equip_param.dat	12	name	16	6		Kotetsu
data_item/equip_param.dat	13	name	16	8		Zantetsu
data_item/equip_param.dat	14	name	16	14		Silver Knife
data_item/equip_param.dat	15	name	16	12		Rio Grande
data_item/equip_param.dat	16	name	16	14		One Love Edge
data_item/equip_param.dat	17	name	16	14		Silver Moon
data_item/equip_param.dat	18	name	16	12		Light Moon
data_item/equip_param.dat	19	name	16	14		Black Moon
data_item/equip_param.dat	20	name	16	12		Dark Moon
data_item/equip_param.dat	21	name	16	14		Clock Sword
data_item/equip_param.dat	22	name	16	14		Time Blade
data_item/equip_param.dat	23	name	16	16		Time of Chaos
data_item/equip_param.dat	24	name	16	14		Platinum Knife
data_item/equip_param.dat	25	name	16	16		Platinum Edge
data_item/equip_param.dat	26	name	16	14		Poison Edge
data_item/equip_param.dat	27	name	16	12		Venom Edge
data_item/equip_param.dat	28	name	16	16		Cold Edge
data_item/equip_param.dat	29	name	16	16		Cold Blade
data_item/equip_param.dat	30	name	16	12		Ice Sword
data_item/equip_param.dat	31	name	16	14		Ice Blade
data_item/equip_param.dat	32	name	16	16		Rising Cut
data_item/equip_param.dat	33	name	16	16		Rising Sword
data_item/equip_param.dat	34	name	16	14		Sweetheart Blade
data_item/equip_param.dat	35	name	16	12		Love Katar
data_item/equip_param.dat	36	name	16	14		Sound Sword
data_item/equip_param.dat	37	name	16	14		Note Blade
data_item/equip_param.dat	38	name	16	16		Merry Sound
data_item/equip_param.dat	39	name	16	16		Serene Sound
data_item/equip_param.dat	40	name	16	14		Hot Sound
data_item/equip_param.dat	41	name	16	14		Mithril Knife
data_item/equip_param.dat	42	name	16	16		Mithril Saber
data_item/equip_param.dat	43	name	16	16		Gold Saber
data_item/equip_param.dat	44	name	16	16		Gold Blade
data_item/equip_param.dat	45	name	16	14		Elder Sword
data_item/equip_param.dat	46	name	16	16		Elder Blade
data_item/equip_param.dat	47	name	16	16		Elder Edge
data_item/equip_param.dat	48	name	16	14		Daitarn Sword
data_item/equip_param.dat	49	name	16	16		Daitarn Blade
data_item/equip_param.dat	50	name	16	14		Snake Knife
data_item/equip_param.dat	51	name	16	14		Snake Touch
data_item/equip_param.dat	52	name	16	14		Snake Kiss
data_item/equip_param.dat	53	name	16	12		Black Knife
data_item/equip_param.dat	54	name	16	8		Dusk
data_item/equip_param.dat	55	name	16	14		Royal Sword
data_item/equip_param.dat	56	name	16	16		Royal Blade
data_item/equip_param.dat	57	name	16	14		Dark Blade
data_item/equip_param.dat	58	name	16	16		Shadow Blade
data_item/equip_param.dat	59	name	16	12		Rift Blade A
data_item/equip_param.dat	60	name	16	12		Rift Blade B
data_item/equip_param.dat	61	name	16	12		Rift Blade C
data_item/equip_param.dat	62	name	16	12		Red Moon
data_item/equip_param.dat	63	name	16	12		Blood Gear
data_item/equip_param.dat	64	name	16	14		Slash Gear
data_item/equip_param.dat	65	name	16	12		Death Clock
data_item/equip_param.dat	66	name	16	12		Hell Clock
data_item/equip_param.dat	67	name	16	16		Clock Master
data_item/equip_param.dat	68	name	16	14		Earth Blade
data_item/equip_param.dat	69	name	16	12		Heaven Blade
data_item/equip_param.dat	70	name	16	16		Sword of Babel
data_item/equip_param.dat	71	name	16	8		Hinoyagi
data_item/equip_param.dat	72	name	16	12		Hinokakabiko
data_item/equip_param.dat	73	name	16	12		Hinokagutsuchi
data_item/equip_param.dat	74	name	16	16		Asura Kodachi
data_item/equip_param.dat	75	name	16	14		Musashi Blade
data_item/equip_param.dat	76	name	16	16		Muramasa
data_item/equip_param.dat	77	name	16	16		Muramasa Blade
data_item/equip_param.dat	78	name	16	8		Bokken
data_item/equip_param.dat	79	name	16	16		Super Bokken
data_item/equip_param.dat	80	name	16	16		Hyper Bokken
data_item/equip_param.dat	81	name	16	14		Magical Sword
data_item/equip_param.dat	82	name	16	14		Happy Sword
data_item/equip_param.dat	83	name	16	14		Lucky Sword
data_item/equip_param.dat	84	name	16	14		Beam Cutter
data_item/equip_param.dat	85	name	16	12		Beam Sword
data_item/equip_param.dat	86	name	16	14		Beam Saber
data_item/equip_param.dat	87	name	16	14		SWD-001
data_item/equip_param.dat	88	name	16	14		SWD-002
data_item/equip_param.dat	89	name	16	16		SWD-002B
data_item/equip_param.dat	90	name	16	12		Evil Knife
data_item/equip_param.dat	91	name	16	12		Evil Sword
data_item/equip_param.dat	92	name	16	12		Devil Sword
data_item/equip_param.dat	93	name	16	14		Devil Saber
data_item/equip_param.dat	94	name	16	14		Demon Knife
data_item/equip_param.dat	95	name	16	14		Demon Sword
data_item/equip_param.dat	96	name	16	12		Hell Blade
data_item/equip_param.dat	97	name	16	14		Hellbringer
data_item/equip_param.dat	98	name	16	8		V Sword
data_item/equip_param.dat	99	name	16	12		V Sword SP
data_item/equip_param.dat	100	name	16	14		Fir Sword
data_item/equip_param.dat	101	name	16	14		Wood Stick
data_item/equip_param.dat	102	name	16	14		Leaf Stick
data_item/equip_param.dat	103	name	16	12		Leaf Rod
data_item/equip_param.dat	104	name	16	14		Leafy Rod
data_item/equip_param.dat	105	name	16	14		Woolly Rod
data_item/equip_param.dat	106	name	16	14		Fluffy Rod
data_item/equip_param.dat	107	name	16	14		Sleepy Rod
data_item/equip_param.dat	108	name	16	14		Slumber Rod
data_item/equip_param.dat	109	name	16	14		Iron Stick
data_item/equip_param.dat	110	name	16	14		Iron Rod
data_item/equip_param.dat	111	name	16	12		Magic Gear
data_item/equip_param.dat	112	name	16	14		Great Cannon Rod
data_item/equip_param.dat	113	name	16	14		Cannon Rod
data_item/equip_param.dat	114	name	16	10		Magic Gun
data_item/equip_param.dat	115	name	16	14		Magic Cannon
data_item/equip_param.dat	116	name	16	14		Peace Stick
data_item/equip_param.dat	117	name	16	12		Peace Rod
data_item/equip_param.dat	118	name	16	14		Lovely Rod
data_item/equip_param.dat	119	name	16	16		Love and Peace
data_item/equip_param.dat	120	name	16	14		Jewel Rod
data_item/equip_param.dat	121	name	16	14		Amethyst Rod
data_item/equip_param.dat	122	name	16	14		Cosmo Stick
data_item/equip_param.dat	123	name	16	12		Cosmo Rod
data_item/equip_param.dat	124	name	16	16		Candy Rod
data_item/equip_param.dat	125	name	16	16		Candy Pop
data_item/equip_param.dat	126	name	16	16		Chocolat Dream
data_item/equip_param.dat	127	name	16	16		Chocolat Magic
data_item/equip_param.dat	128	name	16	16		Platinum Stick
data_item/equip_param.dat	129	name	16	14		Platinum Rod
data_item/equip_param.dat	130	name	16	16		Mind Stick
data_item/equip_param.dat	131	name	16	14		Mind Rod
data_item/equip_param.dat	132	name	16	14		Big Cannon
data_item/equip_param.dat	133	name	16	16		Hyper Cannon
data_item/equip_param.dat	134	name	16	16		Dragon Fire
data_item/equip_param.dat	135	name	16	14		Dragon Breath
data_item/equip_param.dat	136	name	16	14		Afro Stick
data_item/equip_param.dat	137	name	16	10		Afro Rod
data_item/equip_param.dat	138	name	16	12		God Afro
data_item/equip_param.dat	139	name	16	16		Autumn Stick
data_item/equip_param.dat	140	name	16	14		Autumn Rod
data_item/equip_param.dat	141	name	16	16		Yggdra Stick
data_item/equip_param.dat	142	name	16	10		Heaven Staff
data_item/equip_param.dat	143	name	16	16		Trident Fork
data_item/equip_param.dat	144	name	16	14		Trident Spear
data_item/equip_param.dat	145	name	16	16		Blood Fork
data_item/equip_param.dat	146	name	16	14		Blood Lance
data_item/equip_param.dat	147	name	16	14		Blood Spear
data_item/equip_param.dat	148	name	16	16		Candy Soda
data_item/equip_param.dat	149	name	16	14		Fruit Soda
data_item/equip_param.dat	150	name	16	16		Special Soda
data_item/equip_param.dat	151	name	16	14		Gold Horn
data_item/equip_param.dat	152	name	16	14		Platinum Horn
data_item/equip_param.dat	153	name	16	14		Royal Horn
data_item/equip_param.dat	154	name	16	14		Miracle Horn
data_item/equip_param.dat	155	name	16	14		Emerald Rod
data_item/equip_param.dat	156	name	16	14		Evergreen
data_item/equip_param.dat	157	name	16	14		Royal Rose
data_item/equip_param.dat	158	name	16	12		Scarlet
data_item/equip_param.dat	159	name	16	10		Crimson
data_item/equip_param.dat	160	name	16	14		Magenta Heart
data_item/equip_param.dat	161	name	16	14		Purple Soul
data_item/equip_param.dat	162	name	16	12		Dark Heart
data_item/equip_param.dat	163	name	16	14		Shadow Heart
data_item/equip_param.dat	164	name	16	12		Dark Soul
data_item/equip_param.dat	165	name	16	12		White Horn
data_item/equip_param.dat	166	name	16	14		Angel Horn
data_item/equip_param.dat	167	name	16	14		Divine Horn
data_item/equip_param.dat	168	name	16	14		Thunder Rod
data_item/equip_param.dat	169	name	16	14		Lightning Rod
data_item/equip_param.dat	170	name	16	12		Zeus Staff
data_item/equip_param.dat	171	name	16	14		Heaven Spear
data_item/equip_param.dat	172	name	16	16		Odin Spear
data_item/equip_param.dat	173	name	16	16		Odin Lance
data_item/equip_param.dat	174	name	16	10		Gungnir
data_item/equip_param.dat	175	name	16	16		Melon Flavor
data_item/equip_param.dat	176	name	16	16		Fruit Mix
data_item/equip_param.dat	177	name	16	16		Charm Mix
data_item/equip_param.dat	178	name	16	14		Magical Horn
data_item/equip_param.dat	179	name	16	14		Happy Horn
data_item/equip_param.dat	180	name	16	14		Lucky Horn
data_item/equip_param.dat	181	name	16	16		Photon Stick
data_item/equip_param.dat	182	name	16	14		Photon Rod
data_item/equip_param.dat	183	name	16	16		Plasma Shot
data_item/equip_param.dat	184	name	16	14		ROD-001
data_item/equip_param.dat	185	name	16	14		ROD-002
data_item/equip_param.dat	186	name	16	16		ROD-002B
data_item/equip_param.dat	187	name	16	16		Doom Stick
data_item/equip_param.dat	188	name	16	14		Doom Rod
data_item/equip_param.dat	189	name	16	14		Devil Stick
data_item/equip_param.dat	190	name	16	12		Devil Rod
data_item/equip_param.dat	191	name	16	16		Demon Stick
data_item/equip_param.dat	192	name	16	14		Demon Rod
data_item/equip_param.dat	193	name	16	12		Hell Horn
data_item/equip_param.dat	194	name	16	12		Hell Staff
data_item/equip_param.dat	195	name	16	8		V Rod
data_item/equip_param.dat	196	name	16	12		V Rod SP
data_item/equip_param.dat	197	name	16	14		Reindeer Staff
data_item/equip_param.dat	198	name	16	14		Light Hammer
data_item/equip_param.dat	199	name	16	12		Heavy Mace
data_item/equip_param.dat	200	name	16	14		Gold Mace
data_item/equip_param.dat	201	name	16	14		Fly Hammer
data_item/equip_param.dat	202	name	16	12		Mosquiton
data_item/equip_param.dat	203	name	16	16		Big Sting
data_item/equip_param.dat	204	name	16	12		Queen Bee
data_item/equip_param.dat	205	name	16	12		Big Claw
data_item/equip_param.dat	206	name	16	14		Powerful Claw
data_item/equip_param.dat	207	name	16	12		Claw Mace
data_item/equip_param.dat	208	name	16	14		Belials Mace
data_item/equip_param.dat	209	name	16	8		Paper Fan
data_item/equip_param.dat	210	name	16	16		Sparkle Fan
data_item/equip_param.dat	211	name	16	16		Gold Fan
data_item/equip_param.dat	212	name	16	14		God Fan
data_item/equip_param.dat	213	name	16	16		Silver Hammer
data_item/equip_param.dat	214	name	16	16		Silver Stamp
data_item/equip_param.dat	215	name	16	16		Steel Hammer
data_item/equip_param.dat	216	name	16	14		Bone Hammer
data_item/equip_param.dat	217	name	16	14		Bone Stamp
data_item/equip_param.dat	218	name	16	14		Black Bone
data_item/equip_param.dat	219	name	16	12		Dark Bone
data_item/equip_param.dat	220	name	16	16		White Flag
data_item/equip_param.dat	221	name	16	16		Plain Flag
data_item/equip_param.dat	222	name	16	8		Sun Disc
data_item/equip_param.dat	223	name	16	14		Big Sun Disc
data_item/equip_param.dat	224	name	16	16		Max Sun Disc
data_item/equip_param.dat	225	name	16	14		First Prize
data_item/equip_param.dat	226	name	16	16		The Number One
data_item/equip_param.dat	227	name	16	16		Skull Flag
data_item/equip_param.dat	228	name	16	14		Pirate Flag
data_item/equip_param.dat	229	name	16	14		Spiky Mace
data_item/equip_param.dat	230	name	16	16		Morning Star
data_item/equip_param.dat	231	name	16	12		Venom Star
data_item/equip_param.dat	232	name	16	16		Venom Viper
data_item/equip_param.dat	233	name	16	12		Fly Mace
data_item/equip_param.dat	234	name	16	14		Fly Needle
data_item/equip_param.dat	235	name	16	14		Beelzebufly
data_item/equip_param.dat	236	name	16	16		Beelzebub Master
data_item/equip_param.dat	237	name	16	14		Heat Iron
data_item/equip_param.dat	238	name	16	14		Big Iron
data_item/equip_param.dat	239	name	16	16		Great Iron
data_item/equip_param.dat	240	name	16	16		Gold Iron
data_item/equip_param.dat	241	name	16	16		Platinum Iron
data_item/equip_param.dat	242	name	16	16		Mithril Sphere
data_item/equip_param.dat	243	name	16	14		Mithril Light
data_item/equip_param.dat	244	name	16	14		Moon Sphere
data_item/equip_param.dat	245	name	16	16		Full Moonlight
data_item/equip_param.dat	246	name	16	14		Dragon Mace
data_item/equip_param.dat	247	name	16	16		Dragon Stamp
data_item/equip_param.dat	248	name	16	14		Lovegon Mace
data_item/equip_param.dat	249	name	16	16		Lovegon Stamp
data_item/equip_param.dat	250	name	16	16		Ancient Brush
data_item/equip_param.dat	251	name	16	14		Elder Brush
data_item/equip_param.dat	252	name	16	14		Clean Brush
data_item/equip_param.dat	253	name	16	14		Holy Brush
data_item/equip_param.dat	254	name	16	16		Legend Brush
data_item/equip_param.dat	255	name	16	14		Black Star
data_item/equip_param.dat	256	name	16	12		Dark Star
data_item/equip_param.dat	257	name	16	16		Nova Hammer
data_item/equip_param.dat	258	name	16	16		Golden Nova
data_item/equip_param.dat	259	name	16	14		Demon Beast Fang
data_item/equip_param.dat	260	name	16	12		Netherworld Fang
data_item/equip_param.dat	261	name	16	12		Devil Fang
data_item/equip_param.dat	262	name	16	14		Reaper Fang
data_item/equip_param.dat	263	name	16	14		Earth Drake Bone
data_item/equip_param.dat	264	name	16	16		Dino Bone
data_item/equip_param.dat	265	name	16	14		Deathroki Mace
data_item/equip_param.dat	266	name	16	16		Deathroki Stamp
data_item/equip_param.dat	267	name	16	16		Deathroki Hammer
data_item/equip_param.dat	268	name	16	14		Thunderbolt
data_item/equip_param.dat	269	name	16	16		Raijin Hammer
data_item/equip_param.dat	270	name	16	14		Thor Hammer
data_item/equip_param.dat	271	name	16	14		Black Flame Fan
data_item/equip_param.dat	272	name	16	16		Fire Priest Fan
data_item/equip_param.dat	273	name	16	16		Fire God Fan
data_item/equip_param.dat	274	name	16	16		Digital Sphere
data_item/equip_param.dat	275	name	16	16		Void Sphere
data_item/equip_param.dat	276	name	16	16		Nano Divide
data_item/equip_param.dat	277	name	16	16		Divide Zero
data_item/equip_param.dat	278	name	16	6		Mallet
data_item/equip_param.dat	279	name	16	14		Super Mallet
data_item/equip_param.dat	280	name	16	14		Hyper Mallet
data_item/equip_param.dat	281	name	16	14		Pink Fan
data_item/equip_param.dat	282	name	16	14		Sakura Fan
data_item/equip_param.dat	283	name	16	14		Konohanasakuya
data_item/equip_param.dat	284	name	16	14		Photon Mace
data_item/equip_param.dat	285	name	16	16		Photon Hammer
data_item/equip_param.dat	286	name	16	16		Plasma Stamp
data_item/equip_param.dat	287	name	16	14		GHM-001
data_item/equip_param.dat	288	name	16	14		GHM-002
data_item/equip_param.dat	289	name	16	16		GHM-002B
data_item/equip_param.dat	290	name	16	12		Evil Mace
data_item/equip_param.dat	291	name	16	14		Evil Hammer
data_item/equip_param.dat	292	name	16	12		Devil Mace
data_item/equip_param.dat	293	name	16	14		Devil Hammer
data_item/equip_param.dat	294	name	16	14		Demon Mace
data_item/equip_param.dat	295	name	16	16		Demon Hammer
data_item/equip_param.dat	296	name	16	12		Hell Mace
data_item/equip_param.dat	297	name	16	16		Hell Stamp
data_item/equip_param.dat	298	name	16	10		V Hammer
data_item/equip_param.dat	299	name	16	14		V Hammer SP
data_item/equip_param.dat	300	name	16	14		Santa's Sack
data_item/equip_param.dat	301	name	16	8		Wooden Shield
data_item/equip_param.dat	302	name	16	14		Wood Shield
data_item/equip_param.dat	303	name	16	12		Large Wood
data_item/equip_param.dat	304	name	16	14		Iron Guard
data_item/equip_param.dat	305	name	16	16		Iron Shield
data_item/equip_param.dat	306	name	16	14		Heavy Shield
data_item/equip_param.dat	307	name	16	14		Blade Guard
data_item/equip_param.dat	308	name	16	16		Blade Shield
data_item/equip_param.dat	309	name	16	14		Flare Shield
data_item/equip_param.dat	310	name	16	12		Sun's Flare
data_item/equip_param.dat	311	name	16	10		Forest Shield
data_item/equip_param.dat	312	name	16	12		Forest Charm
data_item/equip_param.dat	313	name	16	16		Fairy Charm
data_item/equip_param.dat	314	name	16	16		Silver Lion
data_item/equip_param.dat	315	name	16	14		Metal Lion
data_item/equip_param.dat	316	name	16	16		Beast Shield
data_item/equip_param.dat	317	name	16	16		Dragon Shield
data_item/equip_param.dat	318	name	16	14		Platinum Guard
data_item/equip_param.dat	319	name	16	16		Platinum Shield
data_item/equip_param.dat	320	name	16	12		Ice Guard
data_item/equip_param.dat	321	name	16	14		Ice Shield
data_item/equip_param.dat	322	name	16	14		Happy Guard
data_item/equip_param.dat	323	name	16	16		Happy Shield
data_item/equip_param.dat	324	name	16	14		Lucky Guard
data_item/equip_param.dat	325	name	16	16		Lucky Shield
data_item/equip_param.dat	326	name	16	14		Mithril Guard
data_item/equip_param.dat	327	name	16	16		Mithril Shield
data_item/equip_param.dat	328	name	16	14		Daitarn Guard
data_item/equip_param.dat	329	name	16	16		Daitarn Shield
data_item/equip_param.dat	330	name	16	14		Patchwork Guard
data_item/equip_param.dat	331	name	16	16		Patch Guard 2
data_item/equip_param.dat	332	name	16	16		Patch Guard 3
data_item/equip_param.dat	333	name	16	16		Patch Guard 4
data_item/equip_param.dat	334	name	16	16		Max Patchwork
data_item/equip_param.dat	335	name	16	14		Magibeast Shield
data_item/equip_param.dat	336	name	16	16		Firebeast Shield
data_item/equip_param.dat	337	name	16	16		Godbeast Shield
data_item/equip_param.dat	338	name	16	14		Divine Shield
data_item/equip_param.dat	339	name	16	12		Black Wings
data_item/equip_param.dat	340	name	16	16		Jet Black Wings
data_item/equip_param.dat	341	name	16	12		Red Wings
data_item/equip_param.dat	342	name	16	14		Crimson Wings
data_item/equip_param.dat	343	name	16	16		Yggdra Shield
data_item/equip_param.dat	344	name	16	12		Earth Shield
data_item/equip_param.dat	345	name	16	14		Spirit Shield
data_item/equip_param.dat	346	name	16	16		Holy Feather
data_item/equip_param.dat	347	name	16	14		Angel Wings
data_item/equip_param.dat	348	name	16	12		Divine Wings
data_item/equip_param.dat	349	name	16	16		Argos Shield
data_item/equip_param.dat	350	name	16	16		Aegis Shield
data_item/equip_param.dat	351	name	16	16		Perseus Shield
data_item/equip_param.dat	352	name	16	12		Small Target
data_item/equip_param.dat	353	name	16	12		Large Target
data_item/equip_param.dat	354	name	16	14		Target One
data_item/equip_param.dat	355	name	16	16		Lovely Feather
data_item/equip_param.dat	356	name	16	14		Lovely Heart
data_item/equip_param.dat	357	name	16	12		Love Wings
data_item/equip_param.dat	358	name	16	14		Photon Guard
data_item/equip_param.dat	359	name	16	16		Photon Shield
data_item/equip_param.dat	360	name	16	16		Plasma Shield
data_item/equip_param.dat	361	name	16	14		SLD-001
data_item/equip_param.dat	362	name	16	14		SLD-002
data_item/equip_param.dat	363	name	16	16		SLD-002B
data_item/equip_param.dat	364	name	16	12		Evil Guard
data_item/equip_param.dat	365	name	16	14		Evil Shield
data_item/equip_param.dat	366	name	16	12		Devil Guard
data_item/equip_param.dat	367	name	16	14		Devil Shield
data_item/equip_param.dat	368	name	16	14		Demon Guard
data_item/equip_param.dat	369	name	16	16		Demon Shield
data_item/equip_param.dat	370	name	16	14		Hell Shield
data_item/equip_param.dat	371	name	16	14		Hell Charm
data_item/equip_param.dat	372	name	16	10		V Shield
data_item/equip_param.dat	373	name	16	14		V Shield SP
data_item/equip_param.dat	374	name	16	16		Xmas Cake
data_item/equip_param.dat	375	name	16	16		Fight Face
data_item/equip_param.dat	376	name	16	14		Fight Helm
data_item/equip_param.dat	377	name	16	14		Fight Head
data_item/equip_param.dat	378	name	16	14		Leisure Lens
data_item/equip_param.dat	379	name	16	14		Leisure Glasses
data_item/equip_param.dat	380	name	16	16		Leisure Goggles
data_item/equip_param.dat	381	name	16	16		Magic Cap
data_item/equip_param.dat	382	name	16	14		Magic Hat
data_item/equip_param.dat	383	name	16	14		Magic Top
data_item/equip_param.dat	384	name	16	16		Priest Cap
data_item/equip_param.dat	385	name	16	14		Priest Hat
data_item/equip_param.dat	386	name	16	14		Priest Top
data_item/equip_param.dat	387	name	16	12		War Helm
data_item/equip_param.dat	388	name	16	10		Black Helm
data_item/equip_param.dat	389	name	16	10		Red Helm
data_item/equip_param.dat	390	name	16	16		Beast Mane
data_item/equip_param.dat	391	name	16	16		Beast Head
data_item/equip_param.dat	392	name	16	16		Flame Mane
data_item/equip_param.dat	393	name	16	14		White Ribbon
data_item/equip_param.dat	394	name	16	14		Cream Ribbon
data_item/equip_param.dat	395	name	16	12		Pink Ribbon
data_item/equip_param.dat	396	name	16	16		Wind Hairpin
data_item/equip_param.dat	397	name	16	14		Wind Bandana
data_item/equip_param.dat	398	name	16	12		Wind Helm
data_item/equip_param.dat	399	name	16	16		Blue Dragon Head
data_item/equip_param.dat	400	name	16	16		Blue Dragon Helm
data_item/equip_param.dat	401	name	16	16		Red Dragon Helm
data_item/equip_param.dat	402	name	16	14		Yellow Band
data_item/equip_param.dat	403	name	16	16		Yellow Turban
data_item/equip_param.dat	404	name	16	14		Blue Turban
data_item/equip_param.dat	405	name	16	14		Smile Glasses
data_item/equip_param.dat	406	name	16	14		Cute Glasses
data_item/equip_param.dat	407	name	16	14		Happy Glasses
data_item/equip_param.dat	408	name	16	12		Bone Head
data_item/equip_param.dat	409	name	16	12		Bone Helm
data_item/equip_param.dat	410	name	16	12		Dark Head
data_item/equip_param.dat	411	name	16	16		Platinum Face
data_item/equip_param.dat	412	name	16	14		Platinum Helm
data_item/equip_param.dat	413	name	16	16		Mithril Face
data_item/equip_param.dat	414	name	16	14		Mithril Helm
data_item/equip_param.dat	415	name	16	8		Headband
data_item/equip_param.dat	416	name	16	8		Brow Guard
data_item/equip_param.dat	417	name	16	14		Fine Headband
data_item/equip_param.dat	418	name	16	14		Fine Brow Guard
data_item/equip_param.dat	419	name	16	12		Star Charm
data_item/equip_param.dat	420	name	16	14		Moon Tiara
data_item/equip_param.dat	421	name	16	14		Heart Charm
data_item/equip_param.dat	422	name	16	16		Heart Tiara
data_item/equip_param.dat	423	name	16	14		Platinum Band
data_item/equip_param.dat	424	name	16	16		Platinum Crown
data_item/equip_param.dat	425	name	16	14		Mithril Band
data_item/equip_param.dat	426	name	16	16		Mithril Crown
data_item/equip_param.dat	427	name	16	16		Universe Face
data_item/equip_param.dat	428	name	16	14		Universe Helm
data_item/equip_param.dat	429	name	16	14		Universe Head
data_item/equip_param.dat	430	name	16	16		Adventure Hat
data_item/equip_param.dat	431	name	16	16		Quest Cap
data_item/equip_param.dat	432	name	16	14		Quest Hat
data_item/equip_param.dat	433	name	16	12		Black Hat
data_item/equip_param.dat	434	name	16	12		Dark Hat
data_item/equip_param.dat	435	name	16	16		Bullseye Hat
data_item/equip_param.dat	436	name	16	14		Angel Charm
data_item/equip_param.dat	437	name	16	16		Angel Bandana
data_item/equip_param.dat	438	name	16	16		Angel Band
data_item/equip_param.dat	439	name	16	14		General Helm
data_item/equip_param.dat	440	name	16	14		Nobunaga Helm
data_item/equip_param.dat	441	name	16	14		Hideyoshi Helm
data_item/equip_param.dat	442	name	16	14		Ieyasu Helm
data_item/equip_param.dat	443	name	16	16		Gold Beast Head
data_item/equip_param.dat	444	name	16	16		Gold Beast Helm
data_item/equip_param.dat	445	name	16	16		Godbeast Head
data_item/equip_param.dat	446	name	16	16		Godbeast Helm
data_item/equip_param.dat	447	name	16	14		Green Ribbon
data_item/equip_param.dat	448	name	16	14		Deep Ribbon
data_item/equip_param.dat	449	name	16	14		Black Ribbon
data_item/equip_param.dat	450	name	16	12		Dark Ribbon
data_item/equip_param.dat	451	name	16	16		Crystal Skull
data_item/equip_param.dat	452	name	16	16		Crystal Helm
data_item/equip_param.dat	453	name	16	16		Shaman Skull
data_item/equip_param.dat	454	name	16	16		Shaman Helm
data_item/equip_param.dat	455	name	16	14		Knight Face
data_item/equip_param.dat	456	name	16	12		Knight Helm
data_item/equip_param.dat	457	name	16	12		Knight Head
data_item/equip_param.dat	458	name	16	16		Phantom Cap
data_item/equip_param.dat	459	name	16	16		Phantom Hat
data_item/equip_param.dat	460	name	16	16		Phantom Top
data_item/equip_param.dat	461	name	16	14		Royal Glasses
data_item/equip_param.dat	462	name	16	14		Miracle Glasses
data_item/equip_param.dat	463	name	16	14		Magical Glasses
data_item/equip_param.dat	464	name	16	14		Cleric Hat
data_item/equip_param.dat	465	name	16	16		Bishop Hat
data_item/equip_param.dat	466	name	16	16		Saint Hat
data_item/equip_param.dat	467	name	16	14		Battle Face
data_item/equip_param.dat	468	name	16	12		Battle Helm
data_item/equip_param.dat	469	name	16	12		Battle Head
data_item/equip_param.dat	470	name	16	14		Warrior Helm
data_item/equip_param.dat	471	name	16	12		Thief Lens
data_item/equip_param.dat	472	name	16	12		Thief Glasses
data_item/equip_param.dat	473	name	16	14		Thief Goggles
data_item/equip_param.dat	474	name	16	14		Thief Band
data_item/equip_param.dat	475	name	16	14		Mage Cap
data_item/equip_param.dat	476	name	16	12		Mage Hat
data_item/equip_param.dat	477	name	16	12		Mage Top
data_item/equip_param.dat	478	name	16	16		Sorcerer Hat
data_item/equip_param.dat	479	name	16	16		Healer Cap
data_item/equip_param.dat	480	name	16	14		Healer Hat
data_item/equip_param.dat	481	name	16	14		Healer Top
data_item/equip_param.dat	482	name	16	14		Healing Hat
data_item/equip_param.dat	483	name	16	16		Daitarn Face
data_item/equip_param.dat	484	name	16	14		Daitarn Helm
data_item/equip_param.dat	485	name	16	14		Daitarn Head
data_item/equip_param.dat	486	name	16	14		Desert Band
data_item/equip_param.dat	487	name	16	16		Desert Turban
data_item/equip_param.dat	488	name	16	16		Prince Turban
data_item/equip_param.dat	489	name	16	16		Onmyo Hood
data_item/equip_param.dat	490	name	16	16		Onmyo Charm
data_item/equip_param.dat	491	name	16	16		Onmyo Hat
data_item/equip_param.dat	492	name	16	16		Elder Face
data_item/equip_param.dat	493	name	16	14		Elder Helm
data_item/equip_param.dat	494	name	16	14		Elder Head
data_item/equip_param.dat	495	name	16	16		Saint Face
data_item/equip_param.dat	496	name	16	14		Saint Helm
data_item/equip_param.dat	497	name	16	14		Saint Head
data_item/equip_param.dat	498	name	16	16		Ranger Hat
data_item/equip_param.dat	499	name	16	16		Ranger Top
data_item/equip_param.dat	500	name	16	16		Ranger Helm
data_item/equip_param.dat	501	name	16	12		Forest Hat
data_item/equip_param.dat	502	name	16	16		Fairy Hat
data_item/equip_param.dat	503	name	16	16		Spirit Hat
data_item/equip_param.dat	504	name	16	14		Holy Band
data_item/equip_param.dat	505	name	16	14		Holy Helm
data_item/equip_param.dat	506	name	16	14		Holy Head
data_item/equip_param.dat	507	name	16	14		Bear Head
data_item/equip_param.dat	508	name	16	14		Bear Mask
data_item/equip_param.dat	509	name	16	14		Polar Bear Head
data_item/equip_param.dat	510	name	16	14		Polar Bear Mask
data_item/equip_param.dat	511	name	16	14		Panda Head
data_item/equip_param.dat	512	name	16	14		Panda Mask
data_item/equip_param.dat	513	name	16	14		Red Panda Head
data_item/equip_param.dat	514	name	16	14		Red Panda Mask
data_item/equip_param.dat	515	name	16	16		Maid Band
data_item/equip_param.dat	516	name	16	16		Maid Top
data_item/equip_param.dat	517	name	16	16		Super Maid Band
data_item/equip_param.dat	518	name	16	16		Super Maid Top
data_item/equip_param.dat	519	name	16	16		Sorcery Hood
data_item/equip_param.dat	520	name	16	16		Sorcery Charm
data_item/equip_param.dat	521	name	16	16		Sorcery Hat
data_item/equip_param.dat	522	name	16	16		Army Cap
data_item/equip_param.dat	523	name	16	14		Army Hat
data_item/equip_param.dat	524	name	16	14		Army Top
data_item/equip_param.dat	525	name	16	12		Evil Head
data_item/equip_param.dat	526	name	16	12		Evil Helm
data_item/equip_param.dat	527	name	16	12		Devil Head
data_item/equip_param.dat	528	name	16	12		Devil Helm
data_item/equip_param.dat	529	name	16	16		Union Cap
data_item/equip_param.dat	530	name	16	14		Union Hat
data_item/equip_param.dat	531	name	16	14		Union Top
data_item/equip_param.dat	532	name	16	16		Bad Bear Face
data_item/equip_param.dat	533	name	16	14		Bad Bear Head
data_item/equip_param.dat	534	name	16	14		Bad Bear Mask
data_item/equip_param.dat	535	name	16	16		Sunset Glasses
data_item/equip_param.dat	536	name	16	14		Shadow Glasses
data_item/equip_param.dat	537	name	16	14		Santa Hat
data_item/equip_param.dat	538	name	16	14		Fight Mail
data_item/equip_param.dat	539	name	16	16		Fight Armor
data_item/equip_param.dat	540	name	16	16		Fight Plate
data_item/equip_param.dat	541	name	16	12		Leather Vest
data_item/equip_param.dat	542	name	16	12		Leather Suit
data_item/equip_param.dat	543	name	16	12		Leather Mail
data_item/equip_param.dat	544	name	16	14		Magic Coat
data_item/equip_param.dat	545	name	16	14		Magic Cloth
data_item/equip_param.dat	546	name	16	14		Magic Robe
data_item/equip_param.dat	547	name	16	14		Priest Coat
data_item/equip_param.dat	548	name	16	14		Priest Cloth
data_item/equip_param.dat	549	name	16	14		Priest Robe
data_item/equip_param.dat	550	name	16	12		War Haori
data_item/equip_param.dat	551	name	16	12		Black Haori
data_item/equip_param.dat	552	name	16	12		Red Haori
data_item/equip_param.dat	553	name	16	14		Beast Robe
data_item/equip_param.dat	554	name	16	16		Demon Beast Robe
data_item/equip_param.dat	555	name	16	14		Flame Robe
data_item/equip_param.dat	556	name	16	14		White Frill
data_item/equip_param.dat	557	name	16	14		Cream Frill
data_item/equip_param.dat	558	name	16	12		Pink Frill
data_item/equip_param.dat	559	name	16	10		Wind Garb
data_item/equip_param.dat	560	name	16	12		Wind Robe
data_item/equip_param.dat	561	name	16	12		Wind Armor
data_item/equip_param.dat	562	name	16	16		Blue Dragon Vest
data_item/equip_param.dat	563	name	16	16		Blue Dragon Mail
data_item/equip_param.dat	564	name	16	16		Red Dragon Mail
data_item/equip_param.dat	565	name	16	14		Yellow Vest
data_item/equip_param.dat	566	name	16	14		Yellow Cloth
data_item/equip_param.dat	567	name	16	12		Blue Cloth
data_item/equip_param.dat	568	name	16	16		Smile Blazer
data_item/equip_param.dat	569	name	16	16		Cute Blazer
data_item/equip_param.dat	570	name	16	16		Happy Blazer
data_item/equip_param.dat	571	name	16	12		Bone Suit
data_item/equip_param.dat	572	name	16	14		Bone Armor
data_item/equip_param.dat	573	name	16	14		Dark Scale
data_item/equip_param.dat	574	name	16	14		Platinum Mail
data_item/equip_param.dat	575	name	16	16		Platinum Armor
data_item/equip_param.dat	576	name	16	14		Mithril Mail
data_item/equip_param.dat	577	name	16	16		Mithril Armor
data_item/equip_param.dat	578	name	16	14		Ninja Robe
data_item/equip_param.dat	579	name	16	16		Ninja Chainmail
data_item/equip_param.dat	580	name	16	16		Jonin Robe
data_item/equip_param.dat	581	name	16	14		Fine Chainmail
data_item/equip_param.dat	582	name	16	14		Diamond Coat
data_item/equip_param.dat	583	name	16	14		Diamond Dress
data_item/equip_param.dat	584	name	16	14		Lovely Coat
data_item/equip_param.dat	585	name	16	14		Lovely Dress
data_item/equip_param.dat	586	name	16	14		Platinum Vest
data_item/equip_param.dat	587	name	16	14		Platinum Cloth
data_item/equip_param.dat	588	name	16	14		Mithril Vest
data_item/equip_param.dat	589	name	16	14		Mithril Cloth
data_item/equip_param.dat	590	name	16	14		Universe Suit
data_item/equip_param.dat	591	name	16	14		Universe Mail
data_item/equip_param.dat	592	name	16	16		Universe Armor
data_item/equip_param.dat	593	name	16	14		Adventure Garb
data_item/equip_param.dat	594	name	16	14		Quest Cloth
data_item/equip_param.dat	595	name	16	14		Quest Suit
data_item/equip_param.dat	596	name	16	12		Black Coat
data_item/equip_param.dat	597	name	16	12		Dark Coat
data_item/equip_param.dat	598	name	16	16		Bullseye Coat
data_item/equip_param.dat	599	name	16	12		Angel Garb
data_item/equip_param.dat	600	name	16	14		Angel Coat
data_item/equip_param.dat	601	name	16	16		Angel Cloth
data_item/equip_param.dat	602	name	16	14		General Mail
data_item/equip_param.dat	603	name	16	14		Nobunaga Mail
data_item/equip_param.dat	604	name	16	14		Hideyoshi Mail
data_item/equip_param.dat	605	name	16	14		Ieyasu Mail
data_item/equip_param.dat	606	name	16	16		Gold Beast Vest
data_item/equip_param.dat	607	name	16	16		Gold Beast Suit
data_item/equip_param.dat	608	name	16	16		Godbeast Vest
data_item/equip_param.dat	609	name	16	16		Godbeast Suit
data_item/equip_param.dat	610	name	16	14		Green Frill
data_item/equip_param.dat	611	name	16	14		Deep Frill
data_item/equip_param.dat	612	name	16	14		Black Frill
data_item/equip_param.dat	613	name	16	12		Dark Frill
data_item/equip_param.dat	614	name	16	16		Crystal Vest
data_item/equip_param.dat	615	name	16	16		Crystal Cloth
data_item/equip_param.dat	616	name	16	16		Shaman Vest
data_item/equip_param.dat	617	name	16	16		Shaman Cloth
data_item/equip_param.dat	618	name	16	12		Knight Mail
data_item/equip_param.dat	619	name	16	14		Knight Armor
data_item/equip_param.dat	620	name	16	14		Knight Plate
data_item/equip_param.dat	621	name	16	16		Phantom Vest
data_item/equip_param.dat	622	name	16	16		Phantom Cloth
data_item/equip_param.dat	623	name	16	16		Phantom Suit
data_item/equip_param.dat	624	name	16	16		Royal Blazer
data_item/equip_param.dat	625	name	16	16		Miracle Blazer
data_item/equip_param.dat	626	name	16	16		Magical Blazer
data_item/equip_param.dat	627	name	16	14		Cleric Robe
data_item/equip_param.dat	628	name	16	16		Bishop Robe
data_item/equip_param.dat	629	name	16	16		Saint Robe
data_item/equip_param.dat	630	name	16	12		Battle Mail
data_item/equip_param.dat	631	name	16	14		Battle Armor
data_item/equip_param.dat	632	name	16	14		Battle Plate
data_item/equip_param.dat	633	name	16	14		Warrior Armor
data_item/equip_param.dat	634	name	16	12		Thief Vest
data_item/equip_param.dat	635	name	16	12		Thief Cloth
data_item/equip_param.dat	636	name	16	12		Thief Suit
data_item/equip_param.dat	637	name	16	14		Thief Garb
data_item/equip_param.dat	638	name	16	12		Mage Coat
data_item/equip_param.dat	639	name	16	12		Mage Cloth
data_item/equip_param.dat	640	name	16	12		Mage Robe
data_item/equip_param.dat	641	name	16	14		Sorcerer Garb
data_item/equip_param.dat	642	name	16	14		Healer Coat
data_item/equip_param.dat	643	name	16	14		Healer Cloth
data_item/equip_param.dat	644	name	16	14		Healer Robe
data_item/equip_param.dat	645	name	16	12		Healing Garb
data_item/equip_param.dat	646	name	16	14		Daitarn Mail
data_item/equip_param.dat	647	name	16	16		Daitarn Armor
data_item/equip_param.dat	648	name	16	16		Daitarn Plate
data_item/equip_param.dat	649	name	16	14		Desert Vest
data_item/equip_param.dat	650	name	16	14		Desert Suit
data_item/equip_param.dat	651	name	16	14		Prince Suit
data_item/equip_param.dat	652	name	16	14		Onmyo Garb
data_item/equip_param.dat	653	name	16	16		Onmyo Robe
data_item/equip_param.dat	654	name	16	16		Onmyo Haori
data_item/equip_param.dat	655	name	16	14		Elder Mail
data_item/equip_param.dat	656	name	16	16		Elder Armor
data_item/equip_param.dat	657	name	16	16		Elder Plate
data_item/equip_param.dat	658	name	16	14		Saint Mail
data_item/equip_param.dat	659	name	16	16		Saint Armor
data_item/equip_param.dat	660	name	16	16		Saint Plate
data_item/equip_param.dat	661	name	16	16		Ranger Vest
data_item/equip_param.dat	662	name	16	16		Ranger Cloth
data_item/equip_param.dat	663	name	16	16		Ranger Suit
data_item/equip_param.dat	664	name	16	12		Forest Robe
data_item/equip_param.dat	665	name	16	16		Fairy Robe
data_item/equip_param.dat	666	name	16	16		Spirit Robe
data_item/equip_param.dat	667	name	16	14		Holy Coat
data_item/equip_param.dat	668	name	16	14		Holy Cloth
data_item/equip_param.dat	669	name	16	14		Holy Robe
data_item/equip_param.dat	670	name	16	14		Bear Body
data_item/equip_param.dat	671	name	16	14		Bear Suit
data_item/equip_param.dat	672	name	16	14		Polar Bear Body
data_item/equip_param.dat	673	name	16	14		Polar Bear Suit
data_item/equip_param.dat	674	name	16	14		Panda Body
data_item/equip_param.dat	675	name	16	14		Panda Suit
data_item/equip_param.dat	676	name	16	14		Red Panda Body
data_item/equip_param.dat	677	name	16	14		Red Panda Suit
data_item/equip_param.dat	678	name	16	16		Maid Cloth
data_item/equip_param.dat	679	name	16	16		Maid Dress
data_item/equip_param.dat	680	name	16	16		Super Maid Cloth
data_item/equip_param.dat	681	name	16	16		Super Maid Dress
data_item/equip_param.dat	682	name	16	14		Sorcery Garb
data_item/equip_param.dat	683	name	16	16		Sorcery Robe
data_item/equip_param.dat	684	name	16	16		Sorcery Haori
data_item/equip_param.dat	685	name	16	14		Army Vest
data_item/equip_param.dat	686	name	16	14		Army Cloth
data_item/equip_param.dat	687	name	16	14		Army Suit
data_item/equip_param.dat	688	name	16	12		Evil Cloth
data_item/equip_param.dat	689	name	16	12		Evil Robe
data_item/equip_param.dat	690	name	16	12		Devil Cloth
data_item/equip_param.dat	691	name	16	12		Devil Robe
data_item/equip_param.dat	692	name	16	14		Union Vest
data_item/equip_param.dat	693	name	16	14		Union Cloth
data_item/equip_param.dat	694	name	16	14		Union Suit
data_item/equip_param.dat	695	name	16	14		Bad Bear Body
data_item/equip_param.dat	696	name	16	14		Bad Bear Cloth
data_item/equip_param.dat	697	name	16	14		Bad Bear Suit
data_item/equip_param.dat	698	name	16	14		Gakuran Suit
data_item/equip_param.dat	699	name	16	14		Hakuran Suit
data_item/equip_param.dat	700	name	16	12		Santa Garb
data_item/equip_param.dat	701	name	16	14		Santa Dress
data_item/equip_param.dat	702	name	16	14		Fight Foot
data_item/equip_param.dat	703	name	16	14		Fight Legs
data_item/equip_param.dat	704	name	16	16		Fight Greaves
data_item/equip_param.dat	705	name	16	12		Leather Foot
data_item/equip_param.dat	706	name	16	12		Leather Legs
data_item/equip_param.dat	707	name	16	12		Leather Boots
data_item/equip_param.dat	708	name	16	14		Magic Foot
data_item/equip_param.dat	709	name	16	16		Magic Shoes
data_item/equip_param.dat	710	name	16	14		Magic Boots
data_item/equip_param.dat	711	name	16	14		Priest Foot
data_item/equip_param.dat	712	name	16	16		Priest Shoes
data_item/equip_param.dat	713	name	16	14		Priest Boots
data_item/equip_param.dat	714	name	16	12		War Greaves
data_item/equip_param.dat	715	name	16	12		Black Greaves
data_item/equip_param.dat	716	name	16	12		Red Greaves
data_item/equip_param.dat	717	name	16	12		Beast Legs
data_item/equip_param.dat	718	name	16	14		Demon Beast Legs
data_item/equip_param.dat	719	name	16	16		Firebeast Legs
data_item/equip_param.dat	720	name	16	14		White Boots
data_item/equip_param.dat	721	name	16	14		Cream Boots
data_item/equip_param.dat	722	name	16	12		Pink Boots
data_item/equip_param.dat	723	name	16	10		Wind Shoes
data_item/equip_param.dat	724	name	16	12		Wind Boots
data_item/equip_param.dat	725	name	16	12		Wind Greaves
data_item/equip_param.dat	726	name	16	16		Blue Dragon Foot
data_item/equip_param.dat	727	name	16	16		Blue Dragon Legs
data_item/equip_param.dat	728	name	16	16		Red Dragon Legs
data_item/equip_param.dat	729	name	16	16		Yellow Shoes
data_item/equip_param.dat	730	name	16	14		Yellow Boots
data_item/equip_param.dat	731	name	16	12		Blue Boots
data_item/equip_param.dat	732	name	16	16		Smile Socks
data_item/equip_param.dat	733	name	16	16		Cute Socks
data_item/equip_param.dat	734	name	16	16		Happy Socks
data_item/equip_param.dat	735	name	16	12		Bone Foot
data_item/equip_param.dat	736	name	16	12		Bone Boots
data_item/equip_param.dat	737	name	16	12		Dark Foot
data_item/equip_param.dat	738	name	16	14		Platinum Legs
data_item/equip_param.dat	739	name	16	16		Platinum Greaves
data_item/equip_param.dat	740	name	16	14		Mithril Legs
data_item/equip_param.dat	741	name	16	16		Mithril Greaves
data_item/equip_param.dat	742	name	16	12		Ninja Tabi
data_item/equip_param.dat	743	name	16	14		Ninja Greaves
data_item/equip_param.dat	744	name	16	14		Jonin Tabi
data_item/equip_param.dat	745	name	16	16		Jonin Greaves
data_item/equip_param.dat	746	name	16	12		Glass Shoes
data_item/equip_param.dat	747	name	16	14		Glass Heels
data_item/equip_param.dat	748	name	16	12		Queen Shoes
data_item/equip_param.dat	749	name	16	14		Queen Heels
data_item/equip_param.dat	750	name	16	14		Platinum Shoes
data_item/equip_param.dat	751	name	16	14		Platinum Boots
data_item/equip_param.dat	752	name	16	14		Mithril Shoes
data_item/equip_param.dat	753	name	16	14		Mithril Boots
data_item/equip_param.dat	754	name	16	14		Universe Foot
data_item/equip_param.dat	755	name	16	16		Universe Shoes
data_item/equip_param.dat	756	name	16	14		Universe Boots
data_item/equip_param.dat	757	name	16	14		Adventure Shoes
data_item/equip_param.dat	758	name	16	16		Quest Shoes
data_item/equip_param.dat	759	name	16	14		Quest Boots
data_item/equip_param.dat	760	name	16	10		Night Shoes
data_item/equip_param.dat	761	name	16	10		Dark Shoes
data_item/equip_param.dat	762	name	16	14		Bullseye Shoes
data_item/equip_param.dat	763	name	16	12		Angel Shoes
data_item/equip_param.dat	764	name	16	14		Angel Greaves
data_item/equip_param.dat	765	name	16	16		Angel Boots
data_item/equip_param.dat	766	name	16	14		General Legs
data_item/equip_param.dat	767	name	16	14		Nobunaga Legs
data_item/equip_param.dat	768	name	16	14		Hideyoshi Legs
data_item/equip_param.dat	769	name	16	14		Ieyasu Legs
data_item/equip_param.dat	770	name	16	16		Gold Beast Foot
data_item/equip_param.dat	771	name	16	16		Gold Beast Legs
data_item/equip_param.dat	772	name	16	16		Godbeast Foot
data_item/equip_param.dat	773	name	16	16		Godbeast Legs
data_item/equip_param.dat	774	name	16	14		Green Boots
data_item/equip_param.dat	775	name	16	14		Deep Boots
data_item/equip_param.dat	776	name	16	14		Black Boots
data_item/equip_param.dat	777	name	16	12		Dark Boots
data_item/equip_param.dat	778	name	16	16		Crystal Foot
data_item/equip_param.dat	779	name	16	16		Crystal Legs
data_item/equip_param.dat	780	name	16	16		Shaman Foot
data_item/equip_param.dat	781	name	16	16		Shaman Legs
data_item/equip_param.dat	782	name	16	12		Knight Foot
data_item/equip_param.dat	783	name	16	12		Knight Legs
data_item/equip_param.dat	784	name	16	14		Knight Greaves
data_item/equip_param.dat	785	name	16	16		Phantom Foot
data_item/equip_param.dat	786	name	16	16		Phantom Legs
data_item/equip_param.dat	787	name	16	16		Phantom Boots
data_item/equip_param.dat	788	name	16	16		Royal Socks
data_item/equip_param.dat	789	name	16	16		Miracle Socks
data_item/equip_param.dat	790	name	16	16		Magical Socks
data_item/equip_param.dat	791	name	16	12		Cleric Shoes
data_item/equip_param.dat	792	name	16	14		Bishop Shoes
data_item/equip_param.dat	793	name	16	14		Saint Shoes
data_item/equip_param.dat	794	name	16	12		Battle Foot
data_item/equip_param.dat	795	name	16	12		Battle Legs
data_item/equip_param.dat	796	name	16	14		Battle Greaves
data_item/equip_param.dat	797	name	16	14		Warrior Boots
data_item/equip_param.dat	798	name	16	12		Thief Foot
data_item/equip_param.dat	799	name	16	12		Thief Legs
data_item/equip_param.dat	800	name	16	12		Thief Boots
data_item/equip_param.dat	801	name	16	14		Thief Shoes
data_item/equip_param.dat	802	name	16	12		Mage Foot
data_item/equip_param.dat	803	name	16	14		Mage Shoes
data_item/equip_param.dat	804	name	16	12		Mage Boots
data_item/equip_param.dat	805	name	16	14		Sorcerer Shoes
data_item/equip_param.dat	806	name	16	14		Healer Foot
data_item/equip_param.dat	807	name	16	16		Healer Shoes
data_item/equip_param.dat	808	name	16	14		Healer Boots
data_item/equip_param.dat	809	name	16	12		Healing Shoes
data_item/equip_param.dat	810	name	16	14		Daitarn Foot
data_item/equip_param.dat	811	name	16	14		Daitarn Legs
data_item/equip_param.dat	812	name	16	16		Daitarn Greaves
data_item/equip_param.dat	813	name	16	16		Desert Shoes
data_item/equip_param.dat	814	name	16	14		Desert Boots
data_item/equip_param.dat	815	name	16	14		Prince Boots
data_item/equip_param.dat	816	name	16	14		Onmyo Tabi
data_item/equip_param.dat	817	name	16	14		Onmyo Shoes
data_item/equip_param.dat	818	name	16	16		Onmyo Greaves
data_item/equip_param.dat	819	name	16	14		Elder Foot
data_item/equip_param.dat	820	name	16	14		Elder Legs
data_item/equip_param.dat	821	name	16	16		Elder Greaves
data_item/equip_param.dat	822	name	16	14		Saint Foot
data_item/equip_param.dat	823	name	16	14		Saint Legs
data_item/equip_param.dat	824	name	16	16		Saint Greaves
data_item/equip_param.dat	825	name	16	16		Ranger Foot
data_item/equip_param.dat	826	name	16	16		Ranger Boots
data_item/equip_param.dat	827	name	16	16		Ranger Legs
data_item/equip_param.dat	828	name	16	10		Forest Shoes
data_item/equip_param.dat	829	name	16	14		Fairy Shoes
data_item/equip_param.dat	830	name	16	14		Spirit Shoes
data_item/equip_param.dat	831	name	16	14		Holy Foot
data_item/equip_param.dat	832	name	16	16		Holy Shoes
data_item/equip_param.dat	833	name	16	14		Holy Boots
data_item/equip_param.dat	834	name	16	14		Bear Foot
data_item/equip_param.dat	835	name	16	14		Bear Boots
data_item/equip_param.dat	836	name	16	14		Polar Bear Foot
data_item/equip_param.dat	837	name	16	14		Polar Bear Boots
data_item/equip_param.dat	838	name	16	14		Panda Foot
data_item/equip_param.dat	839	name	16	14		Panda Boots
data_item/equip_param.dat	840	name	16	14		Red Panda Foot
data_item/equip_param.dat	841	name	16	14		Red Panda Boots
data_item/equip_param.dat	842	name	16	16		Maid Shoes
data_item/equip_param.dat	843	name	16	16		Maid Boots
data_item/equip_param.dat	844	name	16	16		Super Maid Shoes
data_item/equip_param.dat	845	name	16	16		Super Maid Boots
data_item/equip_param.dat	846	name	16	14		Sorcery Tabi
data_item/equip_param.dat	847	name	16	14		Sorcery Shoes
data_item/equip_param.dat	848	name	16	16		Sorcery Greaves
data_item/equip_param.dat	849	name	16	14		Army Foot
data_item/equip_param.dat	850	name	16	14		Army Boots
data_item/equip_param.dat	851	name	16	14		Army Legs
data_item/equip_param.dat	852	name	16	12		Evil Foot
data_item/equip_param.dat	853	name	16	12		Evil Legs
data_item/equip_param.dat	854	name	16	12		Devil Foot
data_item/equip_param.dat	855	name	16	12		Devil Legs
data_item/equip_param.dat	856	name	16	14		Union Foot
data_item/equip_param.dat	857	name	16	14		Union Boots
data_item/equip_param.dat	858	name	16	14		Union Legs
data_item/equip_param.dat	859	name	16	14		Bad Bear Foot
data_item/equip_param.dat	860	name	16	14		Bad Bear Boots
data_item/equip_param.dat	861	name	16	14		Bad Bear Legs
data_item/equip_param.dat	862	name	16	16		White Sneakers
data_item/equip_param.dat	863	name	16	16		Black Sneakers
data_item/equip_param.dat	864	name	16	12		Santa Shoes
data_item/equip_param.dat	865	name	16	14		Serene Neck
data_item/equip_param.dat	866	name	16	14		Healer Neck
data_item/equip_param.dat	867	name	16	14		Healing Charm
data_item/equip_param.dat	868	name	16	14		Isis Charm
data_item/equip_param.dat	869	name	16	16		Twinkle Neck
data_item/equip_param.dat	870	name	16	16		Shiny Neck
data_item/equip_param.dat	871	name	16	14		Luminous Neck
data_item/equip_param.dat	872	name	16	14		Aurora Neck
data_item/equip_param.dat	873	name	16	16		Poison Scarf
data_item/equip_param.dat	874	name	16	16		Antidote Scarf
data_item/equip_param.dat	875	name	16	14		Sauna Scarf
data_item/equip_param.dat	876	name	16	16		Detox Machine
data_item/equip_param.dat	877	name	16	16		Para Ward Scarf
data_item/equip_param.dat	878	name	16	16		Para Cure Scarf
data_item/equip_param.dat	879	name	16	14		Massager
data_item/equip_param.dat	880	name	16	16		Disparalyzer
data_item/equip_param.dat	881	name	16	14		Clear Neck
data_item/equip_param.dat	882	name	16	14		Crisp Neck
data_item/equip_param.dat	883	name	16	14		Sharp Neck
data_item/equip_param.dat	884	name	16	14		Stabilizer
data_item/equip_param.dat	885	name	16	14		Waking Neck
data_item/equip_param.dat	886	name	16	14		Alarm Neck
data_item/equip_param.dat	887	name	16	14		Coffee Neck
data_item/equip_param.dat	888	name	16	14		Showbiz Neck
data_item/equip_param.dat	889	name	16	14		Cooling Neck
data_item/equip_param.dat	890	name	16	14		Fox Cub Neck
data_item/equip_param.dat	891	name	16	14		Penguin Neck
data_item/equip_param.dat	892	name	16	14		Polar Bear Neck
data_item/equip_param.dat	893	name	16	16		Warm Scarf
data_item/equip_param.dat	894	name	16	16		Cozy Scarf
data_item/equip_param.dat	895	name	16	16		Heater Scarf
data_item/equip_param.dat	896	name	16	14		Kotatsu Scarf
data_item/equip_param.dat	897	name	16	16		Charged Scarf
data_item/equip_param.dat	898	name	16	16		Insulate Scarf
data_item/equip_param.dat	899	name	16	14		Thor Charm
data_item/equip_param.dat	900	name	16	14		Zeus Charm
data_item/equip_param.dat	901	name	16	14		Shell Neck
data_item/equip_param.dat	902	name	16	14		Turtle Neck
data_item/equip_param.dat	903	name	16	14		Croc Neck
data_item/equip_param.dat	904	name	16	16		Shelter Neck
data_item/equip_param.dat	905	name	16	14		Pure White Neck
data_item/equip_param.dat	906	name	16	14		Colorful Neck
data_item/equip_param.dat	907	name	16	16		Tricolor Neck
data_item/equip_param.dat	908	name	16	16		Quadcolor Neck
data_item/equip_param.dat	909	name	16	14		Rainbow Neck
data_item/equip_param.dat	910	name	16	14		Sprout Ring
data_item/equip_param.dat	911	name	16	14		Flower Ring
data_item/equip_param.dat	912	name	16	12		Wood Ring
data_item/equip_param.dat	913	name	16	16		World Tree Ring
data_item/equip_param.dat	914	name	16	14		Fire Ring
data_item/equip_param.dat	915	name	16	14		Flame Ring
data_item/equip_param.dat	916	name	16	14		Salamander Ring
data_item/equip_param.dat	917	name	16	12		Megido Ring
data_item/equip_param.dat	918	name	16	12		Chilled Ring
data_item/equip_param.dat	919	name	16	12		Ice Ring
data_item/equip_param.dat	920	name	16	16		Blizzard Ring
data_item/equip_param.dat	921	name	16	16		Shiva's Smile
data_item/equip_param.dat	922	name	16	14		Spark Ring
data_item/equip_param.dat	923	name	16	14		Thunder Ring
data_item/equip_param.dat	924	name	16	14		Raijin Ring
data_item/equip_param.dat	925	name	16	14		Mikazuchi Ring
data_item/equip_param.dat	926	name	16	14		Heart Ring
data_item/equip_param.dat	927	name	16	14		Silver Heart
data_item/equip_param.dat	928	name	16	14		Gold Heart
data_item/equip_param.dat	929	name	16	16		Venus Heart
data_item/equip_param.dat	930	name	16	14		Poison Ring
data_item/equip_param.dat	931	name	16	14		Honeybee Ring
data_item/equip_param.dat	932	name	16	16		Spider Ring
data_item/equip_param.dat	933	name	16	16		Venom Sting
data_item/equip_param.dat	934	name	16	14		Paralyze Ring
data_item/equip_param.dat	935	name	16	14		Snake Ring
data_item/equip_param.dat	936	name	16	16		Medusa Ring
data_item/equip_param.dat	937	name	16	14		Gorgon Ring
data_item/equip_param.dat	938	name	16	12		Jab Ring
data_item/equip_param.dat	939	name	16	12		Hook Ring
data_item/equip_param.dat	940	name	16	14		Upper Ring
data_item/equip_param.dat	941	name	16	16		Hard Puncher
data_item/equip_param.dat	942	name	16	14		Sleepy Ring
data_item/equip_param.dat	943	name	16	14		Siesta Ring
data_item/equip_param.dat	944	name	16	14		Drowsy Ring
data_item/equip_param.dat	945	name	16	16		Hypnos Ring
data_item/equip_param.dat	946	name	16	16		Weapon Gimmick
data_item/equip_param.dat	947	name	16	16		Super Gimmick
data_item/equip_param.dat	948	name	16	16		Hyper Gimmick
data_item/equip_param.dat	949	name	16	16		4-D Gimmick
data_item/equip_param.dat	950	name	16	14		Pure White Ring
data_item/equip_param.dat	951	name	16	14		Colorful Ring
data_item/equip_param.dat	952	name	16	16		Tricolor Ring
data_item/equip_param.dat	953	name	16	16		Quadcolor Ring
data_item/equip_param.dat	954	name	16	14		Rainbow Ring
data_item/equip_param.dat	955	name	16	14		Bear Heart
data_item/equip_param.dat	956	name	16	14		Elephant Heart
data_item/equip_param.dat	957	name	16	14		Tauros Heart
data_item/equip_param.dat	958	name	16	14		Dragon Heart
data_item/equip_param.dat	959	name	16	12		Star Earring
data_item/equip_param.dat	960	name	16	12		Knight Earring
data_item/equip_param.dat	961	name	16	12		Moon Earring
data_item/equip_param.dat	962	name	16	14		Cosmos Earring
data_item/equip_param.dat	963	name	16	12		Power Earring
data_item/equip_param.dat	964	name	16	12		Aura Earring
data_item/equip_param.dat	965	name	16	12		Ogre Earring
data_item/equip_param.dat	966	name	16	16		Hercules Heart
data_item/equip_param.dat	967	name	16	14		Speed Earring
data_item/equip_param.dat	968	name	16	14		Wind Earring
data_item/equip_param.dat	969	name	16	14		Sonic Earring
data_item/equip_param.dat	970	name	16	14		Fujin Earring
data_item/equip_param.dat	971	name	16	14		Mind Earring
data_item/equip_param.dat	972	name	16	14		Magic Earring
data_item/equip_param.dat	973	name	16	16		Wizard Earring
data_item/equip_param.dat	974	name	16	14		Elder Rune
data_item/equip_param.dat	975	name	16	14		Swift Earring
data_item/equip_param.dat	976	name	16	14		Cheetah Earring
data_item/equip_param.dat	977	name	16	12		Boost Gear
data_item/equip_param.dat	978	name	16	16		Boost Gear SP
data_item/equip_param.dat	979	name	16	14		Charge Earring
data_item/equip_param.dat	980	name	16	14		Hours Earring
data_item/equip_param.dat	981	name	16	14		Clock Earring
data_item/equip_param.dat	982	name	16	14		Chronos Earring
data_item/equip_param.dat	983	name	16	16		Tiger Tooth
data_item/equip_param.dat	984	name	16	16		Shark Tooth
data_item/equip_param.dat	985	name	16	16		Beast Tooth
data_item/equip_param.dat	986	name	16	16		Dragon Tooth
data_item/equip_param.dat	987	name	16	14		Lucky Earring
data_item/equip_param.dat	988	name	16	14		Happy Earring
data_item/equip_param.dat	989	name	16	14		Miracle Earring
data_item/equip_param.dat	990	name	16	16		Fever Earring
data_item/equip_param.dat	991	name	16	14		Gold Earring
data_item/equip_param.dat	992	name	16	14		Platinum Earring
data_item/equip_param.dat	993	name	16	14		Mithril Earring
data_item/equip_param.dat	994	name	16	14		Dwarf Earring
data_item/equip_param.dat	995	name	16	14		White Earring
data_item/equip_param.dat	996	name	16	14		Colorful Earring
data_item/equip_param.dat	997	name	16	16		Tricolor Earring
data_item/equip_param.dat	998	name	16	16		4-Color Earring
data_item/equip_param.dat	999	name	16	14		Rainbow Earring
data_item/equip_param.dat	1000	name	16	16		Gold Dragon Head
data_item/equip_param.dat	1001	name	16	16		Gold Dragon Helm
data_item/equip_param.dat	1002	name	16	16		Holy Dragon Head
data_item/equip_param.dat	1003	name	16	16		Holy Dragon Helm
data_item/equip_param.dat	1004	name	16	16		Black Goggles
data_item/equip_param.dat	1005	name	16	14		Dark Goggles
data_item/equip_param.dat	1006	name	16	16		Stealth Goggles
data_item/equip_param.dat	1007	name	16	14		Stealth Glasses
data_item/equip_param.dat	1008	name	16	16		Demon Face
data_item/equip_param.dat	1009	name	16	14		Demon Helm
data_item/equip_param.dat	1010	name	16	14		Hell Face
data_item/equip_param.dat	1011	name	16	12		Hell Helm
data_item/equip_param.dat	1012	name	16	16		Phoenix Charm
data_item/equip_param.dat	1013	name	16	16		Phoenix Hat
data_item/equip_param.dat	1014	name	16	16		Divine Charm
data_item/equip_param.dat	1015	name	16	16		Divine Hat
data_item/equip_param.dat	1016	name	16	16		Gold Dragon Vest
data_item/equip_param.dat	1017	name	16	16		Gold Dragon Mail
data_item/equip_param.dat	1018	name	16	16		Holy Dragon Vest
data_item/equip_param.dat	1019	name	16	16		Holy Dragon Mail
data_item/equip_param.dat	1020	name	16	14		Shadow Cloth
data_item/equip_param.dat	1021	name	16	14		Shadow Suit
data_item/equip_param.dat	1022	name	16	14		Stealth Cloth
data_item/equip_param.dat	1023	name	16	14		Stealth Suit
data_item/equip_param.dat	1024	name	16	14		Demon Mail
data_item/equip_param.dat	1025	name	16	16		Demon Armor
data_item/equip_param.dat	1026	name	16	12		Hell Mail
data_item/equip_param.dat	1027	name	16	14		Hell Armor
data_item/equip_param.dat	1028	name	16	16		Phoenix Robe
data_item/equip_param.dat	1029	name	16	16		Phoenix Vestment
data_item/equip_param.dat	1030	name	16	16		Divine Robe
data_item/equip_param.dat	1031	name	16	16		Divine Vestment
data_item/equip_param.dat	1032	name	16	16		Gold Dragon Foot
data_item/equip_param.dat	1033	name	16	16		Gold Dragon Legs
data_item/equip_param.dat	1034	name	16	16		Holy Dragon Foot
data_item/equip_param.dat	1035	name	16	16		Holy Dragon Legs
data_item/equip_param.dat	1036	name	16	16		Shadow Shoes
data_item/equip_param.dat	1037	name	16	14		Shadow Boots
data_item/equip_param.dat	1038	name	16	16		Stealth Shoes
data_item/equip_param.dat	1039	name	16	14		Stealth Boots
data_item/equip_param.dat	1040	name	16	14		Demon Boots
data_item/equip_param.dat	1041	name	16	14		Demon Legs
data_item/equip_param.dat	1042	name	16	12		Hell Boots
data_item/equip_param.dat	1043	name	16	12		Hell Legs
data_item/equip_param.dat	1044	name	16	14		Phoenix Shoes
data_item/equip_param.dat	1045	name	16	16		Phoenix Greaves
data_item/equip_param.dat	1046	name	16	14		Divine Shoes
data_item/equip_param.dat	1047	name	16	16		Divine Greaves
data_item/equip_param.dat	0	desc	76	59		A knife for cutting fruit.\nNot particularly sharp.
data_item/equip_param.dat	1	desc	76	47		A slightly heavy iron knife,\nsharp-edged.
data_item/equip_param.dat	2	desc	76	55		A knife light as a feather.\nEasy to carry around.
data_item/equip_param.dat	3	desc	76	55		A thick, horn-like blade.\nHas quite a bit of heft.
data_item/equip_param.dat	4	desc	76	61		A thick, horn-like blade\npolished for easier use.
data_item/equip_param.dat	5	desc	76	69		A sword infused with magma.\nDeals fire damage on hit.
data_item/equip_param.dat	6	desc	76	69		A Magma Sword forged further,\nwith even stronger fire power.
data_item/equip_param.dat	7	desc	76	65		A knife dealing wounds\nthat are hard to heal.
data_item/equip_param.dat	8	desc	76	61		A Flamberg reforged\nfor an even sharper edge.
data_item/equip_param.dat	9	desc	76	57		A wave-bladed sword that\ndeals lethal wounds to foes.
data_item/equip_param.dat	10	desc	76	65		A sharp blade from the East,\nfavored by samurai.
data_item/equip_param.dat	11	desc	76	65		A blade longer than a katana,\nyet easier to wield.
data_item/equip_param.dat	12	desc	76	63		Said to be a legendary blade.\nIts power lives up to the name.
data_item/equip_param.dat	13	desc	76	65		A renowned katana, said to\ncut through iron like paper.
data_item/equip_param.dat	14	desc	76	57		A knife adorned with\nbeautiful silver engravings.
data_item/equip_param.dat	15	desc	76	49		A silver knife with\na blade-like sharpness.
data_item/equip_param.dat	16	desc	76	65		A knife of love, turning\naffection into striking force.
data_item/equip_param.dat	17	desc	76	65		A crescent-shaped greatsword\nnamed after the moon.
data_item/equip_param.dat	18	desc	76	63		A greatsword that glows\nlike the moon in the sky.
data_item/equip_param.dat	19	desc	76	57		A crescent greatsword that\ncalls to mind a black moon.
data_item/equip_param.dat	20	desc	76	61		A greatsword that glows dimly,\nas if fused with darkness.
data_item/equip_param.dat	21	desc	76	65		A magic sword that shortens\nits wielder's recharge time.
data_item/equip_param.dat	22	desc	76	67		A sword that boosts magic power\nand quickens speed further.
data_item/equip_param.dat	23	desc	76	67		A Time Blade reforged, its\nperformance honed to the limit.
data_item/equip_param.dat	24	desc	76	51		A platinum knife\nwith a razor-sharp edge.
data_item/equip_param.dat	25	desc	76	49		A platinum knife of\nrefined, elegant design.
data_item/equip_param.dat	26	desc	76	59		A knife coated in poison,\nmeant to finish off foes.
data_item/equip_param.dat	27	desc	76	63		A Poison Edge reforged\nwith an even stronger venom.
data_item/equip_param.dat	28	desc	76	61		A greatsword forged from\nice-cold, frozen stone.
data_item/equip_param.dat	29	desc	76	61		A frost greatsword whose\nchill freezes what it cuts.
data_item/equip_param.dat	30	desc	76	59		A blade with an ice spirit\ndwelling within, boosting power.
data_item/equip_param.dat	31	desc	76	61		A magic sword that freezes\neverything from the cut.
data_item/equip_param.dat	32	desc	76	61		Said to be a greatsword forged\nby harnessing lightning's power.
data_item/equip_param.dat	33	desc	76	61		A thunder blade that strikes\ndown foes with lightning.
data_item/equip_param.dat	34	desc	76	61		A sword born from the feelings\nof two people in love.
data_item/equip_param.dat	35	desc	76	55		A heavy greatsword infused\nwith the thoughts of lovers.
data_item/equip_param.dat	36	desc	76	55		A uniquely-shaped sword that\nturns sound's power into a blade.
data_item/equip_param.dat	37	desc	76	63		A sword decorated with music notes,\npowerful thanks to sound's force.
data_item/equip_param.dat	38	desc	76	59		A magic sword whose cheerful\ntune calls forth good luck.
data_item/equip_param.dat	39	desc	76	57		A sword that rings out a\nserene tone when foes fall.
data_item/equip_param.dat	40	desc	76	67		Said to be a magic sword whose\npassionate tone stirs up flame.
data_item/equip_param.dat	41	desc	76	61		A knife whose mithril blade\ngives it tremendous sharpness.
data_item/equip_param.dat	42	desc	76	61		A knife reinforced with gems,\nbeautiful to look at too.
data_item/equip_param.dat	43	desc	76	63		Said to be a magic sword that\nbrings its wielder further wealth.
data_item/equip_param.dat	44	desc	76	63		A magic sword said to turn\nwhatever it cuts into gold.
data_item/equip_param.dat	45	desc	76	71		A blade forged of ancient metal\nthat gives off a strange vibration.
data_item/equip_param.dat	46	desc	76	67		An ancient blade refined until\nit regained its original shine.
data_item/equip_param.dat	47	desc	76	65		An ancient blade polished until\nits power is fully restored.
data_item/equip_param.dat	48	desc	76	67		A greatsword once wielded by\na giant; using it stirs strength.
data_item/equip_param.dat	49	desc	76	69		A legendary giant-kin greatsword\nthat grants bottomless stamina.
data_item/equip_param.dat	50	desc	76	57		A knife whose winding blade\ncoils around like a snake.
data_item/equip_param.dat	51	desc	76	69		A knife that leaves what it cuts\nnumb, like a snake's bite.
data_item/equip_param.dat	52	desc	76	67		A knife with heightened paralytic\nvenom, sure to finish foes off.
data_item/equip_param.dat	53	desc	76	65		An assassin's knife whose\njet-black blade disorients foes.
data_item/equip_param.dat	54	desc	76	61		A poison-laced dusk knife,\nfavored by assassins.
data_item/equip_param.dat	55	desc	76	67		A lavish greatsword made without\nsparing expense on materials.
data_item/equip_param.dat	56	desc	76	69		A first-class greatsword crafted\nwith great care by a master smith.
data_item/equip_param.dat	57	desc	76	55		A black blade that lures\nfoes into eternal slumber.
data_item/equip_param.dat	58	desc	76	59		A demonic blade blessed by\nan evil being, dyed black.
data_item/equip_param.dat	59	desc	76	61		A greatsword said to be sharp\nenough to slice through dimensions.
data_item/equip_param.dat	60	desc	76	55		A dimension blade, upgraded\nfrom the Rift Blade A.
data_item/equip_param.dat	61	desc	76	63		A dimension blade further\nreinforced to tremendous power.
data_item/equip_param.dat	62	desc	76	59		An ominous dimension blade\nmodeled after a crimson moon.
data_item/equip_param.dat	63	desc	76	73		A gimmick blade with a bright red\nedge, said to be stained in blood.
data_item/equip_param.dat	64	desc	76	63		A Blood Gear remodeled\nfor an even sharper edge.
data_item/equip_param.dat	65	desc	76	69		A blade combining ancient and\nfuture tech to speed recharge.
data_item/equip_param.dat	66	desc	76	65		A blade harnessing hell's power\nto speed up recharge time.
data_item/equip_param.dat	67	desc	76	69		A phantom blade once owned\nby one called the ruler of time.
data_item/equip_param.dat	68	desc	76	61		A blade whose earthen breath\nheals its wielder's fatigue.
data_item/equip_param.dat	69	desc	76	47		A healing blade blessed\nwith heaven's grace.
data_item/equip_param.dat	70	desc	76	63		A legendary blade said to\ncome from an ancient civilization.
data_item/equip_param.dat	71	desc	76	69		A blade forged in the flames\nof the underworld, still ablaze.
data_item/equip_param.dat	72	desc	76	53		A demon blade that can freely\nsummon the underworld's flame.
data_item/equip_param.dat	73	desc	76	73		A legendary blade housing a\nfire god's power to burn all.
data_item/equip_param.dat	74	desc	76	63		A bokken made from a sacred tree,\ncloaked in tremendous menace.
data_item/equip_param.dat	75	desc	76	67		A bokken housing a sword\nsaint's soul, unmatched in power.
data_item/equip_param.dat	76	desc	76	65		A blade both eerie and beautiful,\nhiding power to cut through all.
data_item/equip_param.dat	77	desc	76	69		The ultimate blade, cleansed of\nevil, at the peak of strength.
data_item/equip_param.dat	78	desc	76	65		A katana carved from wood,\nessential for training.
data_item/equip_param.dat	79	desc	76	65		A bokken improved for ease of\nuse, prioritizing a good grip.
data_item/equip_param.dat	80	desc	76	65		A bokken with its tip honed down,\nboosting both power and lightness.
data_item/equip_param.dat	81	desc	76	63		A magic sword that greatly\nboosts its wielder's magic power.
data_item/equip_param.dat	82	desc	76	59		A magic sword of happiness\nthat raises magic power further.
data_item/equip_param.dat	83	desc	76	63		A lucky magic sword with\nmagic power raised to the limit.
data_item/equip_param.dat	84	desc	76	49		A beam sword that slices\nfoes with a blade of light.
data_item/equip_param.dat	85	desc	76	53		A beam sword that slices\nfoes with high output power.
data_item/equip_param.dat	86	desc	76	71		A beam sword built by\ncondensing tech for huge output.
data_item/equip_param.dat	87	desc	76	67		A prototype next-gen weapon\nthat boasts tremendous power.
data_item/equip_param.dat	88	desc	76	73		A next-gen weapon finally\nperfected through repeated research.
data_item/equip_param.dat	89	desc	76	71		A next-gen weapon customized\nfor combat, its power raised.
data_item/equip_param.dat	90	desc	76	49		A netherworld knife that cuts\nfoes, thirsting for living blood.
data_item/equip_param.dat	91	desc	76	59		A knife holding dark power;\nthe more it's used, the better it fits.
data_item/equip_param.dat	92	desc	76	59		A devil's blade forged\nusing a demon's power as material.
data_item/equip_param.dat	93	desc	76	55		A devil's blade housing\na demon's very soul.
data_item/equip_param.dat	94	desc	76	63		A knife made from the bones\nof a named demon of the underworld.
data_item/equip_param.dat	95	desc	76	61		A demonic blade that shines\nbrighter with each life it takes.
data_item/equip_param.dat	96	desc	76	61		Said to be a demonic blade that\ndrains foes' lives into power.
data_item/equip_param.dat	97	desc	76	59		A demonic blade that devours\nfoes' souls to heal its wielder.
data_item/equip_param.dat	98	desc	76	63		A hero's blade seeking\na decisive, total victory.
data_item/equip_param.dat	99	desc	76	65		A magic sword that instantly\nreveals any information sought.
data_item/equip_param.dat	100	desc	76	65		A fir tree decorated beautifully,\nexciting just to look at.
data_item/equip_param.dat	101	desc	76	65		A mage's practice staff.\nLight, but a bit awkward to use.
data_item/equip_param.dat	102	desc	76	55		A staff made with a magic leaf,\nvery easy to handle.
data_item/equip_param.dat	103	desc	76	65		A staff of magic leaf that\nconducts magic power even better.
data_item/equip_param.dat	104	desc	76	65		A powerful staff made from a\nleaf housing great magic power.
data_item/equip_param.dat	105	desc	76	61		A fluffy staff tipped\nwith soft fur.
data_item/equip_param.dat	106	desc	76	55		A rod with a wonderfully\nfluffy, soft-to-the-touch feel.
data_item/equip_param.dat	107	desc	76	67		A rod of very soft fur;\nburying your face in it brings sleep.
data_item/equip_param.dat	108	desc	76	65		A staff so comfortable that\nusing it in battle induces sleep.
data_item/equip_param.dat	109	desc	76	41		An iron staff\nwith a real sense of weight.
data_item/equip_param.dat	110	desc	76	57		An iron staff customized\nwith parts to boost power.
data_item/equip_param.dat	111	desc	76	61		A staff whose iron mechanism\nraises magic power to the max.
data_item/equip_param.dat	112	desc	76	63		A staff that attacks with a\ncannon, adding fire damage.
data_item/equip_param.dat	113	desc	76	59		A staff with a large cannon,\nadding fire damage.
data_item/equip_param.dat	114	desc	76	61		A staff with a giant cannon,\nadding fire damage.
data_item/equip_param.dat	115	desc	76	63		A magic cannon of raised power,\nadding fire damage.
data_item/equip_param.dat	116	desc	76	41		A staff that fills you\nwith happiness just to see.
data_item/equip_param.dat	117	desc	76	51		A staff that fills you with\ngreat happiness just to touch.
data_item/equip_param.dat	118	desc	76	57		A very lovely staff,\nadding damage of love.
data_item/equip_param.dat	119	desc	76	61		A staff wishing for love\nand peace, adding damage of love.
data_item/equip_param.dat	120	desc	76	57		A staff of gorgeous ornament\nwith a mystical shine.
data_item/equip_param.dat	121	desc	76	53		A jeweled staff\nset with beautiful gems.
data_item/equip_param.dat	122	desc	76	55		A staff infused with the\ngalaxy's power; speeds recharge.
data_item/equip_param.dat	123	desc	76	57		A staff infused with the\nuniverse's power; speeds recharge.
data_item/equip_param.dat	124	desc	76	65		A staff whose candy power\nraises its wielder's stamina.
data_item/equip_param.dat	125	desc	76	67		A staff pursuing a new flavor;\ntastes of strawberry when licked.
data_item/equip_param.dat	126	desc	76	67		A staff exploring the next\nflavor; tastes of chocolate.
data_item/equip_param.dat	127	desc	76	63		A staff evolved into a grown-up\ntaste of bitter scent and sweetness.
data_item/equip_param.dat	128	desc	76	53		A luxurious staff\nmade entirely of platinum.
data_item/equip_param.dat	129	desc	76	49		A staff crafted with careful\nattention to looks and power.
data_item/equip_param.dat	130	desc	76	63		A staff turning consciousness\ninto magic; raises max MP.
data_item/equip_param.dat	131	desc	76	63		A staff that absorbs magic\npower, raising max MP.
data_item/equip_param.dat	132	desc	76	61		A staff with an evolved\ncannon, adding fire damage.
data_item/equip_param.dat	133	desc	76	65		A staff with a boosted\ncannon, adding fire damage.
data_item/equip_param.dat	134	desc	76	61		A cannon-shaped staff drawing\non a dragon's flame power.
data_item/equip_param.dat	135	desc	76	53		A staff of flame that burns\nall with a dragon's power.
data_item/equip_param.dat	136	desc	76	59		A very funky staff -- holding it\nlightens body and mind alike.
data_item/equip_param.dat	137	desc	76	65		An Afro Stick with more volume\nreinforced, even funkier now.
data_item/equip_param.dat	138	desc	76	63		A staff channeling afro power,\nhousing the soul of a god.
data_item/equip_param.dat	139	desc	76	61		A staff decorated with\nvivid, autumn-colored leaves.
data_item/equip_param.dat	140	desc	76	55		A vivid staff that makes\nyou feel autumn's arrival.
data_item/equip_param.dat	141	desc	76	73		A stick made from Yggdrasil;\nheals HP when foes are defeated.
data_item/equip_param.dat	142	desc	76	65		A celestial staff bringing\nblessings from the heavenly gods.
data_item/equip_param.dat	143	desc	76	61		A mysterious staff, a three-\npronged fork polished for use.
data_item/equip_param.dat	144	desc	76	65		A staff using a trident shape\nto heighten synergy effects.
data_item/equip_param.dat	145	desc	76	61		A cool, red-colored fork\nthat raises critical hit rate.
data_item/equip_param.dat	146	desc	76	61		A staff polished like a spear\nthat raises critical hit rate.
data_item/equip_param.dat	147	desc	76	61		A spear-shaped staff with\nraised power, boosting crit rate.
data_item/equip_param.dat	148	desc	76	59		A staff offering a cool\nsweetness and a fizzy texture.
data_item/equip_param.dat	149	desc	76	71		A tasty staff mixing various\nfruits into a new deliciousness.
data_item/equip_param.dat	150	desc	76	65		An amazing staff offering a\nspecial, fizzy, melt-in-mouth feel.
data_item/equip_param.dat	151	desc	76	61		A lavish staff made with gold;\nincreases gold earned.
data_item/equip_param.dat	152	desc	76	61		A Gold Horn studded with\nplatinum, shining even brighter.
data_item/equip_param.dat	153	desc	76	61		A staff of luxurious form,\nbeautiful to look at too.
data_item/equip_param.dat	154	desc	76	61		A lavish horn that plays a\nmiraculous tone, bringing wealth.
data_item/equip_param.dat	155	desc	76	57		A staff fitted with an emerald\nshining in jade-green.
data_item/equip_param.dat	156	desc	76	63		A staff of deep green,\nlike a beautiful tree's leaves.
data_item/equip_param.dat	157	desc	76	67		A staff bearing a rose's name;\ngazing at it fills you with vigor.
data_item/equip_param.dat	158	desc	76	67		A passionate staff, dyed\nentirely in vivid crimson.
data_item/equip_param.dat	159	desc	76	63		A staff that stirs fighting\nspirit like a blazing crimson flame.
data_item/equip_param.dat	160	desc	76	55		A staff that numbs a foe's\nheart, with a paralysis effect.
data_item/equip_param.dat	161	desc	76	47		A heart-shaped staff\nhiding deep passion.
data_item/equip_param.dat	162	desc	76	55		A black heart-shaped staff\ninfused with strong feeling.
data_item/equip_param.dat	163	desc	76	67		A staff holding true feelings\nhidden behind the heart.
data_item/equip_param.dat	164	desc	76	67		A pure heart-shaped staff giving\nform to an honest feeling.
data_item/equip_param.dat	165	desc	76	67		A beautiful, pure-white horn\nwith the power to heal its wielder.
data_item/equip_param.dat	166	desc	76	69		A staff whose tip-mounted horn\nsings out an angel's song.
data_item/equip_param.dat	167	desc	76	69		A shining divine flute that\nrings out a god's blessed tone.
data_item/equip_param.dat	168	desc	76	67		A staff housing thunder's power;\ndeals thunder damage.
data_item/equip_param.dat	169	desc	76	61		A staff whose storm-cloud\nornament unleashes fierce lightning.
data_item/equip_param.dat	170	desc	76	61		A god's staff able to loose\nZeus's own judging lightning.
data_item/equip_param.dat	171	desc	76	61		A holy, radiant spear carried\nby a soldier of heaven.
data_item/equip_param.dat	172	desc	76	57		A spear of tremendous power,\nheld by the king who rules the gods.
data_item/equip_param.dat	173	desc	76	65		An Odin Spear reforged with\nheightened destructive power.
data_item/equip_param.dat	174	desc	76	65		The mightiest god's spear,\nguaranteed to hit its target.
data_item/equip_param.dat	175	desc	76	61		A melon-flavored candy staff\nthat helps its wielder grow.
data_item/equip_param.dat	176	desc	76	73		A staff mixing many fruits,\nraising both power and flavor.
data_item/equip_param.dat	177	desc	76	69		A delicious staff lavishly made\nwith the finest melon and juice.
data_item/equip_param.dat	178	desc	76	69		A rare staff, obtainable by only\na select few, greatly raising MP.
data_item/equip_param.dat	179	desc	76	73		A staff of happiness bringing\ngreater joy to a select few.
data_item/equip_param.dat	180	desc	76	55		A staff of good fortune,\ngranted only to a select few.
data_item/equip_param.dat	181	desc	76	69		An electric staff that glows\nwhite-hot; deals thunder damage.
data_item/equip_param.dat	182	desc	76	65		A staff that fires lightning so\nbright it makes you squint.
data_item/equip_param.dat	183	desc	76	59		An electric staff capable of\nfiring tremendous energy.
data_item/equip_param.dat	184	desc	76	67		A mechanical staff born from\na highly advanced civilization.
data_item/equip_param.dat	185	desc	76	65		A high-tech mechanical rod,\nreinforced through remodeling.
data_item/equip_param.dat	186	desc	76	69		A rod upgraded through\ncustomization taken to the limit.
data_item/equip_param.dat	187	desc	76	63		An oddly-shaped staff;\nrecovers HP when foes are defeated.
data_item/equip_param.dat	188	desc	76	65		A staff said to devour lives;\nit sometimes moves eerily on its own.
data_item/equip_param.dat	189	desc	76	65		A devil's staff powered up\nby incorporating wicked materials.
data_item/equip_param.dat	190	desc	76	71		Said to be held by a true devil,\nits wicked power raised further.
data_item/equip_param.dat	191	desc	76	71		A staff held by a high-ranking\ndevil; recovers HP on kills.
data_item/equip_param.dat	192	desc	76	63		A staff bearing a devil's\ncall, luring its wielder to battle.
data_item/equip_param.dat	193	desc	76	65		A staff so wicked in presence\nthat hell's demon beasts fear it.
data_item/equip_param.dat	194	desc	76	69		A staff of dark power that\nsends foes straight to hell's depths.
data_item/equip_param.dat	195	desc	76	63		A legendary staff whose voice\nguides its bearer to victory.
data_item/equip_param.dat	196	desc	76	63		A magic staff that instantly\nreveals any information sought.
data_item/equip_param.dat	197	desc	76	67		A magic staff topped with a\nreindeer that reveals gift locations.
data_item/equip_param.dat	198	desc	76	57		A lightweight, easy-to-use\nhammer for beginners.
data_item/equip_param.dat	199	desc	76	53		A heavy, high-power\nhammer.
data_item/equip_param.dat	200	desc	76	63		A gold-plated mace;\nincreases gold earned.
data_item/equip_param.dat	201	desc	76	57		An insect-shaped hammer whose\ntip needle pierces foes.
data_item/equip_param.dat	202	desc	76	55		An insect-shaped hammer\nwith an even sharper tip.
data_item/equip_param.dat	203	desc	76	51		An insect-shaped hammer coated\nwith a bee's paralytic venom.
data_item/equip_param.dat	204	desc	76	63		An insect-shaped hammer with\na powerful stinger and paralytic venom.
data_item/equip_param.dat	205	desc	76	55		A hammer shaped like a claw\nthat rends foes apart.
data_item/equip_param.dat	206	desc	76	61		A huge hammer shaped like\na large carnivore's claw.
data_item/equip_param.dat	207	desc	76	51		A crimson claw-shaped hammer\nthat crushes rock with ease.
data_item/equip_param.dat	208	desc	76	69		A hammer made using Belial's\nown claw; adds fire damage.
data_item/equip_param.dat	209	desc	76	70		A fan that makes a flashy sound\nwhen swung; restores MP on kills.
data_item/equip_param.dat	210	desc	76	64		A sparkling, glittering fan;\nrestores MP when foes are defeated.
data_item/equip_param.dat	211	desc	76	63		A lavish fan gilded with gold\nleaf, shining brilliantly.
data_item/equip_param.dat	212	desc	76	61		A legendary golden fan once\nheld by the god of comedy.
data_item/equip_param.dat	213	desc	76	71		A hammer made of much silver;\nsimple, yet full of presence.
data_item/equip_param.dat	214	desc	76	71		A silver hammer improved\nfor crushing foes with ease.
data_item/equip_param.dat	215	desc	76	55		A hammer that fits the hand\nwell, very easy to put force into.
data_item/equip_param.dat	216	desc	76	69		A hammer of savage appearance;\nnothing struck by it goes unscathed.
data_item/equip_param.dat	217	desc	76	61		A hammer that gained a spirit\npower; raises max MP.
data_item/equip_param.dat	218	desc	76	69		A Bone Hammer painted black,\nits spirit power raised further.
data_item/equip_param.dat	219	desc	76	61		A hammer with a jet-black\nshine, hiding a mysterious power.
data_item/equip_param.dat	220	desc	76	65		A flag with real heft;\nalso handy for surrendering.
data_item/equip_param.dat	221	desc	76	65		A heavy flag whose fabric was\nupgraded to fine cloth, power raised.
data_item/equip_param.dat	222	desc	76	63		A beautiful flag bearing the\nsun's image; raises max HP.
data_item/equip_param.dat	223	desc	76	55		A sun-disc flag made even\nbigger through technology.
data_item/equip_param.dat	224	desc	76	67		A sun disc made by pushing\nthe design to its absolute limit.
data_item/equip_param.dat	225	desc	76	63		A large flag fitting for one\nwho placed first in competition.
data_item/equip_param.dat	226	desc	76	69		A proof of number one, given\nto the world's fastest person.
data_item/equip_param.dat	227	desc	76	63		A flag marked with a skull;\nsharpens your nose for treasure.
data_item/equip_param.dat	228	desc	76	59		A legendary pirate's flag,\nonce a terror of the seas.
data_item/equip_param.dat	229	desc	76	57		A hammer studded with\nmany spikes for raised power.
data_item/equip_param.dat	230	desc	76	67		A hammer with even more spikes;\nmore spikes means more power.
data_item/equip_param.dat	231	desc	76	67		A hammer whose every spike is\ncoated in venom, dripping with poison.
data_item/equip_param.dat	232	desc	76	63		A hammer with venom potent\nenough to rival a poison snake's.
data_item/equip_param.dat	233	desc	76	59		An insect hammer shaped\nlike a ferocious winged bug.
data_item/equip_param.dat	234	desc	76	65		A hammer that darts about like\na flying insect, pummeling foes.
data_item/equip_param.dat	235	desc	76	65		An insect hammer made from\nmaterial of Beelzebub, lord of flies.
data_item/equip_param.dat	236	desc	76	69		An improved Beelzebufly;\nits blow leaves foes unable to move.
data_item/equip_param.dat	237	desc	76	57		An iron-shaped hammer;\nadds fire damage.
data_item/equip_param.dat	238	desc	76	71		An iron-shaped hammer that can\npress 100 shirts at once.
data_item/equip_param.dat	239	desc	76	67		A hammer adding damage through\nthe double effect of heat and steam.
data_item/equip_param.dat	240	desc	76	67		An iron hammer with heat\nconduction raised through gold.
data_item/equip_param.dat	241	desc	76	61		An ultra-luxury iron hammer,\nfavored by celebrities too.
data_item/equip_param.dat	242	desc	76	69		A hammer fitted with a\nround-shaped mithril tip.
data_item/equip_param.dat	243	desc	76	61		A hammer of polished mithril\nglowing a brilliant blue.
data_item/equip_param.dat	244	desc	76	63		A very tasteful hammer\nfitted with a small moon.
data_item/equip_param.dat	245	desc	76	65		A beautiful hammer holding the\nlight of a full moon in the night sky.
data_item/equip_param.dat	246	desc	76	65		A hammer powerful enough to\nstagger a hard-skinned dragon.
data_item/equip_param.dat	247	desc	76	73		A hammer whose blow feels\nlike being trampled by a dragon.
data_item/equip_param.dat	248	desc	76	63		A hammer packed full of\naffection; adds damage of love.
data_item/equip_param.dat	249	desc	76	67		A hammer infused with an\nabundance of very heavy affection.
data_item/equip_param.dat	250	desc	76	61		An ancient toothbrush so huge\nit couldn't fit in any mouth.
data_item/equip_param.dat	251	desc	76	65		A handy hammer usable\nfor brushing your teeth too.
data_item/equip_param.dat	252	desc	76	69		A hammer that keeps teeth\nhealthy and restores stamina.
data_item/equip_param.dat	253	desc	76	63		An excellent toothbrush hammer\nthat keeps teeth clean.
data_item/equip_param.dat	254	desc	76	71		A legendary toothbrush said to\nleave not a single cavity behind.
data_item/equip_param.dat	255	desc	76	61		An ominous star-shaped hammer\nthat brings misfortune to foes.
data_item/equip_param.dat	256	desc	76	63		A reinforced Black Star,\ndarkened like the void itself.
data_item/equip_param.dat	257	desc	76	71		A hammer overflowing with\ndestructive energy that boosts spirit.
data_item/equip_param.dat	258	desc	76	63		A golden hammer whose impact\non striking gives birth to stars.
data_item/equip_param.dat	259	desc	76	63		A hammer made using a fang\ntorn straight from a demon beast.
data_item/equip_param.dat	260	desc	76	61		A hammer that channels the\nevil overflowing from the netherworld.
data_item/equip_param.dat	261	desc	76	69		A hammer capable of a savage\nblow befitting a devil.
data_item/equip_param.dat	262	desc	76	69		A hammer with a reaper's power\nthat sometimes steals souls too.
data_item/equip_param.dat	263	desc	76	55		A hammer crafted from the\nbones of an extinct earth drake.
data_item/equip_param.dat	264	desc	76	65		A hammer forged from the bones\nof a dinosaur that once ruled Earth.
data_item/equip_param.dat	265	desc	76	59		A Deathrokia hammer that\ndeals bone-chilling damage.
data_item/equip_param.dat	266	desc	76	65		A reinforced Deathroki Mace\nthat freezes and shatters foes.
data_item/equip_param.dat	267	desc	76	59		The final form of the Deathroki\nline, freezing everything solid.
data_item/equip_param.dat	268	desc	76	63		A fierce, dangerous hammer that\nunleashes lightning when swung.
data_item/equip_param.dat	269	desc	76	59		A hammer held by Raijin, a god\nwho calls down thunderbolts.
data_item/equip_param.dat	270	desc	76	59		A legendary hammer that\nstrikes lightning where it lands.
data_item/equip_param.dat	271	desc	76	47		A jet-black fan crafted\nfrom flames of darkness.
data_item/equip_param.dat	272	desc	76	63		A fan of flame once used by\na priest who served the fire god.
data_item/equip_param.dat	273	desc	76	53		A blazing fan of flame,\npossessed by the fire god himself.
data_item/equip_param.dat	274	desc	76	61		A hammer built with technology\nthat transcends time.
data_item/equip_param.dat	275	desc	76	69		A hammer that computes its\nwielder's will, sharpening judgment.
data_item/equip_param.dat	276	desc	76	73		A hammer that automatically\npredicts the future for swift action.
data_item/equip_param.dat	277	desc	76	59		The ultimate hammer, capable of\ncrushing foes to the atomic level.
data_item/equip_param.dat	278	desc	76	67		A light, easy-to-use mallet;\none swing packs in much experience.
data_item/equip_param.dat	279	desc	76	57		A powered-up mallet that\npacks in even more experience.
data_item/equip_param.dat	280	desc	76	69		A well-worn mallet that\ngrants veteran-level experience.
data_item/equip_param.dat	281	desc	76	45		A pink fan\nholding magical power.
data_item/equip_param.dat	282	desc	76	59		A mysterious fan painted with\ncherry blossoms; sparks magic events.
data_item/equip_param.dat	283	desc	76	57		A divine fan said to have its\nwielder blessed by a goddess.
data_item/equip_param.dat	284	desc	76	63		A mace that electrifies foes\nas if struck by lightning.
data_item/equip_param.dat	285	desc	76	67		A high-tech hammer composed\nof dense, concentrated light energy.
data_item/equip_param.dat	286	desc	76	69		An electronic hammer with\nplasma power, unleashing fierce shocks.
data_item/equip_param.dat	287	desc	76	65		A hammer created by fusing\nscience and magical knowledge.
data_item/equip_param.dat	288	desc	76	63		An electronic hammer that\nconverts magic power into lightning.
data_item/equip_param.dat	289	desc	76	65		The finest custom hammer,\ntuned to its absolute limit.
data_item/equip_param.dat	290	desc	76	67		A hammer of darkness that\nabsorbs the life force of fallen foes.
data_item/equip_param.dat	291	desc	76	61		A reinforced Evil Mace,\nforged with wicked power.
data_item/equip_param.dat	292	desc	76	63		A devil's mace once wielded\nby a ferocious demon.
data_item/equip_param.dat	293	desc	76	63		A knight's hammer, born from a\npact with a devil to grant a wish.
data_item/equip_param.dat	294	desc	76	65		A mace made by a devil's\npriest to drain away life.
data_item/equip_param.dat	295	desc	76	61		A wicked hammer that has\nabsorbed the power of many devils.
data_item/equip_param.dat	296	desc	76	53		A hammer of hell that sends\nthe powerless down to it.
data_item/equip_param.dat	297	desc	76	69		The mightiest hammer, striking\nfoes straight down to hell.
data_item/equip_param.dat	298	desc	76	65		A hero's hammer seeking\na decisive, total victory.
data_item/equip_param.dat	299	desc	76	67		A magic hammer that instantly\nreveals any information sought.
data_item/equip_param.dat	300	desc	76	65		A very large sack of Santa's,\nexciting just to look at.
data_item/equip_param.dat	301	desc	76	63		A fragile shield made of wood;\nnot very reliable as shields go.
data_item/equip_param.dat	302	desc	76	61		A light shield made of wood;\nthick enough for some reassurance.
data_item/equip_param.dat	303	desc	76	59		A large wooden shield able\nto hide most of the body.
data_item/equip_param.dat	304	desc	76	63		A hard iron shield, basic\nequipment for a trainee warrior.
data_item/equip_param.dat	305	desc	76	67		A sturdy iron shield;\na bit heavy, but practical.
data_item/equip_param.dat	306	desc	76	63		A tough iron shield;\nquite heavy, but reliable.
data_item/equip_param.dat	307	desc	76	65		Called the Silver Sun, a shield\nringed with sharp blades.
data_item/equip_param.dat	308	desc	76	65		Called the White Sun, a shield\nthat reflects attacks back at foes.
data_item/equip_param.dat	309	desc	76	59		A fiery-red, aggressive shield\nlike the blazing sun.
data_item/equip_param.dat	310	desc	76	59		A dazzling, aggressive shield\nlike a scorching sun.
data_item/equip_param.dat	311	desc	76	63		A shield through which you can\nfaintly hear a babbling brook.
data_item/equip_param.dat	312	desc	76	57		A shield blessed by the forest,\nfrom which birdsong can be heard.
data_item/equip_param.dat	313	desc	76	61		A shield blessed by a fairy\nliving deep within the forest.
data_item/equip_param.dat	314	desc	76	47		A silver shield recreating\nthe face of a lion.
data_item/equip_param.dat	315	desc	76	51		A metallic shield molded\nin the shape of the king of beasts.
data_item/equip_param.dat	316	desc	76	65		A fierce beast shield baring\nits fangs as if about to bite.
data_item/equip_param.dat	317	desc	76	65		A ferocious dragon shield that\nkeeps growling as if alive.
data_item/equip_param.dat	318	desc	76	67		A beautiful platinum shield\nthat reflects like a mirror.
data_item/equip_param.dat	319	desc	76	67		A shining platinum shield,\nreflecting light all around.
data_item/equip_param.dat	320	desc	76	63		An ice shield cloaked in cold\nair, its surface always frozen.
data_item/equip_param.dat	321	desc	76	65		A thick, hard ice shield like\nan ice wall blocking your path.
data_item/equip_param.dat	322	desc	76	53		A shield of happiness; equip\nit and joyful things happen.
data_item/equip_param.dat	323	desc	76	61		A shield of happiness; equip\nit and happy things keep happening.
data_item/equip_param.dat	324	desc	76	53		A shield of good fortune that\nkeeps calling luck your way.
data_item/equip_param.dat	325	desc	76	61		A strange shield that somehow\nmakes everyone give you gifts.
data_item/equip_param.dat	326	desc	76	71		A shield made by carefully\nworking hard-to-handle mithril.
data_item/equip_param.dat	327	desc	76	71		A mithril shield masterfully\nforged to its hardness limit.
data_item/equip_param.dat	328	desc	76	61		An earthen shield sealing\naway a Daitarn's colossal power.
data_item/equip_param.dat	329	desc	76	67		An earthen shield that has\nabsorbed all of a Daitarn's power.
data_item/equip_param.dat	330	desc	76	59		A shield of patches, recklessly\nstitched together piece by piece.
data_item/equip_param.dat	331	desc	76	63		A shield with added material,\nbuilt to endure any attack.
data_item/equip_param.dat	332	desc	76	59		A shield built by stitching\ntogether many different materials.
data_item/equip_param.dat	333	desc	76	61		A patchwork shield that\nprotects against many kinds of attack.
data_item/equip_param.dat	334	desc	76	69		The final form of the Patch\nGuard line; its look is now art.
data_item/equip_param.dat	335	desc	76	67		A shield housing a demon\nbeast's heart; reduces ice damage.
data_item/equip_param.dat	336	desc	76	65		A shield wrapped in a fire\nbeast's heat; it feels warm to hold.
data_item/equip_param.dat	337	desc	76	47		A shield gaining the power of\na demon beast that serves the gods.
data_item/equip_param.dat	338	desc	76	63		A shield housing the power of\nthe gods, warding off all spirit energy.
data_item/equip_param.dat	339	desc	76	55		A shield with black wings;\nraises movement speed.
data_item/equip_param.dat	340	desc	76	63		A shield with jet-black wings\nthat flap as if truly alive.
data_item/equip_param.dat	341	desc	76	57		A shield gaining red wings;\nits vivid feathers catch the eye.
data_item/equip_param.dat	342	desc	76	59		A shield gaining crimson wings\nthat spread like flames.
data_item/equip_param.dat	343	desc	76	73		A shield finished with a\nlegendary great tree; raises stamina.
data_item/equip_param.dat	344	desc	76	71		A shield finished with the\nearth's breath; raises stamina.
data_item/equip_param.dat	345	desc	76	71		A shield finished with a\nspirit's prayer; raises stamina.
data_item/equip_param.dat	346	desc	76	63		A shield with holy wings;\nreduces thunder damage.
data_item/equip_param.dat	347	desc	76	71		A shield drawing on angelic\npower to protect its wielder.
data_item/equip_param.dat	348	desc	76	57		A shield made using a god's\nwings, warding off all evil energy.
data_item/equip_param.dat	349	desc	76	63		The mightiest shield, passed\ndown in Argos's own legends.
data_item/equip_param.dat	350	desc	76	55		Aegis's legendary shield\nthat wards off any attack.
data_item/equip_param.dat	351	desc	76	73		A shield favored by Perseus,\nfeller of any monster.
data_item/equip_param.dat	352	desc	76	69		A small shield somehow often\ntargeted; grants extra experience.
data_item/equip_param.dat	353	desc	76	69		A large shield somehow often\ntargeted; grants extra experience.
data_item/equip_param.dat	354	desc	76	59		A splendid shield that draws\nmonsters' attention like a magnet.
data_item/equip_param.dat	355	desc	76	61		A shield shaped like a heart\nwith wings; raises max HP.
data_item/equip_param.dat	356	desc	76	67		A cute, heart-shaped shield;\ncarrying it feels lovely.
data_item/equip_param.dat	357	desc	76	71		A heart shield with more volume;\ncarrying it wraps you in deep love.
data_item/equip_param.dat	358	desc	76	63		A shield using light energy;\nraises max MP.
data_item/equip_param.dat	359	desc	76	57		A shield of condensed light\nthat wards off enemy attacks.
data_item/equip_param.dat	360	desc	76	67		A shield warding off any attack\nwith an even larger energy field.
data_item/equip_param.dat	361	desc	76	61		A prototype shield built\nusing nanotechnology.
data_item/equip_param.dat	362	desc	76	63		A shield improving on the\nflaws of prototype No. 001.
data_item/equip_param.dat	363	desc	76	63		A shield customized from\nNo. 002, made even easier to use.
data_item/equip_param.dat	364	desc	76	63		A devil's shield with an\neerie smile; reduces ice damage.
data_item/equip_param.dat	365	desc	76	59		A high-ranking devil's shield,\nreinforced from the Evil Guard.
data_item/equip_param.dat	366	desc	76	73		A shield holding a devil's\nsoul; sometimes talks to you unbidden.
data_item/equip_param.dat	367	desc	76	67		A thick shield formed from\nthe soul of a knight defeated in battle.
data_item/equip_param.dat	368	desc	76	59		A shield of tremendous power,\nbaptized in darkness.
data_item/equip_param.dat	369	desc	76	69		A shield of unfathomable power,\nfit for hell's own gatekeeper.
data_item/equip_param.dat	370	desc	76	67		A shield housing a cold flame\nborn from hellfire itself.
data_item/equip_param.dat	371	desc	76	69		A proof of hell's devil's\nprotection, held only by the strong.
data_item/equip_param.dat	372	desc	76	61		A V-shaped shield made from\neveryone's feelings coming together.
data_item/equip_param.dat	373	desc	76	65		A magic shield that sharpens\nyour battle skill with the latest data.
data_item/equip_param.dat	374	desc	76	73		A very delicious Christmas\ncake piled high with fluffy cream.
data_item/equip_param.dat	375	desc	76	65		A rookie fighter's helm,\ntopped with a red feather plume.
data_item/equip_param.dat	376	desc	76	65		A trainee fighter's helm,\ntopped with a blue feather plume.
data_item/equip_param.dat	377	desc	76	65		A full-fledged fighter's helm,\ntopped with a blue feather plume.
data_item/equip_param.dat	378	desc	76	59		A rookie thief's goggles,\nguarding the eyes from attacks.
data_item/equip_param.dat	379	desc	76	59		A trainee thief's goggles,\nguarding the eyes from attacks.
data_item/equip_param.dat	380	desc	76	59		A full-fledged thief's goggles,\nguarding the eyes from attacks.
data_item/equip_param.dat	381	desc	76	61		A rookie mage's hat, wide-\nbrimmed and pointed in a triangle.
data_item/equip_param.dat	382	desc	76	61		A trainee mage's hat, wide-\nbrimmed and pointed in a triangle.
data_item/equip_param.dat	383	desc	76	61		A full-fledged mage's hat, wide-\nbrimmed and pointed in a triangle.
data_item/equip_param.dat	384	desc	76	61		A rookie priest's hat,\nperched neatly atop the head.
data_item/equip_param.dat	385	desc	76	61		A trainee priest's hat,\nperched neatly atop the head.
data_item/equip_param.dat	386	desc	76	61		A full-fledged priest's hat,\nperched neatly atop the head.
data_item/equip_param.dat	387	desc	76	67		A warrior's helm worn to war;\nwearing it fills you with strength.
data_item/equip_param.dat	388	desc	76	65		A war-hardened warrior's helm;\nwearing it fills you with strength.
data_item/equip_param.dat	389	desc	76	65		A battle-tested warrior's helm;\nwearing it fills you with strength.
data_item/equip_param.dat	390	desc	76	63		A helm of beast's mane;\nwearing it lightens your movements.
data_item/equip_param.dat	391	desc	76	63		A helm of a raging demon beast;\nwearing it lightens your steps.
data_item/equip_param.dat	392	desc	76	69		A helm with a mane red as\nflame; wearing it lightens your steps.
data_item/equip_param.dat	393	desc	76	59		A beautiful, pure-white ribbon;\nwearing it resists paralysis.
data_item/equip_param.dat	394	desc	76	63		A smooth, cream-colored ribbon;\nwearing it resists paralysis.
data_item/equip_param.dat	395	desc	76	61		A vivid pink-colored ribbon;\nwearing it resists paralysis.
data_item/equip_param.dat	396	desc	76	71		A hair ornament pleasant as\nthe wind; lightens your movements.
data_item/equip_param.dat	397	desc	76	71		A bandana refreshing as\nthe wind; lightens your movements.
data_item/equip_param.dat	398	desc	76	71		A helm as dashing as\nthe wind; lightens your movements.
data_item/equip_param.dat	399	desc	76	61		A gallant helm of blue scales\nthat deflects enemy attacks.
data_item/equip_param.dat	400	desc	76	61		A manly helm of blue scales\nthat deflects enemy attacks.
data_item/equip_param.dat	401	desc	76	65		A fierce helm of red scales\nthat deflects enemy attacks.
data_item/equip_param.dat	402	desc	76	67		A yellow turban bringing\nhappiness; reduces fire damage.
data_item/equip_param.dat	403	desc	76	67		A yellow turban bringing\njoy; reduces fire damage.
data_item/equip_param.dat	404	desc	76	65		A blue turban that wipes\naway sorrow; reduces fire damage.
data_item/equip_param.dat	405	desc	76	61		Glasses boosting your smile\n30％; often praised for your grin.
data_item/equip_param.dat	406	desc	76	63		Glasses boosting cuteness\n50％; said to make you popular.
data_item/equip_param.dat	407	desc	76	67		Glasses boosting happiness\n100％; wearing them, you feel joy.
data_item/equip_param.dat	408	desc	76	69		A helm made using the whole\nbones of some unknown animal.
data_item/equip_param.dat	409	desc	76	63		A helm marked by fine horns,\nquite a tough piece of work.
data_item/equip_param.dat	410	desc	76	65		An ominous skull helm, dyed\neerily with potions and sorcery.
data_item/equip_param.dat	411	desc	76	65		A beautiful platinum helm;\nwearing it resists dizziness.
data_item/equip_param.dat	412	desc	76	65		A gorgeous platinum helm;\nwearing it resists dizziness.
data_item/equip_param.dat	413	desc	76	63		A beautiful mithril helm;\nwearing it resists dizziness.
data_item/equip_param.dat	414	desc	76	65		A gorgeous mithril helm;\nwearing it resists dizziness.
data_item/equip_param.dat	415	desc	76	51		A cloth headband that\nsharpens the mind when worn.
data_item/equip_param.dat	416	desc	76	57		A headband guarding the brow\nfrom impact, filling you with drive.
data_item/equip_param.dat	417	desc	76	55		A fine headband overflowing\nwith fighting spirit when worn.
data_item/equip_param.dat	418	desc	76	57		A high-quality headband\noverflowing with heat and passion.
data_item/equip_param.dat	419	desc	76	67		An ornament crafted like a\nstar, twinkling quietly at night.
data_item/equip_param.dat	420	desc	76	69		A crown hiding the moon's\nglow; its moon charm waxes and wanes.
data_item/equip_param.dat	421	desc	76	73		A heart-shaped ornament that\npounds hard when its wearer is tense.
data_item/equip_param.dat	422	desc	76	71		A mysterious crown that shines\nbrighter with its wearer's resolve.
data_item/equip_param.dat	423	desc	76	67		A glossy platinum crown;\nwearing it resists sleep.
data_item/equip_param.dat	424	desc	76	67		A radiant platinum crown;\nwearing it resists sleep.
data_item/equip_param.dat	425	desc	76	67		A glossy mithril crown;\nwearing it resists sleep.
data_item/equip_param.dat	426	desc	76	67		A radiant mithril crown;\nwearing it resists sleep.
data_item/equip_param.dat	427	desc	76	63		A high-performance battle\nhelm using the finest technology.
data_item/equip_param.dat	428	desc	76	61		A new-model battle helm\nusing the finest technology.
data_item/equip_param.dat	429	desc	76	61		The latest battle helm,\nusing the finest technology.
data_item/equip_param.dat	430	desc	76	69		An adventurous traveler's hat;\nraises enemy item drop rate.
data_item/equip_param.dat	431	desc	76	65		A brave traveler's hat;\nraises enemy item drop rate.
data_item/equip_param.dat	432	desc	76	71		A fearless traveler's hat;\nraises enemy item drop rate.
data_item/equip_param.dat	433	desc	76	63		A hat steeped in shadow;\nrestores MP when foes are defeated.
data_item/equip_param.dat	434	desc	76	67		A hat steeped in darkness;\nrestores MP when foes are defeated.
data_item/equip_param.dat	435	desc	76	69		A hat steeped in night;\nwearing it grants the peace of night.
data_item/equip_param.dat	436	desc	76	67		An ornament protected by\nangelic power; can nullify attacks.
data_item/equip_param.dat	437	desc	76	67		A bandana protected by\nan angel's blessing; can nullify attacks.
data_item/equip_param.dat	438	desc	76	67		A bandana protected by\nan angel's mercy; can nullify attacks.
data_item/equip_param.dat	439	desc	76	65		A nameless general's helm;\nrestores HP when foes are defeated.
data_item/equip_param.dat	440	desc	76	67		Nobunaga's bold helm;\nrestores HP when foes are defeated.
data_item/equip_param.dat	441	desc	76	71		Hideyoshi's dignified helm;\nrestores HP when foes are defeated.
data_item/equip_param.dat	442	desc	76	71		Ieyasu's stately helm;\nrestores HP when foes are defeated.
data_item/equip_param.dat	443	desc	76	63		A helm of golden fur;\nraises critical hit rate.
data_item/equip_param.dat	444	desc	76	63		A helm of the finest fur;\nraises critical hit rate.
data_item/equip_param.dat	445	desc	76	61		A helm of a beast that serves\nthe gods; raises critical hit rate.
data_item/equip_param.dat	446	desc	76	59		A helm of a beast that\nbecame a god; raises critical hit rate.
data_item/equip_param.dat	447	desc	76	69		A casual green ribbon\nthat speeds up recharge.
data_item/equip_param.dat	448	desc	76	67		A calm, deep-green ribbon\nthat speeds up recharge.
data_item/equip_param.dat	449	desc	76	65		A black ribbon with red\nfrills that speeds up recharge.
data_item/equip_param.dat	450	desc	76	69		A jet-black ribbon with\nred frills; speeds up recharge.
data_item/equip_param.dat	451	desc	76	63		A fantastical crystal helm;\nraises max MP.
data_item/equip_param.dat	452	desc	76	61		A mystical crystal helm;\nraises max MP.
data_item/equip_param.dat	453	desc	76	55		A helm wearable only by a\nshaman skilled in sorcery.
data_item/equip_param.dat	454	desc	76	67		A helm worn by a shaman chief\nwho made a pact with a spirit.
data_item/equip_param.dat	455	desc	76	55		An honorable knight's helm;\nwearing it resists dizziness.
data_item/equip_param.dat	456	desc	76	67		A knight's helm admired by\nmany; wearing it resists dizziness.
data_item/equip_param.dat	457	desc	76	65		A knight's helm beloved by\nmany; wearing it resists dizziness.
data_item/equip_param.dat	458	desc	76	59		A rather cool hat, once worn\nby a mysterious masked figure.
data_item/equip_param.dat	459	desc	76	53		A stylish hat, once worn\nby a famous masked figure.
data_item/equip_param.dat	460	desc	76	59		A charming hat, once worn\nby a legendary masked figure.
data_item/equip_param.dat	461	desc	76	69		Bookish glasses that make you\nfeel smart; grant extra experience.
data_item/equip_param.dat	462	desc	76	67		Sharp-looking glasses that make\nyou feel smart; grant extra experience.
data_item/equip_param.dat	463	desc	76	67		Brainy glasses that make you\nfeel smart; grant extra experience.
data_item/equip_param.dat	464	desc	76	63		A hat worn by a village\ncleric; adds damage of love.
data_item/equip_param.dat	465	desc	76	65		A hat worn by a town\nbishop; adds damage of love.
data_item/equip_param.dat	466	desc	76	65		A hat worn by a nation's\nsaint; adds damage of love.
data_item/equip_param.dat	467	desc	76	67		A battle-hardened warrior's\nhelm; fills you with strength.
data_item/equip_param.dat	468	desc	76	67		A helm worn by veteran\nwarriors; fills you with strength.
data_item/equip_param.dat	469	desc	76	69		A helm of a warrior who\nlived for battle; fills you with strength.
data_item/equip_param.dat	470	desc	76	65		A helm worn by a true\nwarrior; fills you with strength.
data_item/equip_param.dat	471	desc	76	73		Cool goggles worn by thieves;\nraises enemy item drop rate.
data_item/equip_param.dat	472	desc	76	73		Stylish goggles worn by\nthieves; raises enemy item drop rate.
data_item/equip_param.dat	473	desc	76	73		Nice-looking goggles worn by\nthieves; raises enemy item drop rate.
data_item/equip_param.dat	474	desc	76	71		Goggles officially sanctioned\nfor master thieves; raises item drops.
data_item/equip_param.dat	475	desc	76	69		A hat popular among mages;\nfills you with magic power.
data_item/equip_param.dat	476	desc	76	69		A hat favored by mages;\nfills you with magic power.
data_item/equip_param.dat	477	desc	76	69		A hat mages never part with;\nfills you with magic power.
data_item/equip_param.dat	478	desc	76	67		A great mage's hat;\nfills you with magic power.
data_item/equip_param.dat	479	desc	76	71		A hat overflowing with a\npriest's kindness; restores HP on kills.
data_item/equip_param.dat	480	desc	76	71		A hat overflowing with a\npriest's care; restores HP on kills.
data_item/equip_param.dat	481	desc	76	73		A hat overflowing with a\npriest's affection; restores HP on kills.
data_item/equip_param.dat	482	desc	76	71		A hat overflowing with a\npriest's mercy; restores HP on kills.
data_item/equip_param.dat	483	desc	76	69		A helm made using a Daitarn's\nhorn; wearing it raises stamina.
data_item/equip_param.dat	484	desc	76	69		A helm covered in a Daitarn's\nscales; wearing it raises stamina.
data_item/equip_param.dat	485	desc	76	69		A helm granting a Daitarn's\nprotection; wearing it raises stamina.
data_item/equip_param.dat	486	desc	76	73		A turban worn by people who\nlive in the desert; earns more gold.
data_item/equip_param.dat	487	desc	76	73		A turban of a traveler who\ncrosses deserts; earns more gold.
data_item/equip_param.dat	488	desc	76	71		A turban of a prince who\nrules the desert; earns more gold.
data_item/equip_param.dat	489	desc	76	69		An onmyoji's exorcism hood;\nwearing it raises magic power.
data_item/equip_param.dat	490	desc	76	71		An onmyoji's fortune-telling\nhood, carefully woven by hand.
data_item/equip_param.dat	491	desc	76	73		An onmyoji's ritual hood,\npatterned with an orderly design.
data_item/equip_param.dat	492	desc	76	67		A crown decorated with a\nbird's wings; sometimes wards off evil.
data_item/equip_param.dat	493	desc	76	67		A crown of angel wings\nthat sometimes flap on their own.
data_item/equip_param.dat	494	desc	76	69		A crown of celestial horse\nwings; brings peace of mind.
data_item/equip_param.dat	495	desc	76	67		A helm of a warrior who\nguards the stars; restores HP on kills.
data_item/equip_param.dat	496	desc	76	69		A helm of a warrior who\nguards the galaxy; restores HP on kills.
data_item/equip_param.dat	497	desc	76	71		A helm of a warrior who\nguards the cosmos; heals HP on kills.
data_item/equip_param.dat	498	desc	76	73		A very cool ranger's hat, worn\nlow to hide the wearer's expression.
data_item/equip_param.dat	499	desc	76	71		A sharp-sensed ranger's hat\nthat can see through any trap.
data_item/equip_param.dat	500	desc	76	67		A dependable ranger's hat,\nsuited to stealthy movement.
data_item/equip_param.dat	501	desc	76	71		A green hat that skillfully\nchannels the forest's own power.
data_item/equip_param.dat	502	desc	76	59		A magic hat scattering the\nlight of a mischievous fairy.
data_item/equip_param.dat	503	desc	76	67		A miracle hat worn by a spirit\nappearing at a deep forest's spring.
data_item/equip_param.dat	504	desc	76	71		A helm wrapped in pure light,\nholding holy power within.
data_item/equip_param.dat	505	desc	76	67		A helm wrapped in holy power,\nheld by an angel who soars the sky.
data_item/equip_param.dat	506	desc	76	65		A holy helm bestowed on a\nsaint alongside a god's oracle.
data_item/equip_param.dat	507	desc	76	67		A bear head with pink cheeks;\nsoft and squishy to the touch.
data_item/equip_param.dat	508	desc	76	69		A bear head with small ears;\nall you hear is a tiny snore.
data_item/equip_param.dat	509	desc	76	67		A polar bear head with round\neyes, gazing at yellow honey.
data_item/equip_param.dat	510	desc	76	65		A polar bear head with a\nblack nose, sniffing out joy.
data_item/equip_param.dat	511	desc	76	65		A panda head that loves\nbamboo leaves; raises spirit.
data_item/equip_param.dat	512	desc	76	65		A panda head that loves\nnaps; raises spirit.
data_item/equip_param.dat	513	desc	76	67		Everyone's hero, a red panda\nhead; raises spirit.
data_item/equip_param.dat	514	desc	76	67		The world's hero, a red panda\nhead; raises spirit.
data_item/equip_param.dat	515	desc	76	67		A hairband worn on the job by\na maid skilled at looking after others.
data_item/equip_param.dat	516	desc	76	69		A hairband worn shopping by\na maid who's a great conversationalist.
data_item/equip_param.dat	517	desc	76	67		A hairband of an amazing maid,\nranked among the very best.
data_item/equip_param.dat	518	desc	76	67		An amazing hairband of an\namazing maid; wear it to be royalty.
data_item/equip_param.dat	519	desc	76	69		A dependable sorcerer's hood;\nfills you with magic power.
data_item/equip_param.dat	520	desc	76	69		A clever sorcerer's hood;\nfills you with magic power.
data_item/equip_param.dat	521	desc	76	69		A great sorcerer's hood;\nfills you with magic power.
data_item/equip_param.dat	522	desc	76	69		A strict-about-time corporal's\nhat; wearing it raises stamina.
data_item/equip_param.dat	523	desc	76	67		A strict-about-dress sergeant's\nhat; wearing it raises stamina.
data_item/equip_param.dat	524	desc	76	69		A strict-about-rules general's\nhat; wearing it raises stamina.
data_item/equip_param.dat	525	desc	76	51		A helm made by heeding\nthe wisdom of a clever devil.
data_item/equip_param.dat	526	desc	76	63		A strange devil's helm from\nwhich a devil's voice whispers.
data_item/equip_param.dat	527	desc	76	65		A helm worn only by the\nstrong-willed, unswayed by a devil.
data_item/equip_param.dat	528	desc	76	63		A helm that grants life force\nby harnessing a devil's power.
data_item/equip_param.dat	529	desc	76	73		A strictly-trained sergeant's\nhat; earns more gold.
data_item/equip_param.dat	530	desc	76	69		A lieutenant's hat, strict\nwith subordinates; earns more gold.
data_item/equip_param.dat	531	desc	76	69		A captain's hat, strict\nwith himself; earns more gold.
data_item/equip_param.dat	532	desc	76	67		The legendary bad bear's\nhead; wearing it raises magic power.
data_item/equip_param.dat	533	desc	76	63		The legendary bad bear's\nhead; stirs up a sense of honor.
data_item/equip_param.dat	534	desc	76	69		The legendary bad bear's\nhead; fills you with manly grit.
data_item/equip_param.dat	535	desc	76	61		A rather cool pair of\nsunglasses, well-suited to sunsets.
data_item/equip_param.dat	536	desc	76	57		A quite nihilistic pair of\nsunglasses, well-suited to nightfall.
data_item/equip_param.dat	537	desc	76	65		A red-and-white Santa hat\nthat heralds happiness to come.
data_item/equip_param.dat	538	desc	76	49		A hard, sturdy suit of\narmor for a rookie fighter.
data_item/equip_param.dat	539	desc	76	49		A hard, sturdy suit of\narmor for a trainee fighter.
data_item/equip_param.dat	540	desc	76	49		A hard, sturdy suit of\narmor for a full-fledged fighter.
data_item/equip_param.dat	541	desc	76	59		A rookie thief's outfit,\nprioritizing lightness and mobility.
data_item/equip_param.dat	542	desc	76	59		A trainee thief's outfit,\nprioritizing lightness and mobility.
data_item/equip_param.dat	543	desc	76	59		A full-fledged thief's outfit,\nprioritizing lightness and mobility.
data_item/equip_param.dat	544	desc	76	57		A rookie mage's robe,\nmarked by a striking large collar.
data_item/equip_param.dat	545	desc	76	57		A trainee mage's robe,\nmarked by a striking large collar.
data_item/equip_param.dat	546	desc	76	57		A full-fledged mage's robe,\nmarked by a striking large collar.
data_item/equip_param.dat	547	desc	76	63		A rookie priest's robe,\ncovered with many gold buttons.
data_item/equip_param.dat	548	desc	76	63		A trainee priest's robe,\ncovered with many gold buttons.
data_item/equip_param.dat	549	desc	76	63		A full-fledged priest's robe,\ncovered with many gold buttons.
data_item/equip_param.dat	550	desc	76	71		A battle haori that sharpens\nthe mind; raises weapon attack power.
data_item/equip_param.dat	551	desc	76	71		A black haori that lifts\nmorale; raises weapon attack power.
data_item/equip_param.dat	552	desc	76	69		A red haori that stirs\ncourage; raises weapon attack power.
data_item/equip_param.dat	553	desc	76	71		A warm garment made of\nfur; speeds up recharge.
data_item/equip_param.dat	554	desc	76	69		A noble garment modeled\non a demon beast; speeds up recharge.
data_item/equip_param.dat	555	desc	76	69		A garment like a blazing\nflame; speeds up recharge.
data_item/equip_param.dat	556	desc	76	61		A cute dress lavishly made\nof pleasant-feeling silk.
data_item/equip_param.dat	557	desc	76	49		A dress with a fluffy\nfeel to the touch, like cream.
data_item/equip_param.dat	558	desc	76	51		A pink dress with a sweet\nscent, like strawberries.
data_item/equip_param.dat	559	desc	76	65		A garment blessed by a\ngentle breeze; can nullify attacks.
data_item/equip_param.dat	560	desc	76	65		A garment blessed by a\nspring breeze; can nullify attacks.
data_item/equip_param.dat	561	desc	76	65		A garment blessed by\nFujin, god of wind; can nullify attacks.
data_item/equip_param.dat	562	desc	76	67		A vest of a blue dragon\nthat runs the land; resists fire.
data_item/equip_param.dat	563	desc	76	67		Armor of a blue dragon\nthat dives the sea; resists fire.
data_item/equip_param.dat	564	desc	76	65		Armor of a red dragon\nthat dances the sky; resists fire.
data_item/equip_param.dat	565	desc	76	67		A yellow vest that spreads\nhappiness; reduces thunder damage.
data_item/equip_param.dat	566	desc	76	67		A yellow vest that spreads\njoy; reduces thunder damage.
data_item/equip_param.dat	567	desc	76	69		A blue vest that leaves\nthe heart refreshed; resists thunder.
data_item/equip_param.dat	568	desc	76	67		A blazer that makes everyone\nwant to smile; fills you with magic power.
data_item/equip_param.dat	569	desc	76	67		A cute blazer that raises\ncuteness; fills you with magic power.
data_item/equip_param.dat	570	desc	76	65		A blazer that makes everyone\nhappy; fills you with magic power.
data_item/equip_param.dat	571	desc	76	59		Armor made from bone\nthat deflects enemy attacks.
data_item/equip_param.dat	572	desc	76	57		Armor reinforced with bone\nthat deflects enemy attacks.
data_item/equip_param.dat	573	desc	76	63		Bone armor that gained\ndark power; deflects enemy attacks.
data_item/equip_param.dat	574	desc	76	63		Expensive armor of\nplatinum; can nullify attacks.
data_item/equip_param.dat	575	desc	76	63		Shining armor of\nplatinum; can nullify attacks.
data_item/equip_param.dat	576	desc	76	65		Precious armor of\nmithril; can nullify attacks.
data_item/equip_param.dat	577	desc	76	67		Mystical armor of\nmithril; can nullify attacks.
data_item/equip_param.dat	578	desc	76	71		An outfit worn by a\nrookie ninja; raises item drop rate.
data_item/equip_param.dat	579	desc	76	71		An outfit worn by a\nveteran ninja; raises item drop rate.
data_item/equip_param.dat	580	desc	76	71		An outfit worn by an\nelite ninja; raises enemy item drop rate.
data_item/equip_param.dat	581	desc	76	71		An outfit exclusive to a\ncharismatic ninja; raises item drops.
data_item/equip_param.dat	582	desc	76	69		A dress with a diamond\nshining at the chest; speeds recharge.
data_item/equip_param.dat	583	desc	76	69		A dress shining with\ndiamonds all over; speeds up recharge.
data_item/equip_param.dat	584	desc	76	69		A pink dress that\nseems to shine; speeds up recharge.
data_item/equip_param.dat	585	desc	76	69		A very lovely dress of\nlight; speeds up recharge.
data_item/equip_param.dat	586	desc	76	67		A sturdy vest of platinum;\nreduces thunder damage.
data_item/equip_param.dat	587	desc	76	65		A lavish vest of platinum;\nreduces thunder damage.
data_item/equip_param.dat	588	desc	76	65		A cool vest of mithril;\nreduces thunder damage.
data_item/equip_param.dat	589	desc	76	67		The finest vest of\nmithril; reduces thunder damage.
data_item/equip_param.dat	590	desc	76	55		A high-performance battle\nsuit unfazed by pressure changes.
data_item/equip_param.dat	591	desc	76	63		A high-performance battle\nsuit that survives meteor impacts.
data_item/equip_param.dat	592	desc	76	59		A high-performance battle\nsuit indestructible by any beam.
data_item/equip_param.dat	593	desc	76	65		An outfit fit for crossing\nfrom west to east; resists sleep.
data_item/equip_param.dat	594	desc	76	65		An outfit fit for crossing\nfrom north to south; resists sleep.
data_item/equip_param.dat	595	desc	76	61		An outfit fit for crossing\nthe entire world; resists sleep.
data_item/equip_param.dat	596	desc	76	63		A coat letting you blend\ninto shadow; resists fire.
data_item/equip_param.dat	597	desc	76	67		A coat letting you blend\ninto darkness; resists fire.
data_item/equip_param.dat	598	desc	76	55		A coat that lets your heart\nbecome one with quiet nature.
data_item/equip_param.dat	599	desc	76	67		A garment worn by angels;\nrestores MP when foes are defeated.
data_item/equip_param.dat	600	desc	76	63		A garment of a high-ranking\nangel; restores MP on kills.
data_item/equip_param.dat	601	desc	76	71		A garment of an archangel\nliving in heaven; restores MP on kills.
data_item/equip_param.dat	602	desc	76	63		Armor worn by a warring-\nstates general; raises max HP.
data_item/equip_param.dat	603	desc	76	63		Armor once worn by\nNobunaga himself; raises max HP.
data_item/equip_param.dat	604	desc	76	63		Armor once worn by\nHideyoshi himself; raises max HP.
data_item/equip_param.dat	605	desc	76	63		Armor once worn by\nIeyasu himself; raises max HP.
data_item/equip_param.dat	606	desc	76	69		A fur vest that captivates\neveryone; fills you with strength.
data_item/equip_param.dat	607	desc	76	67		A fur suit that charms\npeople; fills you with strength.
data_item/equip_param.dat	608	desc	76	69		A vest giving off an\nintimidating aura; fills you with strength.
data_item/equip_param.dat	609	desc	76	69		A suit giving off an\noverwhelming aura; fills you with power.
data_item/equip_param.dat	610	desc	76	55		A chic green dress\noverflowing with luxury.
data_item/equip_param.dat	611	desc	76	63		A very elegant dress\nmarked by a deep green color.
data_item/equip_param.dat	612	desc	76	61		A black dress combining\na cute look with elegance.
data_item/equip_param.dat	613	desc	76	57		A captivating dress with\nbeautiful jet-black fabric.
data_item/equip_param.dat	614	desc	76	69		A vest with fine detail\nwork; adds a paralysis attack.
data_item/equip_param.dat	615	desc	76	69		A carefully crafted\ngarment; adds a paralysis attack.
data_item/equip_param.dat	616	desc	76	59		A ritual vest that raises\na shaman's power.
data_item/equip_param.dat	617	desc	76	69		A ritual garment wearable\nonly by a shaman with true power.
data_item/equip_param.dat	618	desc	76	67		Armor of a knight who\nloves people; can nullify attacks.
data_item/equip_param.dat	619	desc	76	63		Armor of a knight who\nloves his country; can nullify attacks.
data_item/equip_param.dat	620	desc	76	65		Armor of a knight who\nloves the world; can nullify attacks.
data_item/equip_param.dat	621	desc	76	65		A vest with a mysterious\naura; reduces fire damage.
data_item/equip_param.dat	622	desc	76	63		A garment with a\ncaptivating aura; reduces fire damage.
data_item/equip_param.dat	623	desc	76	67		A suit with a passionate\naura; reduces fire damage.
data_item/equip_param.dat	624	desc	76	63		A celebrity prep school's\nuniform; raises spirit when worn.
data_item/equip_param.dat	625	desc	76	63		A miracle prep school's\nuniform; raises spirit when worn.
data_item/equip_param.dat	626	desc	76	65		A famous magic school's\nuniform; raises spirit when worn.
data_item/equip_param.dat	627	desc	76	53		A cleric's robe that\ngently wraps the whole body.
data_item/equip_param.dat	628	desc	76	61		A bishop's prayer robe with\na pattern that catches the eye.
data_item/equip_param.dat	629	desc	76	51		A saint's robe that keeps\ngiving love to the people.
data_item/equip_param.dat	630	desc	76	59		Armor that helps a fighter\nsurvive the harshest battles.
data_item/equip_param.dat	631	desc	76	61		Armor that helps a fighter\nsurvive the most grueling battles.
data_item/equip_param.dat	632	desc	76	61		Armor that helps a fighter\nsurvive even the fiercest battles.
data_item/equip_param.dat	633	desc	76	55		A true warrior's armor,\nhaving survived countless battles.
data_item/equip_param.dat	634	desc	76	59		An easy-to-move-in thief's\noutfit that misses no gold.
data_item/equip_param.dat	635	desc	76	61		A composed thief's outfit,\nunfazed by any surprise.
data_item/equip_param.dat	636	desc	76	61		An easy-to-run-in thief's\noutfit that can fend off any foe.
data_item/equip_param.dat	637	desc	76	65		A brave thief's outfit\nthat stands up to any foe.
data_item/equip_param.dat	638	desc	76	63		A senior mage's outfit;\nwearing it soothes the spirit.
data_item/equip_param.dat	639	desc	76	61		An outstanding mage's\noutfit; wearing it soothes the spirit.
data_item/equip_param.dat	640	desc	76	59		The finest mage's outfit;\nwearing it soothes the spirit.
data_item/equip_param.dat	641	desc	76	59		An outfit of a mage who\nmastered wisdom; opens enlightenment.
data_item/equip_param.dat	642	desc	76	63		A priest-exclusive outfit\nthat brings smiles to the weak.
data_item/equip_param.dat	643	desc	76	63		A priest-exclusive outfit\nthat gives warmth to everyone.
data_item/equip_param.dat	644	desc	76	59		A priest-exclusive outfit\nthat offers salvation to the lost.
data_item/equip_param.dat	645	desc	76	61		A priest-exclusive outfit\nthat brings peace to the wounded.
data_item/equip_param.dat	646	desc	76	65		Armor covered in a\nDaitarn's hide; resists dizziness.
data_item/equip_param.dat	647	desc	76	61		Reinforced Daitarn armor;\nwearing it resists dizziness.
data_item/equip_param.dat	648	desc	76	61		Armor fit for a Daitarn\nto wear; resists dizziness.
data_item/equip_param.dat	649	desc	76	53		A vest unbothered even by\nthe desert by day; resists paralysis.
data_item/equip_param.dat	650	desc	76	53		A vest unbothered even by\nthe desert by night; resists paralysis.
data_item/equip_param.dat	651	desc	76	53		A suit unbothered by\nany desert; resists paralysis.
data_item/equip_param.dat	652	desc	76	67		A high-ranking onmyoji's\nrobe; can nullify attacks.
data_item/equip_param.dat	653	desc	76	65		A brilliant onmyoji's\nrobe; can nullify attacks.
data_item/equip_param.dat	654	desc	76	67		That famous onmyoji's own\nrobe; can nullify attacks.
data_item/equip_param.dat	655	desc	76	65		A mesmerizing black armor\nradiating light from ancient times.
data_item/equip_param.dat	656	desc	76	63		Armor polished like a mirror,\ndrawing out ancient power.
data_item/equip_param.dat	657	desc	76	67		A mysterious ancient armor\nthat never loses its power.
data_item/equip_param.dat	658	desc	76	61		A battle suit that turns the\ncosmos's power into spirit.
data_item/equip_param.dat	659	desc	76	69		A battle suit that detonates\ncosmic aura, turning it to energy.
data_item/equip_param.dat	660	desc	76	65		A battle suit made for a\ncosmic warrior to save the galaxy.
data_item/equip_param.dat	661	desc	76	61		A ranger's red vest with\nan effect that speeds recharge.
data_item/equip_param.dat	662	desc	76	65		A ranger's crimson suit\nwith an effect that speeds recharge.
data_item/equip_param.dat	663	desc	76	71		The finest suit for a ranger,\nwith an effect that speeds recharge.
data_item/equip_param.dat	664	desc	76	65		A robe made with the\npower of plants; resists poison.
data_item/equip_param.dat	665	desc	76	63		A robe cloaked in fairy\ndust; resists poison.
data_item/equip_param.dat	666	desc	76	65		A robe cloaked in a\nspirit's aura; resists poison.
data_item/equip_param.dat	667	desc	76	49		A pure coat that only\na saint may wear.
data_item/equip_param.dat	668	desc	76	61		A holy coat whose warm\nwhite light purifies darkness.
data_item/equip_param.dat	669	desc	76	63		A holy robe that evil\nbeings cannot even touch.
data_item/equip_param.dat	670	desc	76	61		A bear body with squishy\npaws; soft and cozy to wear.
data_item/equip_param.dat	671	desc	76	61		A bear suit with a round\nbelly; wonderful to hug.
data_item/equip_param.dat	672	desc	76	65		A polar bear body with a\nround belly; fluffy and soft.
data_item/equip_param.dat	673	desc	76	61		A polar bear suit with a\nwagging tail; wonderful to touch.
data_item/equip_param.dat	674	desc	76	63		A panda body that loves to\nplay; fond of tire swings.
data_item/equip_param.dat	675	desc	76	59		A panda body that loves\nsnacks; fond of bamboo leaves.
data_item/equip_param.dat	676	desc	76	63		A red panda body, who called\nit? Appears leisurely, vanishes fast.
data_item/equip_param.dat	677	desc	76	61		A red panda suit that\nshows up late but takes a hit well.
data_item/equip_param.dat	678	desc	76	47		A maid's outfit that improves\nyour skill at ironing.
data_item/equip_param.dat	679	desc	76	51		A maid's outfit that improves\nyour skill at making tea.
data_item/equip_param.dat	680	desc	76	59		An amazing maid's outfit that\nmakes your tea-making professional.
data_item/equip_param.dat	681	desc	76	59		A super maid's outfit for\ngetting any job done just right.
data_item/equip_param.dat	682	desc	76	73		A vividly colored sorcerer's\nrobe with a refined incense scent.
data_item/equip_param.dat	683	desc	76	67		A gorgeous sorcerer's robe\nmade of fine woven fabric.
data_item/equip_param.dat	684	desc	76	71		A dazzling sorcerer's robe\nsewn with magic-infused thread.
data_item/equip_param.dat	685	desc	76	71		A youthful recruit's\nmilitary uniform; earns more gold.
data_item/equip_param.dat	686	desc	76	71		A refreshing, easy-to-move\nmilitary uniform; earns more gold.
data_item/equip_param.dat	687	desc	76	73		A military uniform worn\nonly by officers; earns more gold.
data_item/equip_param.dat	688	desc	76	51		A garment sewn with the\npower of darkness; resists fire.
data_item/equip_param.dat	689	desc	76	53		A garment sewn with a\ndevil's power; resists fire.
data_item/equip_param.dat	690	desc	76	55		A garment sewn with\nwicked power; resists fire.
data_item/equip_param.dat	691	desc	76	51		A devil's garment that\nwon't burn even in hellfire.
data_item/equip_param.dat	692	desc	76	71		A functionality-focused\nmilitary uniform; speeds up recharge.
data_item/equip_param.dat	693	desc	76	69		A weight-reduced\nmilitary uniform; speeds up recharge.
data_item/equip_param.dat	694	desc	76	69		A military uniform worn\nonly by elites; speeds up recharge.
data_item/equip_param.dat	695	desc	76	65		The legendary bad bear's\nbody; wearing it raises magic power.
data_item/equip_param.dat	696	desc	76	71		The legendary bad bear's\nbody; stirs up a sense of honor.
data_item/equip_param.dat	697	desc	76	67		The legendary bad bear's\nbody; fills you with manly grit.
data_item/equip_param.dat	698	desc	76	67		A cool yet hot, stylish\nschool uniform; raises weapon power.
data_item/equip_param.dat	699	desc	76	65		A pure-white, honest school\nuniform, unstained by anything.
data_item/equip_param.dat	700	desc	76	61		A red-and-white Santa outfit,\nexciting just to wear.
data_item/equip_param.dat	701	desc	76	65		A very cute red-and-white\nSanta dress.
data_item/equip_param.dat	702	desc	76	65		A rookie fighter's\ngreaves, guarding down to the feet.
data_item/equip_param.dat	703	desc	76	65		A trainee fighter's\ngreaves, guarding down to the feet.
data_item/equip_param.dat	704	desc	76	65		A full-fledged fighter's\ngreaves, guarding down to the feet.
data_item/equip_param.dat	705	desc	76	55		A rookie thief's boots,\nmade for easy running.
data_item/equip_param.dat	706	desc	76	55		A trainee thief's boots,\nmade for easy running.
data_item/equip_param.dat	707	desc	76	55		A full-fledged thief's\nboots, made for easy running.
data_item/equip_param.dat	708	desc	76	59		A rookie mage's boots,\nstylish in vivid blue.
data_item/equip_param.dat	709	desc	76	59		A trainee mage's boots,\nstylish in vivid blue.
data_item/equip_param.dat	710	desc	76	61		A full-fledged mage's boots,\nstylish in light purple.
data_item/equip_param.dat	711	desc	76	57		A rookie priest's boots,\nsimple and knee-high.
data_item/equip_param.dat	712	desc	76	57		A trainee priest's boots,\nsimple and knee-high.
data_item/equip_param.dat	713	desc	76	57		A full-fledged priest's boots,\nsimple and knee-high.
data_item/equip_param.dat	714	desc	76	73		Armor for a warrior heading\nto war; restores HP on kills.
data_item/equip_param.dat	715	desc	76	73		Armor for a warrior seeking\nto rule the land; restores HP on kills.
data_item/equip_param.dat	716	desc	76	73		Armor for a warrior standing\nat the summit; restores HP on kills.
data_item/equip_param.dat	717	desc	76	61		A beast's legs with\nshort fur; can nullify attacks.
data_item/equip_param.dat	718	desc	76	61		A demon beast's legs\nwith sharp claws; can nullify attacks.
data_item/equip_param.dat	719	desc	76	65		A fire beast's legs,\nburning bright red; can nullify attacks.
data_item/equip_param.dat	720	desc	76	65		White thick-soled long boots;\neasy to walk in and cuter too.
data_item/equip_param.dat	721	desc	76	61		Long boots laced up with\ncord; even thicker-soled.
data_item/equip_param.dat	722	desc	76	69		Cute pink long boots, a\nmust-have item for extra cuteness.
data_item/equip_param.dat	723	desc	76	53		Shoes light as a feather\ndancing in the air, like the wind.
data_item/equip_param.dat	724	desc	76	51		Boots that let you run like\nthe wind blowing through plains.
data_item/equip_param.dat	725	desc	76	47		Magic armor that lets you\nbecome one with the wind when worn.
data_item/equip_param.dat	726	desc	76	63		Dragon greaves shining\nblue; raises critical hit rate.
data_item/equip_param.dat	727	desc	76	65		Dragon greaves glowing\ndark blue; raises critical hit rate.
data_item/equip_param.dat	728	desc	76	65		Dragon greaves shining\nbright red; raises critical hit rate.
data_item/equip_param.dat	729	desc	76	53		Vivid yellow boots\nhiding magical power.
data_item/equip_param.dat	730	desc	76	65		Boots with a yellow gem\nfirmly set at the knee.
data_item/equip_param.dat	731	desc	76	57		Refreshing blue boots that\nfeel very calming to wear.
data_item/equip_param.dat	732	desc	76	61		High socks that bring\na smile; raises max HP.
data_item/equip_param.dat	733	desc	76	61		Cute high socks with a\nsingle-point embroidery.
data_item/equip_param.dat	734	desc	76	61		High socks that show off\nleg lines; give a happy feeling.
data_item/equip_param.dat	735	desc	76	65		Boots bony down to the\ntoes; even the footprints look bony.
data_item/equip_param.dat	736	desc	76	63		Boots intricately assembled\nfrom the bones of many creatures.
data_item/equip_param.dat	737	desc	76	63		Jet-black boots that leave\ndark spirit energy in their footprints.
data_item/equip_param.dat	738	desc	76	71		Platinum armor that dazzles,\nreflecting the sunlight.
data_item/equip_param.dat	739	desc	76	69		Armor using platinum without\nrestraint, guarding the whole leg.
data_item/equip_param.dat	740	desc	76	61		Mithril greaves that\nmaintain stable hardness.
data_item/equip_param.dat	741	desc	76	63		Mithril greaves hiding\nabsolute hardness and shine.
data_item/equip_param.dat	742	desc	76	63		A ninja's tabi letting you\nleap through trees like solid ground.
data_item/equip_param.dat	743	desc	76	69		Armor letting you walk\nrooftops without slipping, cat-like.
data_item/equip_param.dat	744	desc	76	67		A jonin's tabi for walking\nquietly, even in narrow, dark attics.
data_item/equip_param.dat	745	desc	76	69		The finest armor, letting you\ncross a manor's pond without sinking.
data_item/equip_param.dat	746	desc	76	55		Glass shoes said to\npromise a wonderful romance.
data_item/equip_param.dat	747	desc	76	69		Glass shoes that naturally\nsend you home at midnight.
data_item/equip_param.dat	748	desc	76	73		A queen's shoes for social\ngatherings; essential for stylish feet.
data_item/equip_param.dat	749	desc	76	69		A queen's party shoes,\nshowing off captivating legs.
data_item/equip_param.dat	750	desc	76	67		Luxury shoes fitted with\nplatinum, precise to the stitching.
data_item/equip_param.dat	751	desc	76	57		Sturdy boots reinforced\nfurther with platinum.
data_item/equip_param.dat	752	desc	76	63		Shoes carefully crafted by\nworking mithril into the thread.
data_item/equip_param.dat	753	desc	76	67		Boots whose clasps and laces\nuse mithril and gemstones.
data_item/equip_param.dat	754	desc	76	55		Device shoes that absorb\nan enemy's life energy.
data_item/equip_param.dat	755	desc	76	67		Device shoes that let you\nwalk without floating in zero gravity.
data_item/equip_param.dat	756	desc	76	51		Device shoes that let you\nmove at high speed on the moon.
data_item/equip_param.dat	757	desc	76	47		An adventurer's shoes\nthat help you find treasure.
data_item/equip_param.dat	758	desc	76	49		An adventurer's shoes for\none who always seeks adventure.
data_item/equip_param.dat	759	desc	76	71		Shoes for an amazing\nadventurer, ready for any obstacle.
data_item/equip_param.dat	760	desc	76	59		Gorgeous gold-and-red shoes\nperfect for a night stroll.
data_item/equip_param.dat	761	desc	76	59		Magic shoes that blend into\ndarkness where light can't reach.
data_item/equip_param.dat	762	desc	76	67		Magic shoes whose single\nbullseye mark draws in everything.
data_item/equip_param.dat	763	desc	76	45		Holy shoes worn by\nan angel of heaven.
data_item/equip_param.dat	764	desc	76	55		Shoes that let you walk\non clouds without falling.
data_item/equip_param.dat	765	desc	76	59		Boots wearable only by\na chosen, special angel.
data_item/equip_param.dat	766	desc	76	63		Armor of a brave, valiant\ngeneral; earns more gold.
data_item/equip_param.dat	767	desc	76	59		Armor once worn by\nNobunaga; earns more gold.
data_item/equip_param.dat	768	desc	76	59		Armor once worn by\nHideyoshi; earns more gold.
data_item/equip_param.dat	769	desc	76	59		Armor once worn by\nIeyasu; earns more gold.
data_item/equip_param.dat	770	desc	76	53		A gold beast's legs, its\ngolden fur glinting with every step.
data_item/equip_param.dat	771	desc	76	53		A gold beast's legs, its\ngolden fur shining with every stride.
data_item/equip_param.dat	772	desc	76	61		A majestic true beast's\nlegs, treading the earth with power.
data_item/equip_param.dat	773	desc	76	67		A true beast's legs, wrapped\nin holy light full of vigor.
data_item/equip_param.dat	774	desc	76	61		Boots exuding an air of\nluxury; raises footspeed.
data_item/equip_param.dat	775	desc	76	61		Chic boots in an elegant\ncolor; raises footspeed.
data_item/equip_param.dat	776	desc	76	51		Cool black boots;\nraises footspeed.
data_item/equip_param.dat	777	desc	76	59		Grown-up, jet-black boots;\nraises footspeed.
data_item/equip_param.dat	778	desc	76	61		Mysterious crystal shoes that\nleave a shine even in their footprints.
data_item/equip_param.dat	779	desc	76	61		Mysterious crystal shoes that\nleave a sparkle in their footprints.
data_item/equip_param.dat	780	desc	76	67		A shaman's shoes; the feet\nmove on their own during rituals.
data_item/equip_param.dat	781	desc	76	63		Shoes worn by a chosen\nshaman, said to house a god's power.
data_item/equip_param.dat	782	desc	76	63		A responsible knight's\ngreaves; wearing them raises spirit.
data_item/equip_param.dat	783	desc	76	63		A knight's greaves brimming\nwith duty; wearing them raises spirit.
data_item/equip_param.dat	784	desc	76	63		A knight's greaves sworn\nin loyalty; wearing them raises spirit.
data_item/equip_param.dat	785	desc	76	51		Stylish shoes with a\nvery mysterious air.
data_item/equip_param.dat	786	desc	76	67		Shoes left behind by a\nmasked figure who vanished at dawn.
data_item/equip_param.dat	787	desc	76	65		Mysterious shoes that let\nyou walk light as a phantom in the sky.
data_item/equip_param.dat	788	desc	76	67		Socks with a very\nluxurious air; reduces fire damage.
data_item/equip_param.dat	789	desc	76	59		Very intellectual-looking\nsocks; reduces fire damage.
data_item/equip_param.dat	790	desc	76	67		Socks infused with\nmagical power; reduces fire damage.
data_item/equip_param.dat	791	desc	76	71		A kind cleric's shoes,\ngreeting the troubled with a smile daily.
data_item/equip_param.dat	792	desc	76	69		A bishop's shoes, worn on\nhis unfailing prayer visits to holy sites.
data_item/equip_param.dat	793	desc	76	65		A saint's shoes; simply\nwalking by draws a line of worshippers.
data_item/equip_param.dat	794	desc	76	61		A fighting warrior's\ngreaves, stirring fighting spirit below.
data_item/equip_param.dat	795	desc	76	63		A fighting warrior's\ngreaves, filling the legs with strength.
data_item/equip_param.dat	796	desc	76	61		A fighting warrior's\ngreaves, stirring courage from below.
data_item/equip_param.dat	797	desc	76	61		A fighting warrior's boots,\nexuding dignity from the ground up.
data_item/equip_param.dat	798	desc	76	53		A thief's shoes for living\nfreely, at your own pace.
data_item/equip_param.dat	799	desc	76	51		A thief's shoes for\nfreely roaming the world.
data_item/equip_param.dat	800	desc	76	73		A thief's boots, dashing to\nthe next goal once one adventure ends.
data_item/equip_param.dat	801	desc	76	69		A thief's shoes for one who\nnever stops exploring the world.
data_item/equip_param.dat	802	desc	76	61		Shoes enchanted to\nboost the effect of a held staff.
data_item/equip_param.dat	803	desc	76	57		Magic shoes that further\nboost the effect of a held staff.
data_item/equip_param.dat	804	desc	76	55		Magic shoes that raise\na held staff by a full rank.
data_item/equip_param.dat	805	desc	76	65		A mage's shoes born from\nmagic materials and advanced skill.
data_item/equip_param.dat	806	desc	76	63		Boots that always give\nan opponent a comfortable sleep.
data_item/equip_param.dat	807	desc	76	63		Magic boots that calm the\nheart, even of a ferocious monster.
data_item/equip_param.dat	808	desc	76	57		Mysterious boots that put\nany creature at ease.
data_item/equip_param.dat	809	desc	76	61		Healing shoes that give\npeaceful sleep to every living thing.
data_item/equip_param.dat	810	desc	76	67		A Daitarn's shoes that\nstomp the earth; reduces fire damage.
data_item/equip_param.dat	811	desc	76	67		A Daitarn's shoes that\ncrush everything; reduces fire damage.
data_item/equip_param.dat	812	desc	76	67		Greaves letting a Daitarn\nstride freely; reduces fire damage.
data_item/equip_param.dat	813	desc	76	65		Boots keeping out sand and\nbugs; essential in the desert.
data_item/equip_param.dat	814	desc	76	71		Desert boots that run with\nease over even the finest sand.
data_item/equip_param.dat	815	desc	76	71		A desert prince's boots, able\nto walk over flowing quicksand.
data_item/equip_param.dat	816	desc	76	69		An onmyoji's home tabi,\nvery well-suited to tatami mats.
data_item/equip_param.dat	817	desc	76	61		An onmyoji's formal shoes,\npeeking out from beneath the hakama.
data_item/equip_param.dat	818	desc	76	67		An onmyoji's battle armor\nfor standing against tough monsters.
data_item/equip_param.dat	819	desc	76	65		Greaves that gleam quietly\nblack; resists paralysis attacks.
data_item/equip_param.dat	820	desc	76	65		Greaves that gleam gently\nblack; resists paralysis attacks.
data_item/equip_param.dat	821	desc	76	65		Greaves of a strikingly\nvivid color; resists paralysis attacks.
data_item/equip_param.dat	822	desc	76	63		Shoes for a cosmic warrior\nwho rises no matter how often felled.
data_item/equip_param.dat	823	desc	76	59		Shoes leaving a sparkling\nafterimage, like twinkling stars.
data_item/equip_param.dat	824	desc	76	69		Shoes of a holy cosmic\nwarrior who has crossed the galaxy.
data_item/equip_param.dat	825	desc	76	57		A ranger's boots that\nnever fall for any trap.
data_item/equip_param.dat	826	desc	76	63		A ranger's mysterious boots\nthat make no footstep sound at all.
data_item/equip_param.dat	827	desc	76	67		The number-one ranger's\nboots, handling any special mission.
data_item/equip_param.dat	828	desc	76	55		Magic shoes that house a\nforest spirit's power when worn.
data_item/equip_param.dat	829	desc	76	67		Magic shoes granting the\nblessing of a normally unseen fairy.
data_item/equip_param.dat	830	desc	76	51		Magic spirit shoes that\nsometimes shine in seven colors.
data_item/equip_param.dat	831	desc	76	63		Shoes that grant holy\npower when doing what is right.
data_item/equip_param.dat	832	desc	76	69		Shoes so soft and light\nto wear they feel heavenly.
data_item/equip_param.dat	833	desc	76	65		Holy boots from which an\nangel's voice sounds with every step.
data_item/equip_param.dat	834	desc	76	55		A bear's warm, cozy\nlegs; raises stamina.
data_item/equip_param.dat	835	desc	76	55		A bear's fluffy\nlegs; raises stamina.
data_item/equip_param.dat	836	desc	76	55		A polar bear's warm,\ntoasty legs; raises stamina.
data_item/equip_param.dat	837	desc	76	55		A polar bear's soft,\nfluffy legs; raises stamina.
data_item/equip_param.dat	838	desc	76	47		A very adorable,\nplump panda's legs.
data_item/equip_param.dat	839	desc	76	47		A very cute, round\npanda's legs.
data_item/equip_param.dat	840	desc	76	57		A red panda's foot that\nfelled a villain with a splendid kick.
data_item/equip_param.dat	841	desc	76	65		A red panda's boots that\ncaptivate with skillful footwork.
data_item/equip_param.dat	842	desc	76	53		A cute maid's shoes,\ndiligently working hard.
data_item/equip_param.dat	843	desc	76	71		A maid's shoes that keep\nfeet from tiring after a full day's work.
data_item/equip_param.dat	844	desc	76	63		Red shoes that are\nfunctional yet properly cute too.
data_item/equip_param.dat	845	desc	76	69		A maid's shoes that handle\nany task swiftly and carefully.
data_item/equip_param.dat	846	desc	76	61		Tabi inscribed with a\nsorcerer's teachings; raises max MP.
data_item/equip_param.dat	847	desc	76	63		Shoes that remember a\nsorcerer's ways; raises max MP.
data_item/equip_param.dat	848	desc	76	63		Armor housing a\nsorcerer's soul; raises max MP.
data_item/equip_param.dat	849	desc	76	53		Leather boots issued\nby the army for new recruits.
data_item/equip_param.dat	850	desc	76	65		A soldier's boots, drilled\nto always act swiftly.
data_item/equip_param.dat	851	desc	76	61		A soldier's boots, earned\nafter training to become full-fledged.
data_item/equip_param.dat	852	desc	76	67		A very fickle imp's legs\nthat grant magic power to the wearer.
data_item/equip_param.dat	853	desc	76	71		A mysteriously charming\nimp's legs that prank people for laughs.
data_item/equip_param.dat	854	desc	76	69		A mysterious devil's legs\nthat turn negative energy into power.
data_item/equip_param.dat	855	desc	76	65		A devil's shoes, always\nchanneling hell's power to the toes.
data_item/equip_param.dat	856	desc	76	67		A glossy officer's boots\nthat show rank at a glance.
data_item/equip_param.dat	857	desc	76	65		An officer's boots, earned\nonly through effort and experience.
data_item/equip_param.dat	858	desc	76	65		Coveted boots worn only\nby the one who tops the army.
data_item/equip_param.dat	859	desc	76	61		The legendary bad bear's\nlegs; wearing them raises speed.
data_item/equip_param.dat	860	desc	76	61		The legendary bad bear's\nlegs; stirs up a sense of honor.
data_item/equip_param.dat	861	desc	76	65		The legendary bad bear's\nlegs; fills you with manly grit.
data_item/equip_param.dat	862	desc	76	63		Cool-designed sneakers;\nchemical fiber wards off paralysis.
data_item/equip_param.dat	863	desc	76	65		Chic-designed sneakers;\nspecial leather wards off poison.
data_item/equip_param.dat	864	desc	76	63		Santa's magic shoes;\njust wearing them brings excitement.
data_item/equip_param.dat	865	desc	76	65		A necklace, soft to the\ntouch, that gives comforting warmth.
data_item/equip_param.dat	866	desc	76	65		A cute-designed necklace\nthat speeds wound healing.
data_item/equip_param.dat	867	desc	76	59		A healing necklace that\nwraps its wearer in a soothing aura.
data_item/equip_param.dat	868	desc	76	63		A goddess's necklace that\nalways guards against mortal danger.
data_item/equip_param.dat	869	desc	76	65		A necklace whose metallic\nshine calms the heart.
data_item/equip_param.dat	870	desc	76	63		A necklace whose shine\ncan be seen from far away.
data_item/equip_param.dat	871	desc	76	69		A necklace decorated with\nfine silverwork and beautiful gems.
data_item/equip_param.dat	872	desc	76	65		A mysterious necklace that\nshines in many colors, like an aurora.
data_item/equip_param.dat	873	desc	76	55		A pleasant-feeling scarf\nthat guards against poison.
data_item/equip_param.dat	874	desc	76	65		An amazing scarf, resisting\npoison for worry-free adventuring.
data_item/equip_param.dat	875	desc	76	67		A scarf with a strong\ndetox effect; brings a good sweat.
data_item/equip_param.dat	876	desc	76	67		A mini machine that expels\ntoxins using the latest technology.
data_item/equip_param.dat	877	desc	76	55		A pleasant-feeling scarf\nthat guards against paralysis.
data_item/equip_param.dat	878	desc	76	53		A scarf that resists\nparalysis and cures it too.
data_item/equip_param.dat	879	desc	76	67		A machine that massages\naway a body stiffened by numbness.
data_item/equip_param.dat	880	desc	76	63		A super medical device\nthat instantly cures any paralysis.
data_item/equip_param.dat	881	desc	76	71		A necklace whose cold iron\ntouch sharpens consciousness.
data_item/equip_param.dat	882	desc	76	65		A necklace that refreshes\neven a hazy state of mind.
data_item/equip_param.dat	883	desc	76	61		A necklace of solid\npresence that sharpens the mind.
data_item/equip_param.dat	884	desc	76	61		A high-tech nano device\nthat steadies the mind at all times.
data_item/equip_param.dat	885	desc	76	59		A necklace whose woody\nscent wakes a sleepy mind.
data_item/equip_param.dat	886	desc	76	69		A necklace whose gentle\nstimulus wards off drowsiness.
data_item/equip_param.dat	887	desc	76	69		A necklace whose fragrant\nscent gives a refreshing wakeup.
data_item/equip_param.dat	888	desc	76	69		A necklace that keeps you\nso entertained you barely sleep.
data_item/equip_param.dat	889	desc	76	55		A necklace that cools\na body flushed with heat.
data_item/equip_param.dat	890	desc	76	61		A necklace with a cute\nfox cub that repels embers.
data_item/equip_param.dat	891	desc	76	63		A necklace with a cute\npenguin that keeps flame away.
data_item/equip_param.dat	892	desc	76	59		A necklace with a cute\npolar bear that nullifies flame.
data_item/equip_param.dat	893	desc	76	53		A thin, light scarf\nthat guards against the cold.
data_item/equip_param.dat	894	desc	76	61		A scarf that always\nconveys a cozy warmth.
data_item/equip_param.dat	895	desc	76	65		A scarf kept always\ntoasty by a built-in heater.
data_item/equip_param.dat	896	desc	76	63		The ultimate cold-weather\ngear, fusing a kotatsu and scarf.
data_item/equip_param.dat	897	desc	76	53		A scarf that firmly\nguards against thunder.
data_item/equip_param.dat	898	desc	76	65		A scarf of non-conductive\nmaterial, firmly protecting the body.
data_item/equip_param.dat	899	desc	76	53		A mysteriously patterned\ncharm that grants Raijin's blessing.
data_item/equip_param.dat	900	desc	76	65		A divine charm, its wearer\nprotected by an almighty god.
data_item/equip_param.dat	901	desc	76	67		A small seashell necklace;\nsometimes nullifies damage.
data_item/equip_param.dat	902	desc	76	67		A cute turtle necklace;\nsometimes nullifies damage.
data_item/equip_param.dat	903	desc	76	67		A big crocodile necklace;\nsometimes nullifies damage.
data_item/equip_param.dat	904	desc	76	65		A shelter-equipped necklace\nthat protects its wearer from blasts.
data_item/equip_param.dat	905	desc	76	57		A very pure-white necklace;\ncan carry five effects.
data_item/equip_param.dat	906	desc	76	51		A multicolored necklace\nwith a new effect added.
data_item/equip_param.dat	907	desc	76	57		A colorful three-toned\nnecklace with three effects.
data_item/equip_param.dat	908	desc	76	59		A vivid four-toned\nnecklace with a further effect.
data_item/equip_param.dat	909	desc	76	53		A rainbow-shining necklace\nwith five effects.
data_item/equip_param.dat	910	desc	76	61		A ring with a small\nsprout; speeds up growth rate.
data_item/equip_param.dat	911	desc	76	61		A ring with a cute\nflower; speeds up growth rate.
data_item/equip_param.dat	912	desc	76	61		A ring painted with a\ncute tree; speeds up growth rate.
data_item/equip_param.dat	913	desc	76	67		A magic ring made using\na fully-grown Yggdrasil.
data_item/equip_param.dat	914	desc	76	67		A ring engraved with a\nfire relief; lets you slightly wield fire.
data_item/equip_param.dat	915	desc	76	53		A ring shaped like a\npowerfully blazing flame.
data_item/equip_param.dat	916	desc	76	65		A ring of flame used when\nforming a pact with a fire spirit.
data_item/equip_param.dat	917	desc	76	69		A divine ring sealing away\na purifying flame that burns all.
data_item/equip_param.dat	918	desc	76	63		A ring branching out\nbeautifully, like a snowflake.
data_item/equip_param.dat	919	desc	76	63		A ring letting you\ncontrol the cold air gushing from it.
data_item/equip_param.dat	920	desc	76	65		A ring that stirs up\na fierce blizzard, damaging foes.
data_item/equip_param.dat	921	desc	76	67		The ice queen's ring; those\nwho gaze upon it freeze solid.
data_item/equip_param.dat	922	desc	76	53		A ring that electrocutes\nfoes with sparking electricity.
data_item/equip_param.dat	923	desc	76	59		A ring cloaked in thunder\nthat strikes approaching foes.
data_item/equip_param.dat	924	desc	76	61		A shining ring shaped\nlike Raijin above the clouds.
data_item/equip_param.dat	925	desc	76	69		A ring calling forth mighty\nthunder like a god's own wrath.
data_item/equip_param.dat	926	desc	76	57		A small heart-shaped ring\nthat conveys feelings of love.
data_item/equip_param.dat	927	desc	76	59		A silver heart-shaped ring\nthat conveys feelings of love.
data_item/equip_param.dat	928	desc	76	67		A gorgeous heart-adorned\nring that conveys true love.
data_item/equip_param.dat	929	desc	76	63		A very beautiful goddess's\nring that conveys a goddess's love.
data_item/equip_param.dat	930	desc	76	53		A ring fitted with a\nneedle that poisons foes.
data_item/equip_param.dat	931	desc	76	55		A cute honeybee ring\nthat poisons foes.
data_item/equip_param.dat	932	desc	76	59		A cool spider-designed\nring that poisons foes.
data_item/equip_param.dat	933	desc	76	55		A ring painted with a\ndevil that poisons foes.
data_item/equip_param.dat	934	desc	76	59		A paralysis ring that can\nsteal a little of a foe's freedom.
data_item/equip_param.dat	935	desc	76	71		A ring painted with a\nsharp snake that can paralyze foes.
data_item/equip_param.dat	936	desc	76	67		A fearsome Medusa ring\nthat can paralyze foes.
data_item/equip_param.dat	937	desc	76	69		A ring of wrath, holding a\ngorgon's grudge against her slayer.
data_item/equip_param.dat	938	desc	76	67		A ring that, step by\nstep, can conquer even the world.
data_item/equip_param.dat	939	desc	76	59		A powerful ring that\nstaggers foes with left-right combos.
data_item/equip_param.dat	940	desc	76	63		A ring that strips a foe's\nsenses away with an uppercut.
data_item/equip_param.dat	941	desc	76	67		The mightiest ring, staggering\nfoes with a blinding single blow.
data_item/equip_param.dat	942	desc	76	59		A gently-scented ring\nthat lures foes into sleep.
data_item/equip_param.dat	943	desc	76	67		A ring conjuring a listless\nafternoon air that puts foes to sleep.
data_item/equip_param.dat	944	desc	76	67		A ring inducing drowsiness\nso strong the eyelids can't stay open.
data_item/equip_param.dat	945	desc	76	71		A ring painted with the god\nof sleep, lulling foes to sleep.
data_item/equip_param.dat	946	desc	76	65		A gimmick ring that fits\na weapon with a special mechanism.
data_item/equip_param.dat	947	desc	76	65		A gimmick ring built with\na mechanism that raises weapon power.
data_item/equip_param.dat	948	desc	76	63		A gimmick ring that lets\nyou wield an equipped weapon with skill.
data_item/equip_param.dat	949	desc	76	69		A ring enabling attacks\nfrom the unpredictable 4th dimension.
data_item/equip_param.dat	950	desc	76	53		A very pure-white ring;\ncan carry five effects.
data_item/equip_param.dat	951	desc	76	51		A multicolored ring\nwith a new effect added.
data_item/equip_param.dat	952	desc	76	57		A colorful three-toned\nring with three effects.
data_item/equip_param.dat	953	desc	76	59		A vivid four-toned\nring with a further effect.
data_item/equip_param.dat	954	desc	76	53		A rainbow-shining ring\nwith five effects.
data_item/equip_param.dat	955	desc	76	59		A cute bear earring;\nraises max HP.
data_item/equip_param.dat	956	desc	76	59		A cute elephant earring;\nraises max HP.
data_item/equip_param.dat	957	desc	76	59		A rugged Tauros earring;\nraises max HP.
data_item/equip_param.dat	958	desc	76	63		A fierce dragon earring;\nraises max HP.
data_item/equip_param.dat	959	desc	76	59		An earring like a\ntwinkling star; raises max MP.
data_item/equip_param.dat	960	desc	76	63		An earring giving shape\nto the quiet of night; raises max MP.
data_item/equip_param.dat	961	desc	76	55		A cute crescent-moon\nearring; raises max MP.
data_item/equip_param.dat	962	desc	76	57		A grand, cosmic\nearring; raises max MP.
data_item/equip_param.dat	963	desc	76	53		An earring that draws\npowerful energy from the body.
data_item/equip_param.dat	964	desc	76	63		An earring that stirs a\npowerful aura in its wearer.
data_item/equip_param.dat	965	desc	76	71		An earring sealing away\nfierce power of an ancient ogre clan.
data_item/equip_param.dat	966	desc	76	69		The ultimate power earring,\ninfused with a divine hero's strength.
data_item/equip_param.dat	967	desc	76	53		An earring worn by a\nfairy proud of her quickness.
data_item/equip_param.dat	968	desc	76	55		An earring letting you\nmove as light as the wind.
data_item/equip_param.dat	969	desc	76	63		An earring granting speed\nlike a raging gale.
data_item/equip_param.dat	970	desc	76	69		An earring housing the\npower of Fujin, the wind god.
data_item/equip_param.dat	971	desc	76	63		An earring that sharpens\nfocus to raise magic power.
data_item/equip_param.dat	972	desc	76	63		An earring that raises\nmagic power very efficiently.
data_item/equip_param.dat	973	desc	76	65		An earring only high-\nranking sorcerers may wear.
data_item/equip_param.dat	974	desc	76	65		An earring that unleashes\ngreat magic power sealed in a human.
data_item/equip_param.dat	975	desc	76	71		An earring letting you\nmove fast enough to kick up dust.
data_item/equip_param.dat	976	desc	76	61		An earring letting you\nrun like a cheetah across the plains.
data_item/equip_param.dat	977	desc	76	69		A device that gives its\nwearer an explosive burst of speed.
data_item/equip_param.dat	978	desc	76	67		The final form of the\naccel device, improved to the limit.
data_item/equip_param.dat	979	desc	76	69		A charge earring that lets\nyou build power efficiently.
data_item/equip_param.dat	980	desc	76	61		A charge earring that\ngreatly speeds power recovery.
data_item/equip_param.dat	981	desc	76	59		A space-time charge\nearring that speeds up time's flow.
data_item/equip_param.dat	982	desc	76	61		An earring worn by the\nruler of space-time when using power.
data_item/equip_param.dat	983	desc	76	63		An earring shaped like\na pouncing tiger; raises critical rate.
data_item/equip_param.dat	984	desc	76	63		An earring shaped like\na biting shark; raises critical rate.
data_item/equip_param.dat	985	desc	76	59		An earring shaped like\na demon beast; raises critical rate.
data_item/equip_param.dat	986	desc	76	65		An earring hiding the power\nof a dragon that felled a nation.
data_item/equip_param.dat	987	desc	76	71		A lucky earring that\nbrings fortune just by walking outside.
data_item/equip_param.dat	988	desc	76	71		An earring said to have\nbeen owned by a king who lived happily.
data_item/equip_param.dat	989	desc	76	61		A magic earring said to\nbring a miracle to its wearer.
data_item/equip_param.dat	990	desc	76	69		An amazing, wildly buzzing\nearring with unstoppable item fever.
data_item/equip_param.dat	991	desc	76	67		A simple gold earring;\nincreases gold earned.
data_item/equip_param.dat	992	desc	76	69		A simple platinum earring;\nincreases gold earned.
data_item/equip_param.dat	993	desc	76	69		A simple mithril earring;\nincreases gold earned.
data_item/equip_param.dat	994	desc	76	67		A golden earring worn by\na dwarf who never misses any gold.
data_item/equip_param.dat	995	desc	76	53		A very pure-white earring;\ncan carry five effects.
data_item/equip_param.dat	996	desc	76	51		A multicolored earring\nwith a new effect added.
data_item/equip_param.dat	997	desc	76	57		A colorful three-toned\nearring with three effects.
data_item/equip_param.dat	998	desc	76	59		A vivid four-toned\nearring with a further effect.
data_item/equip_param.dat	999	desc	76	53		A rainbow-shining earring\nwith five effects.
data_item/equip_param.dat	1000	desc	76	69		A helm housing a dragon's\nsoul; repels enemy attacks.
data_item/equip_param.dat	1001	desc	76	61		A golden-shining helm\nabsorbing a dragon's strength.
data_item/equip_param.dat	1002	desc	76	69		A helm of a dragon called\na god; deflects wicked power.
data_item/equip_param.dat	1003	desc	76	73		A helm worn only by a hero\nwho survived a duel with a true dragon.
data_item/equip_param.dat	1004	desc	76	67		Goggles colored by\ndarkness; unleash skills swiftly.
data_item/equip_param.dat	1005	desc	76	67		Goggles with the power\nof shadow; unleash skills swiftly.
data_item/equip_param.dat	1006	desc	76	65		Amazing goggles that let\nyou blend a little with the surroundings.
data_item/equip_param.dat	1007	desc	76	59		Amazing goggles that let\nyou blend fully with the surroundings.
data_item/equip_param.dat	1008	desc	76	65		A helm so terrifying in\ndesign that monsters flinch on sight.
data_item/equip_param.dat	1009	desc	76	61		A cool-designed helm\nworn by a devil knight.
data_item/equip_param.dat	1010	desc	76	61		A hellish helm that lets\nyou draw magic power from hell.
data_item/equip_param.dat	1011	desc	76	69		The ultimate helm, granting\nthe wisdom of hell's own ruler.
data_item/equip_param.dat	1012	desc	76	59		A beautiful hair ornament\nsaid to turn sparkling light to gold.
data_item/equip_param.dat	1013	desc	76	59		A hat shaped like a\nphoenix, symbol of immortality.
data_item/equip_param.dat	1014	desc	76	59		A hair ornament so\ndazzlingly holy it blinds the eye.
data_item/equip_param.dat	1015	desc	76	73		A hat wearable only by one\nenlightened and blessed by a god.
data_item/equip_param.dat	1016	desc	76	57		A vest that lets you feel\na gold dragon's breath when worn.
data_item/equip_param.dat	1017	desc	76	55		Armor that lets you house\nthe same power as a gold dragon.
data_item/equip_param.dat	1018	desc	76	55		A mystical vest, light\nas a feather, with no felt weight.
data_item/equip_param.dat	1019	desc	76	65		Armor fitting for a god's\nname, unharmed by any attack.
data_item/equip_param.dat	1020	desc	76	69		A shadow garment whose\ndarkness erases enemy attacks.
data_item/equip_param.dat	1021	desc	76	69		A shadow suit that fuses\nwith darkness to dodge enemy attacks.
data_item/equip_param.dat	1022	desc	76	65		A garment that blends\nwith the scenery to deflect attacks.
data_item/equip_param.dat	1023	desc	76	73		A suit excellent for covert\nmovement, hard to catch sight of.
data_item/equip_param.dat	1024	desc	76	69		Armor built by condensing\nthe power of countless devils.
data_item/equip_param.dat	1025	desc	76	73		Tremendous armor housing\nthe magic power of high-ranking devils.
data_item/equip_param.dat	1026	desc	76	61		Armor of a devil duke\nwhose name resounds through hell.
data_item/equip_param.dat	1027	desc	76	69		The ultimate armor, granting\nthe power of hell's own ruler.
data_item/equip_param.dat	1028	desc	76	65		A holy garment that clears\nidle thoughts and focuses the spirit.
data_item/equip_param.dat	1029	desc	76	69		A phoenix vestment overflowing\nwith the holy power dwelling within.
data_item/equip_param.dat	1030	desc	76	53		A holy garment woven\nas an offering to a god.
data_item/equip_param.dat	1031	desc	76	71		A holy vestment said to be\nleft to humanity as a god's final hope.
data_item/equip_param.dat	1032	desc	76	55		A gold dragon's armor,\nstirring power from the legs up.
data_item/equip_param.dat	1033	desc	76	67		Golden armor letting you\nkick off the earth like a gold dragon.
data_item/equip_param.dat	1034	desc	76	73		Shoes enabling a powerful\nlunge, like a true dragon charging in.
data_item/equip_param.dat	1035	desc	76	71		Divine armor that lets you\nabsorb and claim the earth's own power.
data_item/equip_param.dat	1036	desc	76	67		Shadow shoes that fuse\nwith shadow to raise speed.
data_item/equip_param.dat	1037	desc	76	65		Shadow boots that melt\ninto shadow to raise speed.
data_item/equip_param.dat	1038	desc	76	67		Stealth shoes that\ncompletely cut off impact and sound.
data_item/equip_param.dat	1039	desc	76	65		Stealth boots that\ncompletely erase your presence.
data_item/equip_param.dat	1040	desc	76	59		Magic boots granting a\ndevil's whisper when attacking.
data_item/equip_param.dat	1041	desc	76	51		Magic boots granting a\ndevil's wisdom just by wearing them.
data_item/equip_param.dat	1042	desc	76	65		Boots of hell, housing the\npower of hell's devils in the body.
data_item/equip_param.dat	1043	desc	76	69		The ultimate armor, granting\nthe enlightenment of hell's own ruler.
data_item/equip_param.dat	1044	desc	76	67		A phoenix's shoes that\nward off misfortune from everyone.
data_item/equip_param.dat	1045	desc	76	63		A phoenix's armor that\nbrings blessing to a pure heart.
data_item/equip_param.dat	1046	desc	76	61		Holy shoes of the gods,\npermitted only for a saint to wear.
data_item/equip_param.dat	1047	desc	76	67		Divine armor that wipes\naway every calamity of this world.
data_monster/monster_param.dat	0	name	16	8		Chibion
data_monster/monster_param.dat	1	name	16	8		Punion
data_monster/monster_param.dat	2	name	16	12		Big Punion
data_monster/monster_param.dat	3	name	16	12		Neo Punion
data_monster/monster_param.dat	4	name	16	16		Punion Elite
data_monster/monster_param.dat	5	name	16	16		Punion Leader
data_monster/monster_param.dat	6	name	16	12		Chili Tomaton
data_monster/monster_param.dat	7	name	16	8		Tomaton
data_monster/monster_param.dat	8	name	16	12		Big Tomaton
data_monster/monster_param.dat	9	name	16	14		Metal Punion
data_monster/monster_param.dat	10	name	16	16		Silver Punion
data_monster/monster_param.dat	11	name	16	16		Platinum Punion
data_monster/monster_param.dat	12	name	16	10		Tiny King
data_monster/monster_param.dat	13	name	16	14		King Punion
data_monster/monster_param.dat	14	name	16	12		Punimperor
data_monster/monster_param.dat	15	name	16	16		Nerima Daicorn
data_monster/monster_param.dat	16	name	16	10		Daicorn
data_monster/monster_param.dat	17	name	16	16		Sakura Daicorn
data_monster/monster_param.dat	18	name	16	14		Spud Prince
data_monster/monster_param.dat	19	name	16	16		Spud Baron
data_monster/monster_param.dat	20	name	16	10		Spud King
data_monster/monster_param.dat	21	name	16	12		24K King
data_monster/monster_param.dat	22	name	16	10		Gold-Plated King
data_monster/monster_param.dat	23	name	16	16		18K King
data_monster/monster_param.dat	24	name	16	10		Mini Mooton
data_monster/monster_param.dat	25	name	16	10		Mooton
data_monster/monster_param.dat	26	name	16	10		Big Mooton
data_monster/monster_param.dat	27	name	16	16		Zip Mooton
data_monster/monster_param.dat	28	name	16	16		Zoom Mooton
data_monster/monster_param.dat	29	name	16	16		Mach Mooton
data_monster/monster_param.dat	30	name	16	16		Warm Tauros
data_monster/monster_param.dat	31	name	16	14		Hot Tauros
data_monster/monster_param.dat	32	name	16	14		God Tauros
data_monster/monster_param.dat	33	name	16	14		Chill Tauros
data_monster/monster_param.dat	34	name	16	14		Cool Tauros
data_monster/monster_param.dat	35	name	16	14		Tall Tauros
data_monster/monster_param.dat	36	name	16	12		Mini Oinkton
data_monster/monster_param.dat	37	name	16	8		Oinkton
data_monster/monster_param.dat	38	name	16	12		Big Oinkton
data_monster/monster_param.dat	39	name	16	16		Iberico Pig
data_monster/monster_param.dat	40	name	16	12		Mr. Black Pig
data_monster/monster_param.dat	41	name	16	12		Black Pig X
data_monster/monster_param.dat	42	name	16	14		Light Oinkton
data_monster/monster_param.dat	43	name	16	16		Thunder Oinkton
data_monster/monster_param.dat	44	name	16	16		Bolt Oinkton
data_monster/monster_param.dat	45	name	16	16		Miracle Oinkton
data_monster/monster_param.dat	46	name	16	16		Magical Oinkton
data_monster/monster_param.dat	47	name	16	16		Radical Oinkton
data_monster/monster_param.dat	48	name	16	16		Mooton Sage
data_monster/monster_param.dat	49	name	16	16		Mooton Mage
data_monster/monster_param.dat	50	name	16	16		Mooton Wise
data_monster/monster_param.dat	51	name	16	16		Sickly Mooton
data_monster/monster_param.dat	52	name	16	16		Mooton Venom
data_monster/monster_param.dat	53	name	16	16		Mooton Pain
data_monster/monster_param.dat	54	name	16	12		Moo Girl
data_monster/monster_param.dat	55	name	16	12		Moo Mama
data_monster/monster_param.dat	56	name	16	14		Moo Queen
data_monster/monster_param.dat	57	name	16	12		Petit Cow
data_monster/monster_param.dat	58	name	16	16		Thunder Cow
data_monster/monster_param.dat	59	name	16	16		Raijin Cow
data_monster/monster_param.dat	60	name	16	12		Small Eye
data_monster/monster_param.dat	61	name	16	12		Cyclops
data_monster/monster_param.dat	62	name	16	10		Big Eye
data_monster/monster_param.dat	63	name	16	8		Little Ogre
data_monster/monster_param.dat	64	name	16	4		Ogre
data_monster/monster_param.dat	65	name	16	8		Big Ogre
data_monster/monster_param.dat	66	name	16	10		Strange Eye
data_monster/monster_param.dat	67	name	16	12		Evil God Eye
data_monster/monster_param.dat	68	name	16	12		Dark Eye
data_monster/monster_param.dat	69	name	16	14		Pretty Eye
data_monster/monster_param.dat	70	name	16	14		Loving Eye
data_monster/monster_param.dat	71	name	16	14		Devoted Eye
data_monster/monster_param.dat	72	name	16	14		Skeleton Kid
data_monster/monster_param.dat	73	name	16	14		Bone Swordsman
data_monster/monster_param.dat	74	name	16	14		Skeleton Lord
data_monster/monster_param.dat	75	name	16	10		Mini Samurai
data_monster/monster_param.dat	76	name	16	10		Fallen Samurai
data_monster/monster_param.dat	77	name	16	10		Big Samurai
data_monster/monster_param.dat	78	name	16	12		Bone General
data_monster/monster_param.dat	79	name	16	12		Bone Samurai
data_monster/monster_param.dat	80	name	16	14		Bone Shogun
data_monster/monster_param.dat	81	name	16	8		Sword Saint
data_monster/monster_param.dat	82	name	16	8		Swordmaster
data_monster/monster_param.dat	83	name	16	8		Kenshin
data_monster/monster_param.dat	84	name	16	14		Chick Master
data_monster/monster_param.dat	85	name	16	14		Chick Samurai
data_monster/monster_param.dat	86	name	16	16		Chick Shogun
data_monster/monster_param.dat	87	name	16	8		Baby Chick
data_monster/monster_param.dat	88	name	16	6		Chick
data_monster/monster_param.dat	89	name	16	10		Big Chick
data_monster/monster_param.dat	90	name	16	16		Shape Packet
data_monster/monster_param.dat	91	name	16	14		Lost Packet
data_monster/monster_param.dat	92	name	16	14		Hack Packet
data_monster/monster_param.dat	93	name	16	14		Minimum Grey
data_monster/monster_param.dat	94	name	16	12		Little Grey
data_monster/monster_param.dat	95	name	16	12		Big Grey
data_monster/monster_param.dat	96	name	16	14		Rex Baby
data_monster/monster_param.dat	97	name	16	8		Rex
data_monster/monster_param.dat	98	name	16	12		Mega Rex
data_monster/monster_param.dat	99	name	16	14		Hot Rex
data_monster/monster_param.dat	100	name	16	14		Magma Rex
data_monster/monster_param.dat	101	name	16	14		Meteo Rex
data_monster/monster_param.dat	102	name	16	16		Rotting Rex
data_monster/monster_param.dat	103	name	16	14		Zombie Rex
data_monster/monster_param.dat	104	name	16	16		Mutant Rex
data_monster/monster_param.dat	105	name	16	14		Proto Rex
data_monster/monster_param.dat	106	name	16	14		Bio Rex
data_monster/monster_param.dat	107	name	16	14		Venom Rex
data_monster/monster_param.dat	108	name	16	12		Little Bird
data_monster/monster_param.dat	109	name	16	10		Archaeobird
data_monster/monster_param.dat	110	name	16	12		Big Bird
data_monster/monster_param.dat	111	name	16	12		Knife Bird
data_monster/monster_param.dat	112	name	16	14		Blade Bird
data_monster/monster_param.dat	113	name	16	14		Axe Bird
data_monster/monster_param.dat	114	name	16	16		Magical Feather
data_monster/monster_param.dat	115	name	16	16		Magical Wing
data_monster/monster_param.dat	116	name	16	14		Magical Sky
data_monster/monster_param.dat	117	name	16	10		Minix
data_monster/monster_param.dat	118	name	16	12		Phoenix
data_monster/monster_param.dat	119	name	16	14		Sun Bird
data_monster/monster_param.dat	120	name	16	12		Petit Rockn
data_monster/monster_param.dat	121	name	16	8		Rockn
data_monster/monster_param.dat	122	name	16	14		Gaia Rockn
data_monster/monster_param.dat	123	name	16	10		Asozan
data_monster/monster_param.dat	124	name	16	10		Fujiyama
data_monster/monster_param.dat	125	name	16	16		Kilimanjaro
data_monster/monster_param.dat	126	name	16	12		Mt. Snowy
data_monster/monster_param.dat	127	name	16	12		Mt. Everest
data_monster/monster_param.dat	128	name	16	14		Mt. Chomo
data_monster/monster_param.dat	129	name	16	14		Plop Baby
data_monster/monster_param.dat	130	name	16	12		Plop Prince
data_monster/monster_param.dat	131	name	16	14		Plop Princess
data_monster/monster_param.dat	132	name	16	14		Pure Demon
data_monster/monster_param.dat	133	name	16	14		Orc Demon
data_monster/monster_param.dat	134	name	16	14		King Demon
data_monster/monster_param.dat	135	name	16	16		Evil Sorcerer
data_monster/monster_param.dat	136	name	16	14		Dark Priest
data_monster/monster_param.dat	137	name	16	14		Dark Emperor
data_monster/monster_param.dat	138	name	16	12		Death White
data_monster/monster_param.dat	139	name	16	14		Death Angel
data_monster/monster_param.dat	140	name	16	14		Great One
data_monster/monster_param.dat	141	name	16	12		Devil Boy
data_monster/monster_param.dat	142	name	16	10		Hell Devil
data_monster/monster_param.dat	143	name	16	14		Devil Reaper
data_monster/monster_param.dat	144	name	16	14		Dragon Kid
data_monster/monster_param.dat	145	name	16	14		Red Dragon
data_monster/monster_param.dat	146	name	16	16		Great Dragon
data_monster/monster_param.dat	147	name	16	16		Alien Baby
data_monster/monster_param.dat	148	name	16	10		Alien
data_monster/monster_param.dat	149	name	16	16		Alien Mother
data_monster/monster_param.dat	150	name	16	12		Bolt Dragon
data_monster/monster_param.dat	151	name	16	12		Electric Dragon
data_monster/monster_param.dat	152	name	16	14		Thunder Dragon
data_monster/monster_param.dat	153	name	16	14		Pure Lovegon
data_monster/monster_param.dat	154	name	16	8		Lovegon
data_monster/monster_param.dat	155	name	16	12		Crushgon
data_monster/monster_param.dat	156	name	16	14		Cosmo Dragon
data_monster/monster_param.dat	157	name	16	14		Star Dragon
data_monster/monster_param.dat	158	name	16	14		Dragon Bulge
data_monster/monster_param.dat	159	name	16	12		Blood One
data_monster/monster_param.dat	160	name	16	16		Blood Dragon
data_monster/monster_param.dat	161	name	16	14		Blood Evil
data_monster/monster_param.dat	162	name	16	10		Squire
data_monster/monster_param.dat	163	name	16	14		Knight Dragon
data_monster/monster_param.dat	164	name	16	16		General Claw
data_monster/monster_param.dat	165	name	16	14		Dark Prince
data_monster/monster_param.dat	166	name	16	14		Dark Dragon
data_monster/monster_param.dat	167	name	16	12		Dark Lord
data_monster/monster_param.dat	168	name	16	14		Snug Baby
data_monster/monster_param.dat	169	name	16	8		Snug
data_monster/monster_param.dat	170	name	16	10		Snuggy
data_monster/monster_param.dat	171	name	16	14		Fluff Baby
data_monster/monster_param.dat	172	name	16	8		Fluff
data_monster/monster_param.dat	173	name	16	10		Fluffy
data_monster/monster_param.dat	174	name	16	16		Jealousy Ball
data_monster/monster_param.dat	175	name	16	12		Dark Ball
data_monster/monster_param.dat	176	name	16	12		Evil Ball
data_monster/monster_param.dat	177	name	16	14		Alice Rabbit
data_monster/monster_param.dat	178	name	16	14		Odd Rabbit
data_monster/monster_param.dat	179	name	16	16		Silver Rabbit
data_monster/monster_param.dat	180	name	16	14		Robo-chan
data_monster/monster_param.dat	181	name	16	12		Mr. Robot
data_monster/monster_param.dat	182	name	16	12		Lord Robot
data_monster/monster_param.dat	183	name	16	8		R1-T
data_monster/monster_param.dat	184	name	16	8		R2-T
data_monster/monster_param.dat	185	name	16	8		R3-T
data_monster/monster_param.dat	186	name	16	14		Pastry Mech
data_monster/monster_param.dat	187	name	16	14		Cooking Mech
data_monster/monster_param.dat	188	name	16	10		Mecha Cook
data_monster/monster_param.dat	189	name	16	10		Early Model
data_monster/monster_param.dat	190	name	16	14		Safety Mech
data_monster/monster_param.dat	191	name	16	14		Genocider
data_monster/monster_param.dat	192	name	16	14		Clockwork Mage
data_monster/monster_param.dat	193	name	16	12		Magic Weapon
data_monster/monster_param.dat	194	name	16	12		Magic Golem
data_monster/monster_param.dat	195	name	16	14		Megido Flame
data_monster/monster_param.dat	196	name	16	12		Hell Burner
data_monster/monster_param.dat	197	name	16	10		Hell Flare
data_monster/monster_param.dat	198	name	16	10		Decoder
data_monster/monster_param.dat	199	name	16	12		Encoder
data_monster/monster_param.dat	200	name	16	14		Terminator
data_monster/monster_param.dat	201	name	16	14		Book Reader
data_monster/monster_param.dat	202	name	16	14		Book Guarder
data_monster/monster_param.dat	203	name	16	14		Book Cutter
data_monster/monster_param.dat	204	name	16	16		Super Mush
data_monster/monster_param.dat	205	name	16	14		Battle Mush
data_monster/monster_param.dat	206	name	16	14		Big Mush
data_monster/monster_param.dat	207	name	16	16		Multi Mushcorn
data_monster/monster_param.dat	208	name	16	10		Mushcorn
data_monster/monster_param.dat	209	name	16	14		Big Mushcorn
data_monster/monster_param.dat	210	name	16	16		Miracle Matango
data_monster/monster_param.dat	211	name	16	10		Odd Mushroom
data_monster/monster_param.dat	212	name	16	8		Mystery Shroom
data_monster/monster_param.dat	213	name	16	14		Prime Mushroom
data_monster/monster_param.dat	214	name	16	12		Dark Shiitake
data_monster/monster_param.dat	215	name	16	12		Big Shiitake
data_monster/monster_param.dat	216	name	16	10		Hercules
data_monster/monster_param.dat	217	name	16	12		Face Bug
data_monster/monster_param.dat	218	name	16	14		Big Face
data_monster/monster_param.dat	219	name	16	10		Caucasus
data_monster/monster_param.dat	220	name	16	10		Venom Beetle
data_monster/monster_param.dat	221	name	16	14		Deadly Beetle
data_monster/monster_param.dat	222	name	16	8		Rare Bug
data_monster/monster_param.dat	223	name	16	12		Thunder Bug
data_monster/monster_param.dat	224	name	16	16		Lightning Bug
data_monster/monster_param.dat	225	name	16	12		Happy Bug
data_monster/monster_param.dat	226	name	16	14		Delicious Bug
data_monster/monster_param.dat	227	name	16	14		Gorgeous Bug
data_monster/monster_param.dat	228	name	16	14		Baby Sharkie
data_monster/monster_param.dat	229	name	16	8		Sharkie
data_monster/monster_param.dat	230	name	16	16		Great Sharkie
data_monster/monster_param.dat	231	name	16	16		Universe Shark
data_monster/monster_param.dat	232	name	16	16		Space Shark
data_monster/monster_param.dat	233	name	16	16		Galaxy Shark
data_monster/monster_param.dat	234	name	16	14		Thunder Bonito
data_monster/monster_param.dat	235	name	16	14		Thunder Tuna
data_monster/monster_param.dat	236	name	16	16		Thunder Whale
data_monster/monster_param.dat	237	name	16	14		Toxic Minnow
data_monster/monster_param.dat	238	name	16	12		Toxic Fish
data_monster/monster_param.dat	239	name	16	16		Toxic Shark
data_monster/monster_param.dat	240	name	16	12		Petit Fang
data_monster/monster_param.dat	241	name	16	14		Horror Fang
data_monster/monster_param.dat	242	name	16	12		Hell Fang
data_monster/monster_param.dat	243	name	16	8		Gritty
data_monster/monster_param.dat	244	name	16	14		Sand Salmon
data_monster/monster_param.dat	245	name	16	10		Sand Lord
data_monster/monster_param.dat	246	name	16	10		Piranito
data_monster/monster_param.dat	247	name	16	10		Piranix
data_monster/monster_param.dat	248	name	16	12		Piraneedle
data_monster/monster_param.dat	249	name	16	12		Bone Baby
data_monster/monster_param.dat	250	name	16	14		Maneater Bone
data_monster/monster_param.dat	251	name	16	14		Huge Bone
data_monster/monster_param.dat	252	name	16	12		Petit Moena
data_monster/monster_param.dat	253	name	16	8		Moena
data_monster/monster_param.dat	254	name	16	12		Tera Moena
data_monster/monster_param.dat	255	name	16	12		Chitokachina
data_monster/monster_param.dat	256	name	16	10		Katchina
data_monster/monster_param.dat	257	name	16	12		Gatchirina
data_monster/monster_param.dat	258	name	16	12		Chopachina
data_monster/monster_param.dat	259	name	16	10		Patchina
data_monster/monster_param.dat	260	name	16	10		Batchina
data_monster/monster_param.dat	261	name	16	10		Rare One
data_monster/monster_param.dat	262	name	16	10		Nasty One
data_monster/monster_param.dat	263	name	16	10		Amazing One
data_monster/monster_boss_param.dat	0	name	16	12		Tiamat
data_monster/monster_boss_param.dat	1	name	16	10		Hydras
data_monster/monster_boss_param.dat	2	name	16	10		Daitarn
data_monster/monster_boss_param.dat	3	name	16	14		God Dragon
data_monster/monster_boss_param.dat	4	name	16	14		Tiamat S
data_monster/monster_boss_param.dat	5	name	16	12		Hydras S
data_monster/monster_boss_param.dat	6	name	16	12		Daitarn S
data_monster/monster_boss_param.dat	7	name	16	16		God Dragon S
data_monster/monster_boss_param.dat	8	name	16	6		Esra
data_monster/monster_boss_param.dat	9	name	16	6		Leafla
data_monster/monster_boss_param.dat	10	name	16	8		Lighton
data_monster/monster_boss_param.dat	11	name	16	6		Gold
data_monster/monster_boss_param.dat	12	name	16	8		Esra S
data_monster/monster_boss_param.dat	13	name	16	8		Leafla S
data_monster/monster_boss_param.dat	14	name	16	10		Lighton S
data_monster/monster_boss_param.dat	15	name	16	8		Gold S
data_monster/monster_boss_param.dat	16	name	16	8		Enura
data_monster/monster_boss_param.dat	17	name	16	6		Flora
data_monster/monster_boss_param.dat	18	name	16	8		Nighton
data_monster/monster_boss_param.dat	19	name	16	6		Silva
data_monster/monster_boss_param.dat	20	name	16	8		Enura S
data_monster/monster_boss_param.dat	21	name	16	8		Flora S
data_monster/monster_boss_param.dat	22	name	16	10		Nighton S
data_monster/monster_boss_param.dat	23	name	16	8		Silva S
data_monster/monster_boss_param.dat	24	name	16	14		Drill Marlin
data_monster/monster_boss_param.dat	25	name	16	12		Big Burn
data_monster/monster_boss_param.dat	26	name	16	10		Daedalus
data_monster/monster_boss_param.dat	27	name	16	14		Supernova
data_monster/monster_boss_param.dat	28	name	16	16		Drill Marlin S
data_monster/monster_boss_param.dat	29	name	16	14		Big Burn S
data_monster/monster_boss_param.dat	30	name	16	12		Daedalus S
data_monster/monster_boss_param.dat	31	name	16	16		Supernova S
data_monster/monster_boss_param.dat	32	name	16	6		Nagato
data_monster/monster_boss_param.dat	33	name	16	6		Musashi
data_monster/monster_boss_param.dat	34	name	16	6		Yamato
data_monster/monster_boss_param.dat	35	name	16	10		Koganemaru
data_monster/monster_boss_param.dat	36	name	16	8		Nagato S
data_monster/monster_boss_param.dat	37	name	16	8		Musashi S
data_monster/monster_boss_param.dat	38	name	16	8		Yamato S
data_monster/monster_boss_param.dat	39	name	16	12		Koganemaru S
data_monster/monster_boss_param.dat	40	name	16	12		King Lich
data_monster/monster_boss_param.dat	41	name	16	10		Beelzebub
data_monster/monster_boss_param.dat	42	name	16	10		Deathrokia
data_monster/monster_boss_param.dat	43	name	16	14		Nest Queen
data_monster/monster_boss_param.dat	44	name	16	14		King Lich S
data_monster/monster_boss_param.dat	45	name	16	12		Beelzebub S
data_monster/monster_boss_param.dat	46	name	16	12		Deathrokia S
data_monster/monster_boss_param.dat	47	name	16	16		Nest Queen S
data_monster/monster_boss_param.dat	48	name	16	10		Belials
data_monster/monster_boss_param.dat	49	name	16	10		Colossus
data_monster/monster_boss_param.dat	50	name	16	10		Antares
data_monster/monster_boss_param.dat	51	name	16	12		Spyware
data_monster/monster_boss_param.dat	52	name	16	12		Belials S
data_monster/monster_boss_param.dat	53	name	16	12		Colossus S
data_monster/monster_boss_param.dat	54	name	16	12		Antares S
data_monster/monster_boss_param.dat	55	name	16	14		Spyware S
data_monster/monster_boss_param.dat	56	name	16	10		Cerberus
data_monster/monster_boss_param.dat	57	name	16	14		Dark Wonder
data_monster/monster_boss_param.dat	58	name	16	8		Cookie
data_monster/monster_boss_param.dat	59	name	16	14		Mad Lander
data_monster/monster_boss_param.dat	60	name	16	12		Cerberus S
data_monster/monster_boss_param.dat	61	name	16	16		Dark Wonder S
data_monster/monster_boss_param.dat	62	name	16	10		Cookie S
data_monster/monster_boss_param.dat	63	name	16	16		Mad Lander S
data_monster/monster_boss_param.dat	64	name	16	6		Demon King
data_monster/monster_boss_param.dat	65	name	16	6		Demon King
data_monster/monster_boss_param.dat	66	name	16	6		Demon King
data_monster/monster_boss_param.dat	67	name	16	6		Demon King
data_monster/monster_boss_param.dat	68	name	16	6		Demon King
data_monster/monster_boss_param.dat	69	name	16	6		Demon King
data_monster/monster_boss_param.dat	70	name	16	6		Demon King
data_monster/monster_boss_param.dat	71	name	16	6		Demon King
data_monster/monster_boss_param.dat	72	name	16	6		Demon King
data_monster/monster_boss_param.dat	73	name	16	6		Demon King
data_monster/monster_boss_param.dat	74	name	16	16		Power Bearer
data_monster/monster_object_param.dat	0	name	16	4		Barrel
data_monster/monster_object_param.dat	1	name	16	4		Barrel
data_monster/monster_object_param.dat	2	name	16	4		Barrel
data_monster/monster_object_param.dat	3	name	16	4		Barrel
data_monster/monster_object_param.dat	4	name	16	4		Barrel
data_monster/monster_object_param.dat	5	name	16	4		Barrel
data_monster/monster_object_param.dat	6	name	16	4		Barrel
data_monster/monster_object_param.dat	7	name	16	4		Barrel
data_monster/monster_object_param.dat	8	name	16	4		Barrel
data_monster/monster_object_param.dat	9	name	16	4		Barrel
data_monster/monster_object_param.dat	10	name	16	14		Wood Box
data_monster/monster_object_param.dat	11	name	16	14		Wood Box
data_monster/monster_object_param.dat	12	name	16	14		Wood Box
data_monster/monster_object_param.dat	13	name	16	14		Wood Box
data_monster/monster_object_param.dat	14	name	16	14		Wood Box
data_monster/monster_object_param.dat	15	name	16	14		Wood Box
data_monster/monster_object_param.dat	16	name	16	14		Wood Box
data_monster/monster_object_param.dat	17	name	16	14		Wood Box
data_monster/monster_object_param.dat	18	name	16	14		Wood Box
data_monster/monster_object_param.dat	19	name	16	14		Wood Box
data_monster/monster_object_param.dat	20	name	16	14		Wood Chest
data_monster/monster_object_param.dat	21	name	16	14		Wood Chest
data_monster/monster_object_param.dat	22	name	16	14		Wood Chest
data_monster/monster_object_param.dat	23	name	16	14		Wood Chest
data_monster/monster_object_param.dat	24	name	16	14		Wood Chest
data_monster/monster_object_param.dat	25	name	16	14		Wood Chest
data_monster/monster_object_param.dat	26	name	16	14		Wood Chest
data_monster/monster_object_param.dat	27	name	16	14		Wood Chest
data_monster/monster_object_param.dat	28	name	16	14		Wood Chest
data_monster/monster_object_param.dat	29	name	16	14		Wood Chest
data_monster/monster_object_param.dat	30	name	16	16		Gold Box
data_monster/monster_object_param.dat	31	name	16	16		Gold Box
data_monster/monster_object_param.dat	32	name	16	16		Gold Box
data_monster/monster_object_param.dat	33	name	16	16		Gold Box
data_monster/monster_object_param.dat	34	name	16	16		Gold Box
data_monster/monster_object_param.dat	35	name	16	16		Gold Box
data_monster/monster_object_param.dat	36	name	16	16		Gold Box
data_monster/monster_object_param.dat	37	name	16	16		Gold Box
data_monster/monster_object_param.dat	38	name	16	16		Gold Box
data_monster/monster_object_param.dat	39	name	16	16		Gold Box
data_monster/monster_object_param.dat	40	name	16	16		Gold Chest
data_monster/monster_object_param.dat	41	name	16	16		Gold Chest
data_monster/monster_object_param.dat	42	name	16	16		Gold Chest
data_monster/monster_object_param.dat	43	name	16	16		Gold Chest
data_monster/monster_object_param.dat	44	name	16	16		Gold Chest
data_monster/monster_object_param.dat	45	name	16	16		Gold Chest
data_monster/monster_object_param.dat	46	name	16	16		Gold Chest
data_monster/monster_object_param.dat	47	name	16	16		Gold Chest
data_monster/monster_object_param.dat	48	name	16	16		Gold Chest
data_monster/monster_object_param.dat	49	name	16	16		Gold Chest
data_monster/monster_object_param.dat	50	name	16	4		Barrel
data_monster/monster_object_param.dat	51	name	16	4		Barrel
data_monster/monster_object_param.dat	52	name	16	4		Barrel
data_monster/monster_object_param.dat	53	name	16	4		Barrel
data_monster/monster_object_param.dat	54	name	16	4		Barrel
data_monster/monster_object_param.dat	55	name	16	4		Barrel
data_monster/monster_object_param.dat	56	name	16	4		Barrel
data_monster/monster_object_param.dat	57	name	16	4		Barrel
data_monster/monster_object_param.dat	58	name	16	4		Barrel
data_monster/monster_object_param.dat	59	name	16	4		Barrel
data_monster/monster_object_param.dat	60	name	16	4		Barrel
data_monster/monster_object_param.dat	61	name	16	4		Barrel
data_monster/monster_object_param.dat	62	name	16	4		Barrel
data_monster/monster_object_param.dat	63	name	16	4		Barrel
data_monster/monster_object_param.dat	64	name	16	4		Barrel
data_monster/monster_object_param.dat	65	name	16	4		Barrel
data_monster/monster_object_param.dat	66	name	16	4		Barrel
data_monster/monster_object_param.dat	67	name	16	4		Barrel
data_monster/monster_object_param.dat	68	name	16	4		Barrel
data_monster/monster_object_param.dat	69	name	16	4		Barrel
data_monster/monster_object_param.dat	70	name	16	4		Barrel
data_monster/monster_object_param.dat	71	name	16	4		Barrel
data_monster/monster_object_param.dat	72	name	16	4		Barrel
data_monster/monster_object_param.dat	73	name	16	4		Barrel
data_monster/monster_object_param.dat	74	name	16	4		Barrel
data_monster/monster_object_param.dat	75	name	16	4		Barrel
data_monster/monster_object_param.dat	76	name	16	4		Barrel
data_monster/monster_object_param.dat	77	name	16	4		Barrel
data_monster/monster_object_param.dat	78	name	16	14		Wood Box
data_monster/monster_object_param.dat	79	name	16	14		Wood Box
data_monster/monster_object_param.dat	80	name	16	14		Wood Box
data_monster/monster_object_param.dat	81	name	16	14		Wood Box
data_monster/monster_object_param.dat	82	name	16	14		Wood Box
data_monster/monster_object_param.dat	83	name	16	14		Wood Box
data_monster/monster_object_param.dat	84	name	16	14		Wood Box
data_monster/monster_object_param.dat	85	name	16	14		Wood Box
data_monster/monster_object_param.dat	86	name	16	14		Wood Box
data_monster/monster_object_param.dat	87	name	16	14		Wood Box
data_monster/monster_object_param.dat	88	name	16	14		Wood Box
data_monster/monster_object_param.dat	89	name	16	14		Wood Box
data_monster/monster_object_param.dat	90	name	16	14		Wood Box
data_monster/monster_object_param.dat	91	name	16	14		Wood Box
data_monster/monster_object_param.dat	92	name	16	14		Wood Box
data_monster/monster_object_param.dat	93	name	16	14		Wood Box
data_monster/monster_object_param.dat	94	name	16	14		Wood Box
data_monster/monster_object_param.dat	95	name	16	14		Wood Box
data_monster/monster_object_param.dat	96	name	16	14		Wood Box
data_monster/monster_object_param.dat	97	name	16	14		Wood Box
data_monster/monster_object_param.dat	98	name	16	14		Wood Box
data_monster/monster_object_param.dat	99	name	16	14		Wood Box
data_monster/monster_object_param.dat	100	name	16	14		Wood Box
data_monster/monster_object_param.dat	101	name	16	14		Wood Box
data_monster/monster_object_param.dat	102	name	16	14		Wood Box
data_monster/monster_object_param.dat	103	name	16	14		Wood Box
data_monster/monster_object_param.dat	104	name	16	14		Wood Box
data_monster/monster_object_param.dat	105	name	16	14		Wood Box
data_monster/monster_object_param.dat	106	name	16	16		Gold Box
data_monster/monster_object_param.dat	107	name	16	16		Gold Box
data_monster/monster_object_param.dat	108	name	16	16		Gold Box
data_monster/monster_object_param.dat	109	name	16	16		Gold Box
data_monster/monster_object_param.dat	110	name	16	16		Gold Box
data_monster/monster_object_param.dat	111	name	16	16		Gold Box
data_monster/monster_object_param.dat	112	name	16	16		Gold Box
data_monster/monster_object_param.dat	113	name	16	16		Gold Box
data_monster/monster_object_param.dat	114	name	16	16		Gold Box
data_monster/monster_object_param.dat	115	name	16	16		Gold Box
data_monster/monster_object_param.dat	116	name	16	16		Gold Box
data_monster/monster_object_param.dat	117	name	16	16		Gold Box
data_monster/monster_object_param.dat	118	name	16	16		Gold Box
data_monster/monster_object_param.dat	119	name	16	16		Gold Box
data_monster/monster_object_param.dat	120	name	16	16		Gold Box
data_monster/monster_object_param.dat	121	name	16	16		Gold Box
data_monster/monster_object_param.dat	122	name	16	16		Gold Box
data_monster/monster_object_param.dat	123	name	16	16		Gold Box
data_monster/monster_object_param.dat	124	name	16	16		Gold Box
data_monster/monster_object_param.dat	125	name	16	16		Gold Box
data_monster/monster_object_param.dat	126	name	16	16		Gold Box
data_monster/monster_object_param.dat	127	name	16	16		Gold Box
data_monster/monster_object_param.dat	128	name	16	16		Gold Box
data_monster/monster_object_param.dat	129	name	16	16		Gold Box
data_monster/monster_object_param.dat	130	name	16	16		Gold Box
data_monster/monster_object_param.dat	131	name	16	16		Gold Box
data_monster/monster_object_param.dat	132	name	16	16		Gold Box
data_monster/monster_object_param.dat	133	name	16	16		Gold Box
data_monster/monster_object_param.dat	134	name	16	8		Bomb
data_monster/monster_object_param.dat	135	name	16	8		Bomb
data_monster/monster_object_param.dat	136	name	16	8		Bomb
data_monster/monster_object_param.dat	137	name	16	8		Bomb
data_monster/monster_object_param.dat	138	name	16	8		Bomb
data_monster/monster_object_param.dat	139	name	16	8		Bomb
data_monster/monster_object_param.dat	140	name	16	8		Bomb
data_monster/monster_object_param.dat	141	name	16	8		Bomb
data_monster/monster_object_param.dat	142	name	16	16		Treasure Box
data_monster/monster_text.dat	0	desc	123	92		A tiny onion swordsman.\nTreats his sword and shield\nwith care, brave but shaky.
data_monster/monster_text.dat	1	desc	123	88		An onion swordsman that\ncharges in without fear.\nNever sheds a tear, even when cut.
data_monster/monster_text.dat	2	desc	123	76		A big, imposing onion\nswordsman. His fighting\nspirit is extra-large too.
data_monster/monster_text.dat	3	desc	123	86		A blue onion swordsman.\nAs cool as he looks, and\nattacks with vast knowledge.
data_monster/monster_text.dat	4	desc	123	84		An elite among onions.\nCalm and collected, he\nstrikes right at weak points.
data_monster/monster_text.dat	5	desc	123	82		A leader among onions.\nOne word from him and a\ncrowd of onions falls in line.
data_monster/monster_text.dat	6	desc	123	80		A red, spicy tomato.\nGet him angry and he'll\nspew fiery seasoning.
data_monster/monster_text.dat	7	desc	123	82		A tomato swordsman raised\non clean water and rich soil.\nA deep, beautiful red.
data_monster/monster_text.dat	8	desc	123	90		A big tomato swordsman.\nHis blazing red look is\nfighting spirit made flesh.
data_monster/monster_text.dat	9	desc	123	94		A small metal onion\nswordsman. Fast moves and a\nhard face keep you off balance.
data_monster/monster_text.dat	10	desc	123	86		An onion made of costly\nmetal. Very hard -- takes\nreal effort to bring down.
data_monster/monster_text.dat	11	desc	123	96		A big onion made of very\nexpensive metal. Not easy\nto even put a scratch on.
data_monster/monster_text.dat	12	desc	123	80		An onion king with a fine\nmustache. Being small,\nthough, he lacks dignity.
data_monster/monster_text.dat	13	desc	123	78		An onion king with an\nadorable mustache. Said to\nhave about 30 retainers.
data_monster/monster_text.dat	14	desc	123	74		The king of onion kings.\nTruly worthy of the title\nemperor -- full of dignity.
data_monster/monster_text.dat	15	desc	123	72		A slightly round daikon\nswordsman. Small, but\npacks quite a punch.
data_monster/monster_text.dat	16	desc	123	68		A somewhat bigger daikon\nswordsman. Fights with\nice magic.
data_monster/monster_text.dat	17	desc	123	58		A very big daikon\nswordsman. Extremely\njuicy and fresh.
data_monster/monster_text.dat	18	desc	123	74		A small potato prince.\nSmall, but he attacks\nwith everything he's got.
data_monster/monster_text.dat	19	desc	123	88		A potato with the rank of\nbaron. Elegant, and very\nfussy about table manners.
data_monster/monster_text.dat	20	desc	123	76		The potato king. Scary\nwhen angered, but usually\njust mellow and fluffy.
data_monster/monster_text.dat	21	desc	123	86		An onion made of pure\ngold, shining bright.\nRarely ever encountered.
data_monster/monster_text.dat	22	desc	123	76		A gold-plated, dazzling\nonion. The plating is\nsaid to never peel off.
data_monster/monster_text.dat	23	desc	123	96		An expensive, very big\nonion. Selling just one\nnets a nice bonus.
data_monster/monster_text.dat	24	desc	123	88		A small cow carpenter.\nHis charm is a powerful\nattack with a big hammer.
data_monster/monster_text.dat	25	desc	123	88		A full-fledged cow\ncarpenter with a fine coat\nand horns. Loves his hammer.
data_monster/monster_text.dat	26	desc	123	82		A big cow carpenter. Other\ncows call him boss and\nhold him in high regard.
data_monster/monster_text.dat	27	desc	123	94		A small cow demolisher.\nSwings his hammer fast and\nbreaks just about anything.
data_monster/monster_text.dat	28	desc	123	88		A grey cow demolisher.\nHis hammer is aluminum,\nand he moves incredibly fast.
data_monster/monster_text.dat	29	desc	123	86		A fine cow demolisher with\nbig gold horns. Carries\nhis hammer with total ease.
data_monster/monster_text.dat	30	desc	123	96		A fierce cow monster with\na blazing red coat.\nAttacks wreathed in flame.
data_monster/monster_text.dat	31	desc	123	88		A cow monster that swings\nits hammer with fiery force.\nDangerous, and always grumpy.
data_monster/monster_text.dat	32	desc	123	62		A fierce cow rumored to\nwield a hammer blessed\nby the gods themselves.
data_monster/monster_text.dat	33	desc	123	94		A cow swinging a hammer\nmade of ice. Careless, and\nyou'll end up frozen solid.
data_monster/monster_text.dat	34	desc	123	88		A cow wielding a hammer of\nice, wrapped in cold air.\nBest kept away in summer.
data_monster/monster_text.dat	35	desc	123	90		A calm cow swinging a huge\nchunk of ice around. Not\neasily rattled by anything.
data_monster/monster_text.dat	36	desc	123	92		A small pig cook. Proudly\nwields a ladle that also\ndoubles as a weapon.
data_monster/monster_text.dat	37	desc	123	92		A famous pig cook. His\nspecialty soup pasta is\nfamous clear across the galaxy.
data_monster/monster_text.dat	38	desc	123	90		A pig head chef who attacks\nwith a huge ladle. Wants to\nstew absolutely everything.
data_monster/monster_text.dat	39	desc	123	76		A black, high-class pig.\nProud, and quick to look\ndown on other pigs.
data_monster/monster_text.dat	40	desc	123	86		A black pig monster that\nswings a cute red ladle.\nVery tidy by nature.
data_monster/monster_text.dat	41	desc	123	94		A huge black pig. Crushes\ningredients with a huge,\nred-hot ladle.
data_monster/monster_text.dat	42	desc	123	100		A pig with a magic ladle\ncarrying a faint current.\nHas a tingly, charged look.
data_monster/monster_text.dat	43	desc	123	94		A pig that attacks with\nlightning, charged enough\nto discharge from its body.
data_monster/monster_text.dat	44	desc	123	96		A pig hiding tremendous\nelectric power. Touch it\nand you'll get quite a shock.
data_monster/monster_text.dat	45	desc	123	82		A rare pig said to bring\nabout miracles. Its pink\ncheeks are very cute.
data_monster/monster_text.dat	46	desc	123	82		A blue pig of happiness\nwith a golden ladle. A\ntop-tier cook, no question.
data_monster/monster_text.dat	47	desc	123	96		The heavyweight of pig\ncooks. Any ingredient he\ntouches becomes a stunning dish.
data_monster/monster_text.dat	48	desc	123	84		A small cow mage. Fires\nits own energy off as\nmagic bolts.
data_monster/monster_text.dat	49	desc	123	100		A cow that mastered magic.\nWields many cow spells, and\nloves to read.
data_monster/monster_text.dat	50	desc	123	96		A cow known as a sage.\nStores cow energy in its\nhorns for when it's needed.
data_monster/monster_text.dat	51	desc	123	66		A cow mage afflicted by\nillness. Starved for a\nlittle affection.
data_monster/monster_text.dat	52	desc	123	78		A cow with poison in its\nbody. Casts poisoning\nspells -- a nasty piece of work.
data_monster/monster_text.dat	53	desc	123	100		A fierce cow sorcerer who\nwields disease as a weapon.\nCarries itself with real dignity.
data_monster/monster_text.dat	54	desc	123	80		A cute little healing\nmagician. Able to soothe\nthe feelings of cows.
data_monster/monster_text.dat	55	desc	123	76		A holy white cow that uses\nhealing magic. A cute\ndairy cow at heart.
data_monster/monster_text.dat	56	desc	123	92		A princess among white\ncows. Healing milk\noverflows from her staff.
data_monster/monster_text.dat	57	desc	123	94		A mischievous little cow\nfairy with a lightning\nstreak. Quick to pull a prank.
data_monster/monster_text.dat	58	desc	123	74		A cow fairy that calls\ndown lightning. Scorches\nanything it takes a dislike to.
data_monster/monster_text.dat	59	desc	123	84		The incarnation of\nelectricity, cloaked in\npowerful lightning bolts.
data_monster/monster_text.dat	60	desc	123	94		A magical creature with a\nsmall eye. Misfortune\nbefalls whatever it glares at.
data_monster/monster_text.dat	61	desc	123	98		A monster with a piercing\neye. Relentlessly repeats\npowerful magic bolt attacks.
data_monster/monster_text.dat	62	desc	123	88		A demon sorcerer with a\nhuge red eye. Its glare is\nenough to make you shudder.
data_monster/monster_text.dat	63	desc	123	106		A small ogre born from\nhatred. Its flames carry a\ngrudge -- they really hurt.
data_monster/monster_text.dat	64	desc	123	98		A creature born from the\ndark part of a heart. Its\neyes glow eerily in the dark.
data_monster/monster_text.dat	65	desc	123	94		A wicked underworld being\nborn from gathered grudges.\nTries to burn everything to ash.
data_monster/monster_text.dat	66	desc	123	80		A monster with a strange\neyeball. Its stare leaves\nyou unable to tell good from evil.
data_monster/monster_text.dat	67	desc	123	90		A dangerous monster born\nfrom underworld tears.\nWields powerful magic.
data_monster/monster_text.dat	68	desc	123	90		A very dangerous servant\nof darkness. Its glare in\nthe dark can stop your heart.
data_monster/monster_text.dat	69	desc	123	68		A monster with clear,\npretty eyes. Being stared\nat makes you very drowsy.
data_monster/monster_text.dat	70	desc	123	84		A monster dangerous to\ncouples -- its stare drains\naway loving feelings.
data_monster/monster_text.dat	71	desc	123	88		A slightly dangerous\nmonster that fixes its stare\non one target. Risky if it likes you.
data_monster/monster_text.dat	72	desc	123	86		A small bone monster.\nFormed from the gathered\ngrudges of a battlefield.
data_monster/monster_text.dat	73	desc	123	92		A monster born from the\nbones of a fallen swordsman.\nSkilled at quick attacks.
data_monster/monster_text.dat	74	desc	123	90		A dreadful ghost moved by\na warrior's unfulfilled\ngrudge. First-rate with a blade.
data_monster/monster_text.dat	75	desc	123	90		A ghost skilled with a\nsword, formed from warriors'\ngrudges. Thinks only of cutting.
data_monster/monster_text.dat	76	desc	123	88		A very dangerous monster\nborn from the grudge of a\nsamurai defeated in battle.
data_monster/monster_text.dat	77	desc	123	90		A dreadful monster born\nfrom the gathered screams\nof hundreds of fallen warriors.
data_monster/monster_text.dat	78	desc	123	84		A dangerous zombie holding\na commander's soul. Toys\nwith foes using quick swordplay.
data_monster/monster_text.dat	79	desc	123	84		A quick zombie possessed\nby a famous samurai. Long\npast purpose, it just cuts.
data_monster/monster_text.dat	80	desc	123	108		A huge, powerful zombie\npossessed by a historic\nshogun. Its blade glows eerily.
data_monster/monster_text.dat	81	desc	123	96		A small, self-aware zombie\nseeking to master the way\nof the sword. Well-practiced.
data_monster/monster_text.dat	82	desc	123	84		A zombie on a warrior's\npilgrimage, wandering the\nunderworld for strong swordsmen.
data_monster/monster_text.dat	83	desc	123	102		A miraculous zombie who\nmastered the blade -- a\ntruly heroic figure among zombies.
data_monster/monster_text.dat	84	desc	123	96		A master of chick\nswordsmanship. Teaches\nmonsters the blade for a steep fee.
data_monster/monster_text.dat	85	desc	123	86		A chick samurai honing\nits skills. Its yellow\ncomb is rather cute.
data_monster/monster_text.dat	86	desc	123	94		The shogun of the chick\nworld. Its swordplay can\ncleave clean through a mountain.
data_monster/monster_text.dat	87	desc	123	78		A small red bird native to\nthe tropics. Doesn't do\nwell in the cold.
data_monster/monster_text.dat	88	desc	123	102		A red bird with round,\ncute eyes. Burns with\nambition -- literally warms the air.
data_monster/monster_text.dat	89	desc	123	100		A red bird with a hard\nbeak and great fashion\nsense. Famous among birds.
data_monster/monster_text.dat	90	desc	123	82		A small, tightly packed\nbundle of digital data.\nAttacks with quick strikes.
data_monster/monster_text.dat	91	desc	123	88		Lost data that turned\ninto a monster. Attacks\nindiscriminately.
data_monster/monster_text.dat	92	desc	123	90		A monster of illegally\nmodified digital data.\nIts attacks are downright nasty.
data_monster/monster_text.dat	93	desc	123	68		A space being with an\nextremely tiny body.\nLoves to destroy things.
data_monster/monster_text.dat	94	desc	123	86		A small space being with\ngrey skin. Attacks any\nliving thing it sees.
data_monster/monster_text.dat	95	desc	123	92		A very big space being\nwith grey skin. Destroys\nanything in a single hit.
data_monster/monster_text.dat	96	desc	123	86		A small dinosaur child.\nChews through anything\nwith sharp, saw-like teeth.
data_monster/monster_text.dat	97	desc	123	102		An ancient king of the\nland with powerful jaws\nand claws. Not too bright, honestly.
data_monster/monster_text.dat	98	desc	123	82		A dinosaur that grew huge.\nTries to eat everything,\nand often chokes on it.
data_monster/monster_text.dat	99	desc	123	80		A dinosaur born from\nmagma. Its skin runs\nhotter than 600 degrees.
data_monster/monster_text.dat	100	desc	123	84		A dinosaur that spews\nmagma. Just getting close\nscorches everything nearby.
data_monster/monster_text.dat	101	desc	123	86		A huge dinosaur resembling\na blazing meteor. Its bite\nturns things to ash.
data_monster/monster_text.dat	102	desc	123	80		A zombie of a baby\ndinosaur. Just starting\nto rot -- only a little smelly.
data_monster/monster_text.dat	103	desc	123	82		A dinosaur zombie with\nbones peeking through.\nPoisonous, and very smelly.
data_monster/monster_text.dat	104	desc	123	86		A huge dinosaur zombie\ngiving off a foul stench.\nNoses wrinkle just being near it.
data_monster/monster_text.dat	105	desc	123	88		A small dinosaur corpse\nmoving as a bioweapon.\nReacts to the smell of blood.
data_monster/monster_text.dat	106	desc	123	96		A moving dinosaur corpse\nspreading all kinds of\npoison. Its drool dissolves anything.
data_monster/monster_text.dat	107	desc	123	94		A dinosaur corpse made\nmostly of poison. Getting\nbitten really, really hurts.
data_monster/monster_text.dat	108	desc	123	76		A small underworld bird.\nPecks from above with\nsharp talons.
data_monster/monster_text.dat	109	desc	123	106		An underworld bird with\nbeautiful feathers. Can\ncarry off a beast the size of a sheep.
data_monster/monster_text.dat	110	desc	123	82		A big underworld bird.\nCan whip up gusts strong\nenough to blow away a car.
data_monster/monster_text.dat	111	desc	123	100		A bird that clatters as it\nflies, hard as iron, with\nfeathers as sharp as knives.
data_monster/monster_text.dat	112	desc	123	96		A black bird with\nsword-like feathers that\ncut through anything, and never chip.
data_monster/monster_text.dat	113	desc	123	80		A black bird with huge,\naxe-like feathers -- a\nsingle feather weighs 10 kilos.
data_monster/monster_text.dat	114	desc	123	76		A beautiful bird giving\noff a magical glow. Often\nmistaken for a fairy.
data_monster/monster_text.dat	115	desc	123	94		A bird with vivid,\ncolorful feathers, skilled\nin magic. Looks like art in flight.
data_monster/monster_text.dat	116	desc	123	82		A magic bird that dances\nthrough the sky. Its\nelegant flapping is a true marvel.
data_monster/monster_text.dat	117	desc	123	92		A phoenix chick. Sparks\nsmall flames and enjoys a\ngood campfire -- quite a rare bird.
data_monster/monster_text.dat	118	desc	123	96		A fire incarnate that\nlights the darkness through\ncountless reincarnations.
data_monster/monster_text.dat	119	desc	123	98		A bird burning as hot as\nthe sun, turning all to\nash. No ordinary fire could roast it.
data_monster/monster_text.dat	120	desc	123	66		A small stone holding a\nstone. Very hard, but\nweak against hammers.
data_monster/monster_text.dat	121	desc	123	80		A big stone holding a\nstone. Hard and heavy,\nand hates hammers.
data_monster/monster_text.dat	122	desc	123	96		A big boulder holding a\nstone. Crushes adventurers\nunder sheer weight alone.
data_monster/monster_text.dat	123	desc	123	88		A mountain with a fine\npresence, like Mt. Aso.\nSaid to yield special sand.
data_monster/monster_text.dat	124	desc	123	84		A mountain with a grand\nlook, like Mt. Fuji.\nCarries a little snow on top.
data_monster/monster_text.dat	125	desc	123	98		The world's tallest\nmountain, with the highest\npeak. Its hard shell is very sturdy.
data_monster/monster_text.dat	126	desc	123	86		A cute snowy mountain --\na sand dune topped with\nsnow. Aims to be the world's tallest.
data_monster/monster_text.dat	127	desc	123	104		A brutally cold, snow-\ncovered mountain that\nnever melts. Faster than it looks.
data_monster/monster_text.dat	128	desc	123	96		A huge white snow\nmountain. Its mysterious\npresence houses a snow spirit.
data_monster/monster_text.dat	129	desc	123	66		A very small thing dropped\nby a monster. Good at\nquick movement.
data_monster/monster_text.dat	130	desc	123	76		A very fragrant thing\ndropped by a monster.\nCalled a prince in its world.
data_monster/monster_text.dat	131	desc	123	76		A very big thing dropped\nby a monster. Apparently a\nprincess in its world.
data_monster/monster_text.dat	132	desc	123	100		A small demon incarnate\nwith a purely evil heart.\nAttacks with a quick spear.
data_monster/monster_text.dat	133	desc	123	88		A famous demon incarnate.\nIts sharp fork can skewer\na strawberry with total ease.
data_monster/monster_text.dat	134	desc	123	94		A big demon king. Its\npowerful blow drives\npeople straight into terror.
data_monster/monster_text.dat	135	desc	123	100		A jet-black, wicked demon.\nA stab from its gold fork\nwounds the heart as well as the body.
data_monster/monster_text.dat	136	desc	123	104		An evil priest of the dark\nworld. Worships a false god\nand leads others astray.
data_monster/monster_text.dat	137	desc	123	98		Ruler of the dark world.\nIts strange eyes are said\nto suck out a person's soul.
data_monster/monster_text.dat	138	desc	123	88		Once an angel, fallen to\nhell for its misdeeds.\nA mischievous imp now.
data_monster/monster_text.dat	139	desc	123	102		Once a powerful angel, it\nused that power to reincarnate\nitself as a dreadful demon.
data_monster/monster_text.dat	140	desc	123	102		A mysterious being with\nthe power of both angel and\ndemon. At home in light or dark.
data_monster/monster_text.dat	141	desc	123	104		A high-ranking demon boy\nwith very wicked cunning.\nA huge nuisance -- too much mischief.
data_monster/monster_text.dat	142	desc	123	92		A high-ranking demon\ncommander wise enough to\nrule hell. Loves souls above all.
data_monster/monster_text.dat	143	desc	123	94		A fierce, high-ranking\ndemon with both wisdom and\npower. Cunning, and very bold.
data_monster/monster_text.dat	144	desc	123	74		A dragon child with the\npower of fire. Has\nremarkably tough claws.
data_monster/monster_text.dat	145	desc	123	92		A huge fire dragon with\nscorching skin. Its wings\nare sharp enough to cut through flame.
data_monster/monster_text.dat	146	desc	123	76		A very big, very smart\nlegendary dragon. Wicked,\nand extremely dangerous.
data_monster/monster_text.dat	147	desc	123	92		An alien fairy-kin born\nin the void of space. Tries\nto parasitize other creatures.
data_monster/monster_text.dat	148	desc	123	82		A dreadful being born in\nthe void of space. Scratches\nat any living thing it sees.
data_monster/monster_text.dat	149	desc	123	72		A huge alien mother.\nLays 300 eggs at\nonce.
data_monster/monster_text.dat	150	desc	123	96		A dragon wrapped in\nlightning. Its charge is\nfaint, but enough to numb a person.
data_monster/monster_text.dat	151	desc	123	78		An electric dragon that\ngenerates a powerful\nmagnetic field. Has a generator horn.
data_monster/monster_text.dat	152	desc	123	106		A dragon that generates\nlightning. Its powerful\ncharge turns everything to cinders.
data_monster/monster_text.dat	153	desc	123	104		A dragon once said to take\na liking to people. Adorable,\nbut tears at hearts with strange magic.
data_monster/monster_text.dat	154	desc	123	94		A cute pink dragon that\nattacks the heart. A real\nthreat to lovey-dovey couples.
data_monster/monster_text.dat	155	desc	123	90		A dragon that captivates\nanything it meets, inviting\ninfatuation. Attacks with heavy love.
data_monster/monster_text.dat	156	desc	123	86		A fierce planet dragon\nroaming the galaxy. Leaves\na crater behind when it takes off.
data_monster/monster_text.dat	157	desc	123	88		A scorching planet dragon\nwith power and force easily\nmistaken for a meteor.
data_monster/monster_text.dat	158	desc	123	72		A planet dragon that eats\ngalactic energy, gaining\ntremendous power from it.
data_monster/monster_text.dat	159	desc	123	98		A sorcerous being made\nfrom pure demon-clan blood.\nHunts by searching out souls.
data_monster/monster_text.dat	160	desc	123	92		A sorcerous being made\nfrom spilled demon-clan\nblood. Lets out a truly dreadful cry.
data_monster/monster_text.dat	161	desc	123	100		A being made from a vast\namount of spilled demon\nblood. Mindless, forever craving more.
data_monster/monster_text.dat	162	desc	123	90		A holy white dragon with\na fierce cry. Soars the\nsky, shining brilliantly.
data_monster/monster_text.dat	163	desc	123	94		A white dragon wrapped in\nholy armor, with great\nwisdom. Strong, and very powerful.
data_monster/monster_text.dat	164	desc	123	90		A legendary white dragon.\nAnyone who sees its majestic\nform can't hold back tears.
data_monster/monster_text.dat	165	desc	123	92		An unholy demon dragon\nborn from eternal darkness,\nbrimming with wicked power.
data_monster/monster_text.dat	166	desc	123	94		A huge demon dragon born\nfrom jet-black darkness.\nAbsorbs every bit of light.
data_monster/monster_text.dat	167	desc	123	92		The strongest demon dragon,\nborn from perfect darkness.\nDestroys everything back into nothing.
data_monster/monster_text.dat	168	desc	123	84		A small, very warm, fluffy\nmonster. Feels wonderful\nto the touch.
data_monster/monster_text.dat	169	desc	123	88		A round monster with warm,\ngentle fur. Tackles you\nwith surprisingly quick moves.
data_monster/monster_text.dat	170	desc	123	82		An evolved new species of\nSnug. Uses its\nbig ears to scout enemy positions.
data_monster/monster_text.dat	171	desc	123	84		A very light monster that\nfloats softly through the\nair. Great at drifting gently.
data_monster/monster_text.dat	172	desc	123	96		An adorable monster,\nfluffy to the tips of its\nears. Jumps in to tackle.
data_monster/monster_text.dat	173	desc	123	94		A monster with the\nfluffiest coat in the world.\nMost attacks have trouble landing.
data_monster/monster_text.dat	174	desc	123	98		A strange monster born\nfrom a lovesick lady's\njealousy. Always envious of others.
data_monster/monster_text.dat	175	desc	123	96		A monster of terror born\nfrom negative feelings.\nIts red eyes look sleep-deprived.
data_monster/monster_text.dat	176	desc	123	98		A scary monster born from\nwicked hearts. Fires off\nbursts of wicked energy.
data_monster/monster_text.dat	177	desc	123	98		A strange monster with fur\nthat never gets dirty.\nSaid to be a fairy tale's model.
data_monster/monster_text.dat	178	desc	123	106		A strange, expressionless\nmonster. Hard to say what\nit's thinking -- fast when serious.
data_monster/monster_text.dat	179	desc	123	88		A strange monster with\nbeautiful silver fur that\nshines just like a jewel.
data_monster/monster_text.dat	180	desc	123	98		A future security robot\nmass-produced in a factory.\nFaithfully follows every order.
data_monster/monster_text.dat	181	desc	123	80		A slightly bigger security\nrobot -- something like a\nsection manager at a company.
data_monster/monster_text.dat	182	desc	123	92		A big, strong security\nrobot said to hold great\npower in the robot world.
data_monster/monster_text.dat	183	desc	123	92		A high-performance\nsecurity robot that repels\nintruders. Code ID: Robo-One-Turbo.
data_monster/monster_text.dat	184	desc	123	98		A battle-type security\nrobot skilled at one-on-one\nfights. Code ID: Robo-Two-Duel.
data_monster/monster_text.dat	185	desc	123	94		A ruthless security robot\nthat wipes out intruders.\nCode ID: Robo-Three-Tomorrow.
data_monster/monster_text.dat	186	desc	123	96		Gathers ingredients\nanywhere and cooks right\non the spot. A rather cute cook-mech.
data_monster/monster_text.dat	187	desc	123	102		A dangerous cooking mech\nequipped with knives and\nburners. Its cooking is second-rate.
data_monster/monster_text.dat	188	desc	123	98		A high-class cooking mech\nwith a five-star chef title.\nA true chef's soul lives inside it.
data_monster/monster_text.dat	189	desc	123	82		A prototype safety mech,\nso high-performance it\nnever went into mass production.
data_monster/monster_text.dat	190	desc	123	86		A security robot built to\nprotect people's safety.\nRepels any intruder.
data_monster/monster_text.dat	191	desc	123	88		An extremely dangerous\nweapon of war. A single\nunit can conquer an entire country.
data_monster/monster_text.dat	192	desc	123	88		A magic energy weapon\nmoved by magic power.\nOriginally built just to carry tea.
data_monster/monster_text.dat	193	desc	123	94		An energy weapon built\naround powerful magic.\nStores magic power inside itself.
data_monster/monster_text.dat	194	desc	123	104		The ultimate energy weapon,\nmade by a master of sorcery.\nRuns on fourth-dimensional gears.
data_monster/monster_text.dat	195	desc	123	84		A high-temperature energy\nweapon fueled by fire.\nExtremely heat-resistant.
data_monster/monster_text.dat	196	desc	123	70		A scorching-hot energy\nweapon that runs on\nhellfire as its fuel.
data_monster/monster_text.dat	197	desc	123	84		The ultimate demonic\nenergy weapon, fueled by\nhell's own sun.
data_monster/monster_text.dat	198	desc	123	96		A smart conversion program\nrunning on simple code,\nrampaging through the net field.
data_monster/monster_text.dat	199	desc	123	94		A heavy conversion program\nrunning on complex code.\nMalfunctioning, running amok.
data_monster/monster_text.dat	200	desc	123	80		A cutting-edge virus code\nbuilt with one purpose:\nto end everything.
data_monster/monster_text.dat	201	desc	123	94		A robot built to read\nbooks aloud to people.\nGained knowledge, and now rampages.
data_monster/monster_text.dat	202	desc	123	96		A library security robot\nbuilt to protect books.\nRuns on an extremely quiet motor.
data_monster/monster_text.dat	203	desc	123	100		A shredder robot built to\ndispose of unneeded books.\nQuick to go on a rampage.
data_monster/monster_text.dat	204	desc	123	70		A mushroom monster with a\nfragrant smell. Extremely\nviolent by nature.
data_monster/monster_text.dat	205	desc	123	100		A magic mushroom that\nfinds joy in fighting. Its\ncap holds dangerous spores.
data_monster/monster_text.dat	206	desc	123	92		The martial arts champion\nof mushrooms. Its punches\nand tackles are surprisingly jiggly.
data_monster/monster_text.dat	207	desc	123	82		A magic mushroom that\nmultiplies naturally.\nTouching it may multiply you too.
data_monster/monster_text.dat	208	desc	123	90		A cute, colorful mushroom\nwith adorable spots. Loves\nswinging its arms around.
data_monster/monster_text.dat	209	desc	123	100		The biggest colorful\nmushroom, with a charmingly\nhuge cap. Charges at anyone it sees.
data_monster/monster_text.dat	210	desc	123	92		A pure white, beautiful\nmushroom found by pure\nmiracle. Splatters foul juice if touched.
data_monster/monster_text.dat	211	desc	123	82		A mushroom with a very\nstrange color. Watching it\ngives you a strange feeling.
data_monster/monster_text.dat	212	desc	123	96		A mystery mushroom wrapped\nin enigma. No one knows\nwhere it's from or what it does.
data_monster/monster_text.dat	213	desc	123	76		A top-quality mushroom\nwith a well-balanced shape,\npacked solid with flesh.
data_monster/monster_text.dat	214	desc	123	86		A jet-black magic mushroom\nsaid to grow in true\ndarkness. Releases sleep-dust spores.
data_monster/monster_text.dat	215	desc	123	86		A tremendously huge black\nmushroom monster. Anything\nthat gets close falls asleep.
data_monster/monster_text.dat	216	desc	123	98		Named for a hero of legend,\nlike the giant beetle -- and\nits shell is just as hard.
data_monster/monster_text.dat	217	desc	123	84		A strange insect with an\neerie face on its belly.\nAttacks with a big horn.
data_monster/monster_text.dat	218	desc	123	88		A huge insect with a horn\nthat never breaks. Can\npierce even steel in a single thrust.
data_monster/monster_text.dat	219	desc	123	70		A mysterious, huge purple\ninsect with a wickedly\nsharp horn.
data_monster/monster_text.dat	220	desc	123	100		A dangerous insect with\ndeadly poison. A sting\nswells up, and eventually rots.
data_monster/monster_text.dat	221	desc	123	100		A terrifying insect with\npoison so strong even a\nwhale dies from the lightest touch.
data_monster/monster_text.dat	222	desc	123	62		An extremely troublesome\nprogram bug. Very hard\nto track down.
data_monster/monster_text.dat	223	desc	123	74		A fierce program bug,\nrampaging and destroying\nany data nearby.
data_monster/monster_text.dat	224	desc	123	78		The worst kind of program\nbug -- destroys hardware\ninstantly, like a lightning strike.
data_monster/monster_text.dat	225	desc	123	92		A cute, brightly colored\ninsect that lifts your\nmood -- but lulls nearby foes to sleep.
data_monster/monster_text.dat	226	desc	123	102		A pop, brightly colored\ninsect with a pleasant\nsmell. Sends out sleep-inducing energy.
data_monster/monster_text.dat	227	desc	123	82		A huge insect closer to a\njewel than a bug -- a truly\nextravagant look.
data_monster/monster_text.dat	228	desc	123	90		A shark that swims through\nthe air, wielding powerful\njaws that can crush iron.
data_monster/monster_text.dat	229	desc	123	98		A shark with jaws that\nchew through iron like\nbutter. Known for its red cheeks.
data_monster/monster_text.dat	230	desc	123	62		A truly dreadful shark\nthat chews up anything\nit lays eyes on.
data_monster/monster_text.dat	231	desc	123	78		A free-spirited,\nmischievous shark that\nswims the universe, biting anything.
data_monster/monster_text.dat	232	desc	123	90		A huge space shark that\nswims faster than a meteor.\nSometimes mistaken for a comet.
data_monster/monster_text.dat	233	desc	123	78		A tremendously huge space\nshark. Chews right through\neven spaceships.
data_monster/monster_text.dat	234	desc	123	78		An electrically charged\nbonito. Discharges 40,000\nvolts to catch its prey.
data_monster/monster_text.dat	235	desc	123	96		A tuna that generates\nelectricity. Its elegant\nswim is called a golden mystery.
data_monster/monster_text.dat	236	desc	123	84		A big whale that swallows\nelectricity. Its bold swim\nshocks anything it brushes against.
data_monster/monster_text.dat	237	desc	123	84		A dangerous, poisonous\nkillifish. Its skin\nprotects it from its own venom.
data_monster/monster_text.dat	238	desc	123	104		A big fish that makes its\nhome in the sky. The balls\nit spits explode on contact with air.
data_monster/monster_text.dat	239	desc	123	90		King of the sky-dwelling\nfish. Spits flammable balls\nto finish off prey in one go.
data_monster/monster_text.dat	240	desc	123	90		An ancient fish with\nsharp, thorn-like fangs.\nOnce it bites, it won't let go.
data_monster/monster_text.dat	241	desc	123	94		A huge ancient fish with\nterror swirling in its\nmouth. A single bite crushes rock.
data_monster/monster_text.dat	242	desc	123	92		A dreadful underworld\nfish, its mouth connected\nto hell itself. Swallows light whole.
data_monster/monster_text.dat	243	desc	123	96		A small fish that likes\nsandy ground. Feeds on\ntiny prey along with the grit.
data_monster/monster_text.dat	244	desc	123	84		A mysterious salmon that\nswallows sand and forges\nbombs inside its own body.
data_monster/monster_text.dat	245	desc	123	74		A huge fish that makes\nthe desert its home. Tells\nfoes apart by sound alone.
data_monster/monster_text.dat	246	desc	123	102		A fish that stores up\nnutrients from its parents\nand can live on them alone.
data_monster/monster_text.dat	247	desc	123	108		A bloodthirsty, carnivorous\nfish. Senses blood and\nchases down prey relentlessly.
data_monster/monster_text.dat	248	desc	123	96		A fish that swallows huge\nprey whole, all on its\nown. Never touches vegetables.
data_monster/monster_text.dat	249	desc	123	88		A small fish covered in a\nhard bone shell. Extremely\nrich in calcium.
data_monster/monster_text.dat	250	desc	123	78		A big bone fish that\nswallows people whole. Its\nteeth are incredibly sturdy.
data_monster/monster_text.dat	251	desc	123	94		A huge bone fish with\nsturdy, sharp bones. Very\nhard to actually wound.
data_monster/monster_text.dat	252	desc	123	74		A small fire spirit. Often\nstarts small fires and\ncauses people no end of trouble.
data_monster/monster_text.dat	253	desc	123	90		A flying fire spirit. Its\nwide eyes are always\nsizing up what to burn next.
data_monster/monster_text.dat	254	desc	123	86		A big fire spirit. Releases\nflame hot enough to trigger\na volcanic eruption.
data_monster/monster_text.dat	255	desc	123	92		A small ice spirit. Attacks\nby flinging tiny\nshards of ice.
data_monster/monster_text.dat	256	desc	123	92		A flying ice spirit that\nfreezes anything solid in\na single breath. Cold, inside and out.
data_monster/monster_text.dat	257	desc	123	88		A big ice spirit, holding\nenough cold energy in one\nbreath to form an iceberg.
data_monster/monster_text.dat	258	desc	123	84		A small electric spirit\nformed from gathered static\nelectricity. A bit of a nuisance.
data_monster/monster_text.dat	259	desc	123	86		A flying electric spirit\nthat loves mischief and\nshort-circuits electronics.
data_monster/monster_text.dat	260	desc	123	98		A big electric spirit.\nDischarging its stored\npower hits 100x harder than lightning.
data_monster/monster_text.dat	261	desc	123	78		A rare, mysterious spirit\nmade of components that\ndon't exist anywhere in nature.
data_monster/monster_text.dat	262	desc	123	80		An extremely dodgy spirit.\nOne look and its sheer\npresence completely overwhelms you.
data_monster/monster_text.dat	263	desc	123	90		A legendary, amazing\nspirit rarely ever seen.\nEven its headbutt is legendary.
data_monster/monster_boss_text.dat	0	desc	123	76		A raging serpent dragon\nwith three heads, born\nfrom blazing flame.
data_monster/monster_boss_text.dat	1	desc	123	90		A demonic ice beast with\nthe power of absolute\nzero. Freezes the sea in an instant.
data_monster/monster_boss_text.dat	2	desc	123	74		Guardian dragon of the\nruins. Holds the power of\nthe earth and tremendous strength.
data_monster/monster_boss_text.dat	3	desc	123	94		A legendary dragon with a\nbeautiful golden body.\nSteals the heart of all who see it.
data_monster/monster_boss_text.dat	4	desc	123	94		A blue-armored magnet\nknight -- a stone with an\nS-pole field, stirred by mystery power.
data_monster/monster_boss_text.dat	5	desc	123	78		A green flower knight,\nborn from a wizard's\ncreation deep in a green forest.
data_monster/monster_boss_text.dat	6	desc	123	90		A white knight of light,\nmade from dazzling light\nusing holy armor as a catalyst.
data_monster/monster_boss_text.dat	7	desc	123	84		A golden, shining knight\nbearing a beautiful spear\ndecorated all in gold.
data_monster/monster_boss_text.dat	8	desc	123	94		A red-armored magnet\nknight -- a stone with an\nN-pole field, stirred by mystery power.
data_monster/monster_boss_text.dat	9	desc	123	78		A pink flower knight,\nborn from a wizard's\ncreation in a shining flower field.
data_monster/monster_boss_text.dat	10	desc	123	84		A black knight of\ndarkness, made from\nswirling shadow using unholy armor.
data_monster/monster_boss_text.dat	11	desc	123	84		A silver, shining knight\nbearing a magnificent\nspear crafted from silver.
data_monster/monster_boss_text.dat	12	desc	123	78		A blue destroyer with a\nhuge drill-like horn, said\nto be the very incarnation of thunder.
data_monster/monster_boss_text.dat	13	desc	123	104		A huge space monster born\nalongside the universe\nitself, destroying every galaxy it finds.
data_monster/monster_boss_text.dat	14	desc	123	88		The ultimate ancient\nweapon, built by an ancient\ninventor who poured everything into it.
data_monster/monster_boss_text.dat	15	desc	123	100		An energy being born\nalongside a supernova's\nexplosion, cloaked in noble light.
data_monster/monster_boss_text.dat	16	desc	123	80		A fully armed blue,\nhigh-speed warship, built\nfrom the finest gathered technology.
data_monster/monster_boss_text.dat	17	desc	123	100		A huge purple warship,\ndeveloped with heavy focus\non pure destructive firepower.
data_monster/monster_boss_text.dat	18	desc	123	90		The strongest large\nwarship, finally built at\nthe cost of countless souls.
data_monster/monster_boss_text.dat	19	desc	123	92		A golden treasure ship,\ncreated on a whim by the\ngods of the land of Wa.
data_monster/monster_boss_text.dat	20	desc	123	98		A bone zombie moved by a\nlingering grudge, given\nform by the prayers of wicked people.
data_monster/monster_boss_text.dat	21	desc	123	86		A demon of virulent\npoison, king of flies\nruling hell, spreading plague as it goes.
data_monster/monster_boss_text.dat	22	desc	123	92		A blue ice devil clad in\ntremendous cold, luring\nvictims to the underworld through ice.
data_monster/monster_boss_text.dat	23	desc	123	78		An unknown being ruling\nthe Dark Nest, holding\nhuge and dreadful power.
data_monster/monster_boss_text.dat	24	desc	123	104		A huge, bright red scorpion\nwith a scorching tail --\nits heat alone can announce death.
data_monster/monster_boss_text.dat	25	desc	123	78		A giant of destruction,\nborn from sorcerers to\nprotect an ancient tome.
data_monster/monster_boss_text.dat	26	desc	123	84		A scorpion-shaped sorcery\nweapon with a golden shine,\nsleeping in a secret library.
data_monster/monster_boss_text.dat	27	desc	123	104		A vicious electronic\nwatcher lurking in the Net\nField, stealing every bit of information.
data_monster/monster_boss_text.dat	28	desc	123	94		A two-headed hellhound\nthat stops an intruder's\nbreath with a blast of fire.
data_monster/monster_boss_text.dat	29	desc	123	92		A jet-black beast of\ndarkness, created to hunt\ndown an escapee from the Rusty Prison.
data_monster/monster_boss_text.dat	30	desc	123	86		A hellhound made from\ncookie dough, using the\nmagic of amethyst and emerald.
data_monster/monster_boss_text.dat	31	desc	123	66		An incarnation of death\nwith a wicked soul, seeking\nto destroy absolutely everything.
data_monster/monster_boss_text.dat	32	desc	123	68		A mysterious sorcerer\nwearing a mask, wielding\npowerful magic.
data_monster/monster_boss_text.dat	33	desc	123	60		The form of a demon king\nwho seized power and\ntranscended life itself.
data_item/equip_effect.dat	0	desc	38	39		Item Get +#insnumber#％!
data_item/equip_effect.dat	1	desc	38	39		Gold Get +#insnumber#％!
data_item/equip_effect.dat	2	desc	38	39		Growth Speed +#insnumber#％!
data_item/equip_effect.dat	3	desc	38	39		Reflect #insnumber#％ of damage!
data_item/equip_effect.dat	4	desc	38	39		Fire damage +#insnumber#!
data_item/equip_effect.dat	5	desc	38	39		Ice damage +#insnumber#!
data_item/equip_effect.dat	6	desc	38	39		Thunder damage +#insnumber#!
data_item/equip_effect.dat	7	desc	38	37		Love damage +#insnumber#!
data_item/equip_effect.dat	8	desc	38	39		Recover #insnumber# HP on a kill!
data_item/equip_effect.dat	9	desc	38	39		Recover #insnumber# MP on a kill!
data_item/equip_effect.dat	10	desc	38	39		Attack +#insnumber#％!
data_item/equip_effect.dat	11	desc	38	35		Defense +#insnumber#％!
data_item/equip_effect.dat	12	desc	38	39		Critical rate +#insnumber#％!
data_item/equip_effect.dat	13	desc	38	33		Power +#insnumber#!
data_item/equip_effect.dat	14	desc	38	33		Speed +#insnumber#!
data_item/equip_effect.dat	15	desc	38	33		Magic +#insnumber#!
data_item/equip_effect.dat	16	desc	38	39		Max HP +#insnumber#!
data_item/equip_effect.dat	17	desc	38	39		Max MP +#insnumber#!
data_item/equip_effect.dat	18	desc	38	39		Move speed +#insnumber#!
data_item/equip_effect.dat	19	desc	38	37		Fire damage -#insnumber#％!
data_item/equip_effect.dat	20	desc	38	37		Ice damage -#insnumber#％!
data_item/equip_effect.dat	21	desc	38	39		Thunder damage -#insnumber#％!
data_item/equip_effect.dat	22	desc	38	39		Sometimes negates #insnumber# damage!
data_item/equip_effect.dat	23	desc	38	39		Recharge speed +#insnumber#％!
data_item/equip_effect.dat	24	desc	38	35		Dizzy attack: #insnumber#!
data_item/equip_effect.dat	25	desc	38	33		Poison attack: #insnumber#!
data_item/equip_effect.dat	26	desc	38	33		Paralysis attack: #insnumber#!
data_item/equip_effect.dat	27	desc	38	35		Sleep attack: #insnumber#!
data_item/equip_effect.dat	28	desc	38	37		Dizzy resist +#insnumber#!
data_item/equip_effect.dat	29	desc	38	35		Poison resist +#insnumber#!
data_item/equip_effect.dat	30	desc	38	35		Paralysis resist +#insnumber#!
data_item/equip_effect.dat	31	desc	38	37		Sleep resist +#insnumber#!
data_item/equipment_default.dat	0	maker0	13	12		Bockdarn
data_item/equipment_default.dat	1	maker0	13	12		Bockdarn
data_item/equipment_default.dat	2	maker0	13	12		Bockdarn
data_item/equipment_default.dat	3	maker0	13	12		Bockdarn
data_item/equipment_default.dat	0	maker1	13	12		Bockdarn
data_item/equipment_default.dat	1	maker1	13	12		Bockdarn
data_item/equipment_default.dat	2	maker1	13	12		Bockdarn
data_item/equipment_default.dat	3	maker1	13	12		Bockdarn
data_item/equipment_default.dat	0	maker2	13	12		Bockdarn
data_item/equipment_default.dat	1	maker2	13	12		Bockdarn
data_item/equipment_default.dat	2	maker2	13	12		Bockdarn
data_item/equipment_default.dat	3	maker2	13	12		Bockdarn
data_item/equipment_default.dat	0	maker3	13	12		Bockdarn
data_item/equipment_default.dat	1	maker3	13	12		Bockdarn
data_item/equipment_default.dat	2	maker3	13	12		Bockdarn
data_item/equipment_default.dat	3	maker3	13	12		Bockdarn
data_item/equipment_default.dat	0	maker4	13	12		Bockdarn
data_item/equipment_default.dat	1	maker4	13	12		Bockdarn
data_item/equipment_default.dat	2	maker4	13	12		Bockdarn
data_item/equipment_default.dat	3	maker4	13	12		Bockdarn
data_general/medalion.dat	0	name	23	12		Cross Medal
data_general/medalion.dat	1	name	23	12		Cross Medal
data_general/medalion.dat	2	name	23	12		Cross Medal
data_general/medalion.dat	3	name	23	12		Level Medal
data_general/medalion.dat	4	name	23	12		Level Medal
data_general/medalion.dat	5	name	23	12		Level Medal
data_general/medalion.dat	6	name	23	14		Fish Medal
data_general/medalion.dat	7	name	23	14		Fish Medal
data_general/medalion.dat	8	name	23	14		Fish Medal
data_general/medalion.dat	9	name	23	16		Mining Medal
data_general/medalion.dat	10	name	23	16		Mining Medal
data_general/medalion.dat	11	name	23	16		Mining Medal
data_general/medalion.dat	12	name	23	14		Flower Medal
data_general/medalion.dat	13	name	23	14		Flower Medal
data_general/medalion.dat	14	name	23	14		Flower Medal
data_general/medalion.dat	15	name	23	16		Island Medal
data_general/medalion.dat	16	name	23	16		Island Medal
data_general/medalion.dat	17	name	23	16		Island Medal
data_general/medalion.dat	18	name	23	14		Collect Medal
data_general/medalion.dat	19	name	23	14		Collect Medal
data_general/medalion.dat	20	name	23	14		Collect Medal
data_general/medalion.dat	21	name	23	16		Cooking Medal
data_general/medalion.dat	22	name	23	16		Cooking Medal
data_general/medalion.dat	23	name	23	16		Cooking Medal
data_general/medalion.dat	24	name	23	14		World Medal
data_general/medalion.dat	25	name	23	14		World Medal
data_general/medalion.dat	26	name	23	14		World Medal
data_general/medalion.dat	27	name	23	14		Ramen Medal
data_general/medalion.dat	28	name	23	14		Ramen Medal
data_general/medalion.dat	29	name	23	14		Ramen Medal
data_general/medalion.dat	30	name	23	14		Hot Spring Medal
data_general/medalion.dat	31	name	23	14		Hot Spring Medal
data_general/medalion.dat	32	name	23	14		Hot Spring Medal
data_general/medalion.dat	33	name	23	14		Pickle Medal
data_general/medalion.dat	34	name	23	14		Pickle Medal
data_general/medalion.dat	35	name	23	14		Pickle Medal
data_general/medalion.dat	36	name	23	14		Buster Medal
data_general/medalion.dat	37	name	23	14		Buster Medal
data_general/medalion.dat	38	name	23	14		Buster Medal
data_general/medalion.dat	39	name	23	16		Monster Medal
data_general/medalion.dat	40	name	23	16		Monster Medal
data_general/medalion.dat	41	name	23	16		Monster Medal
data_general/medalion.dat	42	name	23	14		Attack Medal
data_general/medalion.dat	43	name	23	14		Attack Medal
data_general/medalion.dat	44	name	23	14		Attack Medal
data_general/medalion.dat	45	name	23	14		Weapon Medal
data_general/medalion.dat	46	name	23	14		Weapon Medal
data_general/medalion.dat	47	name	23	14		Weapon Medal
data_general/medalion.dat	48	name	23	16		Accessory Medal
data_general/medalion.dat	49	name	23	16		Accessory Medal
data_general/medalion.dat	50	name	23	16		Accessory Medal
data_general/medalion.dat	51	name	23	14		Armor Medal
data_general/medalion.dat	52	name	23	14		Armor Medal
data_general/medalion.dat	53	name	23	14		Armor Medal
data_general/medalion.dat	54	name	23	14		Dragon Medal
data_general/medalion.dat	55	name	23	14		Dragon Medal
data_general/medalion.dat	56	name	23	14		Dragon Medal
data_general/medalion.dat	57	name	23	12		Knight Medal
data_general/medalion.dat	58	name	23	12		Knight Medal
data_general/medalion.dat	59	name	23	12		Knight Medal
data_general/medalion.dat	60	name	23	16		Sea Dragon Medal
data_general/medalion.dat	61	name	23	16		Sea Dragon Medal
data_general/medalion.dat	62	name	23	16		Sea Dragon Medal
data_general/medalion.dat	63	name	23	14		Battleship Medal
data_general/medalion.dat	64	name	23	14		Battleship Medal
data_general/medalion.dat	65	name	23	14		Battleship Medal
data_general/medalion.dat	66	name	23	16		Undead Medal
data_general/medalion.dat	67	name	23	16		Undead Medal
data_general/medalion.dat	68	name	23	16		Undead Medal
data_general/medalion.dat	69	name	23	12		Scorpion Medal
data_general/medalion.dat	70	name	23	12		Scorpion Medal
data_general/medalion.dat	71	name	23	12		Scorpion Medal
data_general/medalion.dat	72	name	23	14		Cerberus Medal
data_general/medalion.dat	73	name	23	14		Cerberus Medal
data_general/medalion.dat	74	name	23	14		Cerberus Medal
data_general/medalion.dat	0	cond	63	42		Link up in World\nCross: #insnumber# people
data_general/medalion.dat	1	cond	63	42		Link up in World\nCross: #insnumber# people
data_general/medalion.dat	2	cond	63	25		Gold Medal\nGet!!
data_general/medalion.dat	3	cond	63	36		Total level goes\nover #insnumber#
data_general/medalion.dat	4	cond	63	36		Total level goes\nover #insnumber#
data_general/medalion.dat	5	cond	63	25		Gold Medal\nGet!!
data_general/medalion.dat	6	cond	63	38		Fish up #insnumber#\ndifferent items
data_general/medalion.dat	7	cond	63	38		Fish up #insnumber#\ndifferent items
data_general/medalion.dat	8	cond	63	25		Gold Medal\nGet!!
data_general/medalion.dat	9	cond	63	36		Dig up #insnumber#\ndifferent items
data_general/medalion.dat	10	cond	63	36		Dig up #insnumber#\ndifferent items
data_general/medalion.dat	11	cond	63	25		Gold Medal\nGet!!
data_general/medalion.dat	12	cond	63	38		Pick #insnumber# kinds\nof plants
data_general/medalion.dat	13	cond	63	38		Pick #insnumber# kinds\nof plants
data_general/medalion.dat	14	cond	63	25		Gold Medal\nGet!!
data_general/medalion.dat	15	cond	63	38		Get #insnumber# island\nparts
data_general/medalion.dat	16	cond	63	38		Get #insnumber# island\nparts
data_general/medalion.dat	17	cond	63	25		Gold Medal\nGet!!
data_general/medalion.dat	18	cond	63	36		Collect #insnumber#\nkinds of items
data_general/medalion.dat	19	cond	63	36		Collect #insnumber#\nkinds of items
data_general/medalion.dat	20	cond	63	25		Gold Medal\nGet!!
data_general/medalion.dat	21	cond	63	38		Eat #insnumber# kinds\nof dishes
data_general/medalion.dat	22	cond	63	38		Eat #insnumber# kinds\nof dishes
data_general/medalion.dat	23	cond	63	25		Gold Medal\nGet!!
data_general/medalion.dat	24	cond	63	38		Travel to #insnumber#\ndifferent worlds
data_general/medalion.dat	25	cond	63	38		Travel to #insnumber#\ndifferent worlds
data_general/medalion.dat	26	cond	63	25		Gold Medal\nGet!!
data_general/medalion.dat	27	cond	63	38		Eat #insnumber# kinds\nof ramen
data_general/medalion.dat	28	cond	63	38		Eat #insnumber# kinds\nof ramen
data_general/medalion.dat	29	cond	63	25		Gold Medal\nGet!!
data_general/medalion.dat	30	cond	63	38		Visit #insnumber# kinds\nof hot springs
data_general/medalion.dat	31	cond	63	38		Visit #insnumber# kinds\nof hot springs
data_general/medalion.dat	32	cond	63	25		Gold Medal\nGet!!
data_general/medalion.dat	33	cond	63	36		Pickle #insnumber#\nkinds of items
data_general/medalion.dat	34	cond	63	36		Pickle #insnumber#\nkinds of items
data_general/medalion.dat	35	cond	63	25		Gold Medal\nGet!!
data_general/medalion.dat	36	cond	63	30		Defeat #insnumber#\nenemies
data_general/medalion.dat	37	cond	63	30		Defeat #insnumber#\nenemies
data_general/medalion.dat	38	cond	63	25		Gold Medal\nGet!!
data_general/medalion.dat	39	cond	63	34		Defeat #insnumber#\nkinds of enemies
data_general/medalion.dat	40	cond	63	34		Defeat #insnumber#\nkinds of enemies
data_general/medalion.dat	41	cond	63	25		Gold Medal\nGet!!
data_general/medalion.dat	42	cond	63	38		Deal #insnumber# damage\nin a single hit
data_general/medalion.dat	43	cond	63	38		Deal #insnumber# damage\nin a single hit
data_general/medalion.dat	44	cond	63	25		Gold Medal\nGet!!
data_general/medalion.dat	45	cond	63	34		Make #insnumber# kinds\nof weapons
data_general/medalion.dat	46	cond	63	34		Make #insnumber# kinds\nof weapons
data_general/medalion.dat	47	cond	63	25		Gold Medal\nGet!!
data_general/medalion.dat	48	cond	63	36		Make #insnumber# kinds\nof accessories
data_general/medalion.dat	49	cond	63	36		Make #insnumber# kinds\nof accessories
data_general/medalion.dat	50	cond	63	25		Gold Medal\nGet!!
data_general/medalion.dat	51	cond	63	36		Make #insnumber# kinds\nof armor
data_general/medalion.dat	52	cond	63	36		Make #insnumber# kinds\nof armor
data_general/medalion.dat	53	cond	63	25		Gold Medal\nGet!!
data_general/medalion.dat	54	cond	63	44		Beat #insnumber# kinds of\nbosses in 2 min
data_general/medalion.dat	55	cond	63	44		Beat #insnumber# kinds of\nbosses in 2 min
data_general/medalion.dat	56	cond	63	25		Gold Medal\nGet!!
data_general/medalion.dat	57	cond	63	44		Beat #insnumber# kinds of\nbosses in 2 min
data_general/medalion.dat	58	cond	63	44		Beat #insnumber# kinds of\nbosses in 2 min
data_general/medalion.dat	59	cond	63	25		Gold Medal\nGet!!
data_general/medalion.dat	60	cond	63	44		Beat #insnumber# kinds of\nbosses in 2 min
data_general/medalion.dat	61	cond	63	44		Beat #insnumber# kinds of\nbosses in 2 min
data_general/medalion.dat	62	cond	63	25		Gold Medal\nGet!!
data_general/medalion.dat	63	cond	63	44		Beat #insnumber# kinds of\nbosses in 2 min
data_general/medalion.dat	64	cond	63	44		Beat #insnumber# kinds of\nbosses in 2 min
data_general/medalion.dat	65	cond	63	25		Gold Medal\nGet!!
data_general/medalion.dat	66	cond	63	44		Beat #insnumber# kinds of\nbosses in 2 min
data_general/medalion.dat	67	cond	63	44		Beat #insnumber# kinds of\nbosses in 2 min
data_general/medalion.dat	68	cond	63	25		Gold Medal\nGet!!
data_general/medalion.dat	69	cond	63	44		Beat #insnumber# kinds of\nbosses in 2 min
data_general/medalion.dat	70	cond	63	44		Beat #insnumber# kinds of\nbosses in 2 min
data_general/medalion.dat	71	cond	63	25		Gold Medal\nGet!!
data_general/medalion.dat	72	cond	63	44		Beat #insnumber# kinds of\nbosses in 2 min
data_general/medalion.dat	73	cond	63	44		Beat #insnumber# kinds of\nbosses in 2 min
data_general/medalion.dat	74	cond	63	25		Gold Medal\nGet!!
data_general/master_power.dat	0	name	23	16		HP Up Power
data_general/master_power.dat	1	name	23	16		HP Up Power
data_general/master_power.dat	2	name	23	16		HP Up Power
data_general/master_power.dat	3	name	23	16		MP Up Power
data_general/master_power.dat	4	name	23	16		MP Up Power
data_general/master_power.dat	5	name	23	16		MP Up Power
data_general/master_power.dat	6	name	23	16		Mana Cost Power
data_general/master_power.dat	7	name	23	16		Mana Cost Power
data_general/master_power.dat	8	name	23	16		Mana Cost Power
data_general/master_power.dat	9	name	23	12		Haggle Power
data_general/master_power.dat	10	name	23	12		Haggle Power
data_general/master_power.dat	11	name	23	12		Haggle Power
data_general/master_power.dat	12	name	23	14		Weapon Power
data_general/master_power.dat	13	name	23	14		Weapon Power
data_general/master_power.dat	14	name	23	14		Weapon Power
data_general/master_power.dat	15	name	23	14		Armor Power
data_general/master_power.dat	16	name	23	14		Armor Power
data_general/master_power.dat	17	name	23	14		Armor Power
data_general/master_power.dat	18	name	23	16		Tinker Power
data_general/master_power.dat	19	name	23	16		Tinker Power
data_general/master_power.dat	20	name	23	16		Tinker Power
data_general/master_power.dat	21	name	23	16		Cooking Power
data_general/master_power.dat	22	name	23	16		Cooking Power
data_general/master_power.dat	23	name	23	16		Cooking Power
data_general/master_power.dat	24	name	23	14		Munch Power
data_general/master_power.dat	25	name	23	14		Munch Power
data_general/master_power.dat	26	name	23	14		Munch Power
data_general/master_power.dat	27	name	23	14		Recovery Power
data_general/master_power.dat	28	name	23	14		Recovery Power
data_general/master_power.dat	29	name	23	14		Recovery Power
data_general/master_power.dat	30	name	23	14		Harvest Power
data_general/master_power.dat	31	name	23	14		Harvest Power
data_general/master_power.dat	32	name	23	14		Harvest Power
data_general/master_power.dat	0	desc	123	42		Max HP\nup #insnumber#％\n
data_general/master_power.dat	1	desc	123	42		Max HP\nup #insnumber#％\n
data_general/master_power.dat	2	desc	123	42		Max HP\nup #insnumber#％\n
data_general/master_power.dat	3	desc	123	42		Max MP\nup #insnumber#％\n
data_general/master_power.dat	4	desc	123	42		Max MP\nup #insnumber#％\n
data_general/master_power.dat	5	desc	123	42		Max MP\nup #insnumber#％\n
data_general/master_power.dat	6	desc	123	64		MP cost of\nskills is\nreduced by\n#insnumber#％\n
data_general/master_power.dat	7	desc	123	64		MP cost of\nskills is\nreduced by\n#insnumber#％\n
data_general/master_power.dat	8	desc	123	64		MP cost of\nskills is\nreduced by\n#insnumber#％\n
data_general/master_power.dat	9	desc	123	48		Shop items\nget cheaper\nby #insnumber#％\n
data_general/master_power.dat	10	desc	123	48		Shop items\nget cheaper\nby #insnumber#％\n
data_general/master_power.dat	11	desc	123	48		Shop items\nget cheaper\nby #insnumber#％\n
data_general/master_power.dat	12	desc	123	68		Items needed\nto craft\nweapons are\nreduced by\n#insnumber#％
data_general/master_power.dat	13	desc	123	68		Items needed\nto craft\nweapons are\nreduced by\n#insnumber#％
data_general/master_power.dat	14	desc	123	68		Items needed\nto craft\nweapons are\nreduced by\n#insnumber#％
data_general/master_power.dat	15	desc	123	70		Items needed\nto craft\narmor are\nreduced by\n#insnumber#％
data_general/master_power.dat	16	desc	123	70		Items needed\nto craft\narmor are\nreduced by\n#insnumber#％
data_general/master_power.dat	17	desc	123	70		Items needed\nto craft\narmor are\nreduced by\n#insnumber#％
data_general/master_power.dat	18	desc	123	74		Items needed\nto make\naccessories are\nreduced by\n#insnumber#％
data_general/master_power.dat	19	desc	123	74		Items needed\nto make\naccessories are\nreduced by\n#insnumber#％
data_general/master_power.dat	20	desc	123	74		Items needed\nto make\naccessories are\nreduced by\n#insnumber#％
data_general/master_power.dat	21	desc	123	72		Items needed\nto cook\ndishes are\nreduced by\n#insnumber#％
data_general/master_power.dat	22	desc	123	72		Items needed\nto cook\ndishes are\nreduced by\n#insnumber#％
data_general/master_power.dat	23	desc	123	72		Items needed\nto cook\ndishes are\nreduced by\n#insnumber#％
data_general/master_power.dat	24	desc	123	60		Nutrition\nfrom eating\ndishes goes\nup #insnumber#％\n
data_general/master_power.dat	25	desc	123	60		Nutrition\nfrom eating\ndishes goes\nup #insnumber#％\n
data_general/master_power.dat	26	desc	123	60		Nutrition\nfrom eating\ndishes goes\nup #insnumber#％\n
data_general/master_power.dat	27	desc	123	76		Recovery from\npoison, dizzy,\nsleep, paralysis\nspeeds up\n#insnumber#％\n
data_general/master_power.dat	28	desc	123	76		Recovery from\npoison, dizzy,\nsleep, paralysis\nspeeds up\n#insnumber#％\n
data_general/master_power.dat	29	desc	123	76		Recovery from\npoison, dizzy,\nsleep, paralysis\nspeeds up\n#insnumber#％\n
data_general/master_power.dat	30	desc	123	84		Harvests from\nveins, plants,\nfishing spots\nincrease by\n#insnumber# times
data_general/master_power.dat	31	desc	123	84		Harvests from\nveins, plants,\nfishing spots\nincrease by\n#insnumber# times
data_general/master_power.dat	32	desc	123	84		Harvests from\nveins, plants,\nfishing spots\nincrease by\n#insnumber# times
data_item/memo.dat	0	title	20	16		Old Diary 1
data_item/memo.dat	1	title	20	16		Old Diary 2
data_item/memo.dat	2	title	20	16		Old Diary 3
data_item/memo.dat	3	title	20	16		Old Diary 4
data_item/memo.dat	4	title	20	16		Old Diary 5
data_item/memo.dat	5	title	20	16		Old Diary 6
data_item/memo.dat	6	title	20	16		Old Diary 7
data_item/memo.dat	7	title	20	16		Old Diary 8
data_item/memo.dat	8	title	20	16		Old Diary 9
data_item/memo.dat	9	title	20	18		Old Diary 10
data_item/memo.dat	10	title	20	18		Old Diary 11
data_item/memo.dat	11	title	20	18		Old Diary 12
data_item/memo.dat	12	title	20	18		Old Diary 13
data_item/memo.dat	13	title	20	18		Old Diary 14
data_item/memo.dat	14	title	20	18		Old Diary 15
data_item/memo.dat	15	title	20	18		Old Diary 16
data_item/memo.dat	16	title	20	18		Old Diary 17
data_item/memo.dat	17	title	20	18		Old Diary 18
data_item/memo.dat	18	title	20	18		Old Diary 19
data_item/memo.dat	19	title	20	18		Old Diary 20
data_item/memo.dat	20	title	20	18		Old Diary 21
data_item/memo.dat	21	title	20	18		Old Diary 22
data_item/memo.dat	22	title	20	18		Old Diary 23
data_item/memo.dat	23	title	20	18		Old Diary 24
data_item/memo.dat	24	title	20	18		Old Diary 25
data_item/memo.dat	25	title	20	18		Old Diary 26
data_item/memo.dat	26	title	20	18		Old Diary 27
data_item/memo.dat	27	title	20	18		Old Diary 28
data_item/memo.dat	28	title	20	18		Old Diary 29
data_item/memo.dat	29	title	20	18		Old Diary 30
data_item/memo.dat	30	title	20	18		Old Diary 31
data_item/memo.dat	31	title	20	18		Old Diary 32
data_item/memo.dat	32	title	20	18		Old Diary 33
data_item/memo.dat	33	title	20	18		Old Diary 34
data_item/memo.dat	34	title	20	18		Old Diary 35
data_item/memo.dat	35	title	20	18		Old Diary 36
data_item/memo.dat	36	title	20	18		Old Diary 37
data_item/memo.dat	37	title	20	18		Old Diary 38
data_item/memo.dat	38	title	20	18		Old Diary 39
data_item/memo.dat	39	title	20	18		Old Diary 40
data_item/memo.dat	40	title	20	18		Old Diary 41
data_item/memo.dat	41	title	20	18		Old Diary 42
data_item/memo.dat	42	title	20	18		Old Diary 43
data_item/memo.dat	43	title	20	18		Old Diary 44
data_item/memo.dat	44	title	20	18		Old Diary 45
data_item/memo.dat	45	title	20	18		Old Diary 46
data_item/memo.dat	46	title	20	16		When in a Pinch
data_item/memo.dat	47	title	20	16		Making Weapons
data_item/memo.dat	48	title	20	20		Cooking
data_item/memo.dat	49	title	20	20		Playing with Friends
data_item/memo.dat	50	title	20	20		Changing Class
data_item/memo.dat	51	title	20	18		Medal Powers
data_item/memo.dat	52	title	20	18		Using Skills
data_item/memo.dat	53	title	20	16		Sheathing Weapons
data_item/memo.dat	54	title	20	16		World Change
data_item/memo.dat	55	title	20	14		World Cross
data_item/memo.dat	56	title	20	18		Quest Together
data_item/memo.dat	0	heading	20	14		Thanks, Mom
data_item/memo.dat	1	heading	20	14		Dad Is Amazing
data_item/memo.dat	2	heading	20	12		Dad's Secret
data_item/memo.dat	3	heading	20	20		What Dad Taught Me
data_item/memo.dat	4	heading	20	16		A Little Lonely
data_item/memo.dat	5	heading	20	12		Spacetime Magic
data_item/memo.dat	6	heading	20	10		I Got Praised
data_item/memo.dat	7	heading	20	10		I Got Scolded
data_item/memo.dat	8	heading	20	16		What Dad Fears
data_item/memo.dat	9	heading	20	6		Jiya
data_item/memo.dat	10	heading	20	18		Promise with Jiya
data_item/memo.dat	11	heading	20	20		Still Fun!
data_item/memo.dat	12	heading	20	18		Caught by Mom...
data_item/memo.dat	13	heading	20	20		It's Not Fair!
data_item/memo.dat	14	heading	20	18		My Head Hurts!
data_item/memo.dat	15	heading	20	10		It Hurts...
data_item/memo.dat	16	heading	20	16		I Don't Want to Wake
data_item/memo.dat	17	heading	20	12		Bitter Medicine
data_item/memo.dat	18	heading	20	12		Feeling Great!
data_item/memo.dat	19	heading	20	16		So Lonely...
data_item/memo.dat	20	heading	20	16		My Big Sister
data_item/memo.dat	21	heading	20	12		Jiya's Cough
data_item/memo.dat	22	heading	20	14		It's a Lie
data_item/memo.dat	23	heading	20	10		It Was a Lie
data_item/memo.dat	24	heading	20	18		I'll Save Him!
data_item/memo.dat	25	heading	20	14		Must Hurry...
data_item/memo.dat	26	heading	20	10		So Sad...
data_item/memo.dat	27	heading	20	12		It's My Fault
data_item/memo.dat	28	heading	20	18		I'll Get It Back
data_item/memo.dat	29	heading	20	12		Found It!
data_item/memo.dat	30	heading	20	8		It's No Use...
data_item/memo.dat	31	heading	20	10		This Is It!
data_item/memo.dat	32	heading	20	18		All Set!
data_item/memo.dat	33	heading	20	16		My Body Hurts...
data_item/memo.dat	34	heading	20	16		Feeling Better
data_item/memo.dat	35	heading	20	14		It Worked!
data_item/memo.dat	36	heading	20	14		Can't Find Them...
data_item/memo.dat	37	heading	20	16		No Response...
data_item/memo.dat	38	heading	20	12		It Was Useless...
data_item/memo.dat	39	heading	20	16		Won't Give Up!
data_item/memo.dat	40	heading	20	20		Find a Substitute
data_item/memo.dat	41	heading	20	12		Found Her!
data_item/memo.dat	42	heading	20	12		Dad's Mask
data_item/memo.dat	43	heading	20	16		Will It Collapse?
data_item/memo.dat	44	heading	20	12		Almost There
data_item/memo.dat	45	heading	20	20		It All Ends Now
data_item/memo.dat	46	heading	20	16		When in a Pinch
data_item/memo.dat	47	heading	20	16		Making Weapons
data_item/memo.dat	48	heading	20	20		Cooking
data_item/memo.dat	49	heading	20	20		Playing with Friends
data_item/memo.dat	50	heading	20	16		Class Change
data_item/memo.dat	51	heading	20	10		Medals
data_item/memo.dat	52	heading	20	18		Using Skills
data_item/memo.dat	53	heading	20	16		Sheathing Weapons
data_item/memo.dat	54	heading	20	16		World Change
data_item/memo.dat	55	heading	20	14		World Cross
data_item/memo.dat	56	heading	20	18		Quest Together
data_item/memo.dat	0	body	1477	211		Today Mom gave me\na diary!\n\nIt has Mom's magic on it,\nso whatever I think\ngets written in by itself.\n\nThat's so handy.\n\nThanks, Mom!\n\n\n\n\n\n\n\n\n\n\n\n\n\n\n\n\n\n\n\n\n\n\n\n\n\n\n\n\n\n
data_item/memo.dat	1	body	1477	211		My dad is the king.\n\nSo he isn't afraid of\nanything in this whole\nworld, they say.\n\nI'm really scared to go\nto the bathroom alone\nat night.\n\nBut Dad isn't scared\nof even that.\n\nDad is amazing!\n\n\n\n\n\n\n\n\n\n\n\n\n\n\n\n\n\n\n\n\n\n\n\n\n\n
data_item/memo.dat	2	body	1477	311		Today Jiya told me.\n\nEven Dad has just\none thing he's afraid of.\n\nBut what it is\nis a secret, he says.\n\nI asked all sorts of ways,\nbut Jiya just kept\nlaughing and wouldn't\ntell me.\n\nIt isn't caterpillars.\nIt isn't green peppers\neither.\n\nHmm... What could\nDad be afraid of?\n\n\n\n\n\n\n\n\n\n\n\n\n\n\n\n\n\n\n\n\n
data_item/memo.dat	3	body	1477	343		Today I asked how I can\nget strong like Dad.\n\nDad told me it's not\ngiving up, even when\nyou fail.\n\nHe failed at all kinds of\nthings many times, too.\n\nBut he didn't give up,\nand by working hard\nhe became strong.\n\nFrom now on I won't give\nup when I fail either.\n\n\n\n\n\n\n\n\n\n\n\n\n\n\n\n\n\n\n\n\n\n\n\n
data_item/memo.dat	4	body	1477	145		Lately Dad and Mom are\nboth really busy.\n\nSo I'm alone all the time.\n\nDad, Mom,\ngood luck at work.\n\n\n\n\n\n\n\n\n\n\n\n\n\n\n\n\n\n\n\n\n\n\n\n\n\n\n\n\n\n\n\n\n
data_item/memo.dat	5	body	1477	261		Today there was a book\nof spacetime magic in\nDad's room.\n\nNobody was around, so\nI read it in secret.\n\nWhen you cast spacetime\nmagic, for just a moment\n\nyou can see all kinds of\nworlds between your\nhands.\n\nSpacetime magic is so\nmuch fun!\n\n\n\n\n\n\n\n\n\n\n\n\n\n\n\n\n\n\n\n\n\n\n\n
data_item/memo.dat	6	body	1477	187		Today I was playing with\nspacetime magic in the\nstoreroom.\n\nJiya said it's a very\ndifficult magic and that\nI'm amazing, and praised\nme.\n\nI was so happy!\n\n\n\n\n\n\n\n\n\n\n\n\n\n\n\n\n\n\n\n\n\n\n\n\n\n\n\n\n\n
data_item/memo.dat	7	body	1477	283		Today I showed Dad and\nMom my spacetime magic,\nthe thing I'm proud of.\n\nI thought they'd be\nhappy, but they got\nreally angry at me.\n\nIt's dangerous, so I must\nnever use it again.\n\nIt isn't dangerous\nat all, though...\n\nThey could praise me\na little, at least...\n\n\n\n\n\n\n\n\n\n\n\n\n\n\n\n\n\n\n\n\n\n\n\n
data_item/memo.dat	8	body	1477	373		Dad loves steak.\n\nBut he always eats too\nmuch, so Mom banned it\nlong ago.\n\nSo Dad eats it in secret\nwhere Mom can't find him.\n\nToday too, we sneaked out\nof the castle and went to\neat together, just the\ntwo of us.\n\nBut he said it's a secret\nbetween us because he's\nscared of Mom.\n\nSo the thing Dad fears\nis Mom, after all.\n\n\n\n\n\n\n\n\n\n\n\n\n\n\n\n\n\n\n\n
data_item/memo.dat	9	body	1477	361		Jiya takes care of me\nin all sorts of ways.\nHe's a kind old man.\n\nJiya is kind, so I can\ntalk to him about things\nI can't tell Dad or Mom.\n\nBut Jiya is old, so\nhe'll die before me.\n\nIf Jiya dies first,\n\nI won't be able to see\nJiya anymore.\n\nThat would be so sad.\n\nLive a long life, Jiya.\n\n\n\n\n\n\n\n\n\n\n\n\n\n\n\n\n\n\n\n\n
data_item/memo.dat	10	body	1477	181		Today Jiya made me\na promise!\n\nHe'll live a long life\nuntil I grow up,\n\nand stay with me forever\nand ever!\n\nThank you, Jiya!\n\n\n\n\n\n\n\n\n\n\n\n\n\n\n\n\n\n\n\n\n\n\n\n\n\n\n\n\n\n
data_item/memo.dat	11	body	1477	249		Lately Dad and Mom do\nnothing but work,\n\nso I mostly stay home\nby myself.\n\nBut there's a good side.\n\nWhen Dad and Mom aren't\naround, I can play with\nspacetime magic and\nnot get scolded.\n\nSpacetime magic is still\nso much fun!\n\n\n\n\n\n\n\n\n\n\n\n\n\n\n\n\n\n\n\n\n\n\n\n\n
data_item/memo.dat	12	body	1477	313		Today I was playing in\nthe castle storeroom\nin secret,\n\nand Mom caught me.\n\nShe even saw me using\nspacetime magic.\n\nI tried to fool her, but\nshe got even angrier.\n\nAfter that, both Dad and\nMom scolded me a lot.\n\nI'd better not use\nspacetime magic for\na while...\n\n\n\n\n\n\n\n\n\n\n\n\n\n\n\n\n\n\n\n\n\n
data_item/memo.dat	13	body	1477	405		"Today Dad and Mom\n\nscolded Jiya for not\nlooking after me properly.\n\nI said, ""I'm the one who\ndid it, so be angry only\nat me!""\n\nThey got even angrier and\nsaid, ""Children be quiet!""\n\nThey're always telling me\nto hurry up and grow up.\n\nThis is so unfair!\n\nI wish Dad and Mom would\njust go away somewhere\nand never come back!\n\n\n\n\n\n\n\n\n\n\n\n\n\n\n\n\n\n\n\n"
data_item/memo.dat	14	body	1477	239		My head is pounding!\n\nIt hurts so much...\n\nMom said I can skip\nschool...\n\nLater Jiya secretly\nbrought me ice cream.\n\nJiya's ice cream was\nreally delicious...\n\n\n\n\n\n\n\n\n\n\n\n\n\n\n\n\n\n\n\n\n\n\n\n\n\n\n\n
data_item/memo.dat	15	body	1477	241		My head hurts all day\nagain today...\n\nThe doctor came and\nlooked me over.\n\nHe said I'll get better\nsoon, but I don't think\nso.\n\nIt keeps getting\nharder...\n\nIt really hurts...\n\nSomebody help me...\n\n\n\n\n\n\n\n\n\n\n\n\n\n\n\n\n\n\n\n\n\n\n\n
data_item/memo.dat	16	body	1477	329		Even asleep, my head\nhurts and I wake up\nright away...\n\nSoon after I wake, my\nwhole body starts to\nhurt and it's awful...\n\nI don't want to be awake,\nbut I can't sleep...\n\nSo I pretended to sleep,\n\nand Mom, sitting by me,\nwas crying all alone...\n\nWhy was Mom crying?\n\n\n\n\n\n\n\n\n\n\n\n\n\n\n\n\n\n\n\n\n\n\n
data_item/memo.dat	17	body	1477	211		Mom made me take bitter\nmedicine.\n\nI threw it up again\nand again,\n\nbut Mom got angry with a\nscary face, so I tried\nhard and swallowed it.\n\nThen I got so sleepy\nand fell asleep right\naway.\n\nGood night...\n\n\n\n\n\n\n\n\n\n\n\n\n\n\n\n\n\n\n\n\n\n\n\n\n
data_item/memo.dat	18	body	1477	175		My head doesn't hurt\ntoday!\n\nI feel so refreshed.\n\nThe pain up till\nyesterday seems like a\nlie!\n\nThat bitter medicine must\nhave worked!\n\n\n\n\n\n\n\n\n\n\n\n\n\n\n\n\n\n\n\n\n\n\n\n\n\n\n\n\n
data_item/memo.dat	19	body	1477	271		Since I took that\nmedicine, I haven't seen\nDad and Mom at all...\n\nJiya says they have very\nimportant work and\n\ncan't come home for\na while.\n\nBecause I got better,\nthey went right back\nto work, didn't they...\n\nI'm so lonely...\n\nPlease come home soon...\n\n\n\n\n\n\n\n\n\n\n\n\n\n\n\n\n\n\n\n\n\n\n
data_item/memo.dat	20	body	1477	371		Today Jiya told me.\n\nI had a big sister.\n\nBut she died in a\nspacetime magic accident\nbefore I was born.\n\nI was shocked, but\nsomehow I didn't feel\nvery sad.\n\nBut while he was talking,\nJiya looked so sad...\n\nWatching Jiya made me\nfeel lonely too.\n\nDad, Mom,\ncome home soon...\n\nI want to see you...\n\n\n\n\n\n\n\n\n\n\n\n\n\n\n\n\n\n
data_item/memo.dat	21	body	1477	169		Today Jiya kept coughing\nand looked to be in pain.\n\nHe said he's fine,\nbut...\n\nTomorrow I'll call\nthe doctor for him.\n\n\n\n\n\n\n\n\n\n\n\n\n\n\n\n\n\n\n\n\n\n\n\n\n\n\n\n\n\n\n\n
data_item/memo.dat	22	body	1477	303		The doctor came today.\n\nHe said Jiya has a\nserious illness\nof the chest,\n\nand that there's no\nhope for him.\n\nThat's a lie...\n\nJiya and I made\na promise!\n\nSo Jiya won't die\nuntil I grow up!\n\nJiya can't die.\nThat's a lie!\n\n\n\n\n\n\n\n\n\n\n\n\n\n\n\n\n\n\n\n\n
data_item/memo.dat	23	body	1477	557		Today Jiya told me.\n\nThat I had an illness\nthat couldn't be cured,\n\nand that Dad and Mom\nused Tobas' Secret Art,\nwhich blows away any\nillness,\n\nand succeeded, and\ncured my illness...\n\nAnd that because of the\nbacklash of Tobas'\nSecret Art,\n\nDad and Mom were thrown\ninto another dimension...\n\nIt was a lie...\nThey weren't unable to\ncome home because of work.\n\nThey were thrown into\nanother dimension to cure\nmy illness, so they\ncan't come back...\n\nI'll never see Dad and\nMom again...\n\n\n\n\n\n\n\n\n
data_item/memo.dat	24	body	1477	259		I'm sad that I can't\nsee Dad and Mom,\n\nbut right now I have to\nsave Jiya!\n\nJust like Dad and Mom\ndid,\n\nif I use Tobas' Secret\nArt,\n\nI should be able to blow\naway even Jiya's illness!\n\nWait for me, Jiya!\n\n\n\n\n\n\n\n\n\n\n\n\n\n\n\n\n\n\n\n\n\n\n\n
data_item/memo.dat	25	body	1477	435		To make Tobas' Secret\nArt work,\n\ntwo people with immense\nmagic power, bound by a\nstrong bond,\n\nhave to chant the spell\nat the same time...\n\nThat means I can't use\nTobas' Secret Art alone...\n\nAnd that much magic\npower,\n\nI can't produce even with\nthe pendant Mom left me...\n\nI have to find some\nother way...\n\nI have to hurry...\nJiya...!\n\nI have to hurry!\n\n\n\n\n\n\n\n\n\n\n\n\n\n
data_item/memo.dat	26	body	1477	111		Jiya died today...\n\nI was so sad, so sad,\nand the tears wouldn't\nstop...\n\n\n\n\n\n\n\n\n\n\n\n\n\n\n\n\n\n\n\n\n\n\n\n\n\n\n\n\n\n\n\n\n\n\n
data_item/memo.dat	27	body	1477	275		If only I'd been\nstronger...\n\nIf I'd known many more\nkinds of magic...\n\nMaybe I could have\nsaved Jiya...\n\nIf only I'd been\nstronger...\n\nMaybe I wouldn't have had\nto be separated from\nDad and Mom...\n\nIt's my fault...\n\nIt's all my fault...\n\n\n\n\n\n\n\n\n\n\n\n\n\n\n\n\n\n\n\n\n
data_item/memo.dat	28	body	1477	345		I can't see Jiya\nanymore,\n\nbut Dad and Mom are\nstill alive somewhere\nin an unknown dimension.\n\nSo if I find a way to\nget to that dimension,\n\nI should be able to see\nDad and Mom.\n\nThere must be some way.\n\nI won't give up.\n\nI'll get back the\nhappiness I can get back\n\nwith my own hands!\n\n\n\n\n\n\n\n\n\n\n\n\n\n\n\n\n\n\n
data_item/memo.dat	29	body	1477	253		It was written in the\ndark grimoire:\n\nthe forbidden spacetime\nmagic, Grand Cross!\n\nIf it succeeds,\n\nthe worlds of every\ndimension will be\nlinked into one!\n\nIf it succeeds, it should\nconnect to the world\nwhere Dad and Mom are\ntoo!\n\n\n\n\n\n\n\n\n\n\n\n\n\n\n\n\n\n\n\n\n\n\n\n
data_item/memo.dat	30	body	1477	223		To chant the Grand Cross\nspell,\n\nI'd need immense power,\n20 times my own\nmagic power...\n\nMy magic power is just\nnot enough...\n\nWhat should I do...\n\nWhat can I do...\n\n\n\n\n\n\n\n\n\n\n\n\n\n\n\n\n\n\n\n\n\n\n\n\n\n\n
data_item/memo.dat	31	body	1477	319		It was written in the\ndark grimoire in Jiya's\nroom!\n\nThe Sacrifa Circle, which\ntemporarily amplifies\nmagic power.\n\nThe price is that I'd\nlose most of my magic\npower forever,\n\nbut with this circle,\nI should get 20 times my\ncurrent power!\n\n\n\n\n\n\n\n\n\n\n\n\n\n\n\n\n\n\n\n\n\n\n\n\n
data_item/memo.dat	32	body	1477	215		Every preparation for\nGrand Cross is finished!\n\nStarting tomorrow night,\nI'll begin the Grand\nCross ritual!\n\nNo matter what, I'll make\nthe Grand Cross ritual\nsucceed!\n\n\n\n\n\n\n\n\n\n\n\n\n\n\n\n\n\n\n\n\n\n\n\n\n\n\n\n\n\n
data_item/memo.dat	33	body	1477	237		After the Grand Cross\nritual ended, I seem to\nhave lost consciousness\nfor a while...\n\nI can't stand up...\n\nBut I can feel the pulse\nof a new dimension.\n\nMy Grand Cross must have\nsucceeded!\n\n\n\n\n\n\n\n\n\n\n\n\n\n\n\n\n\n\n\n\n\n\n\n\n\n\n\n
data_item/memo.dat	34	body	1477	219		The pain has eased a lot\nand I can just about\nwalk.\n\nOnly a little,\nbut my magic power seems\nto be recovering too.\n\nIf it recovers a bit\nmore, I might be able to\nchant spells again.\n\n\n\n\n\n\n\n\n\n\n\n\n\n\n\n\n\n\n\n\n\n\n\n\n\n\n\n\n
data_item/memo.dat	35	body	1477	451		Today when I left the\ncastle, an unknown world\nstretched out before me!\n\nGrand Cross really did\nsucceed!\n\nBut there are lots of\ngiant monsters that\nwon't listen, and it's\nquite dangerous.\n\nTo tame these monsters,\nmy magic power has to\nrecover a bit more.\n\nIf I push myself here,\nit'll all be ruined...\n\nIf I can tame the\nmonsters, they might be\nuseful when the time\ncomes...\n\nFor now I'll wait for my\nmagic power to recover...\n\n\n\n\n\n\n\n\n\n\n\n\n\n
data_item/memo.dat	36	body	1477	235		The scorching world,\n\nthe world of ice,\n\nthe world of shining\nstars,\n\nI search and search,\nbut I can't find Dad or\nMom anywhere...\n\nMaybe...\n\nit didn't connect to\nwhere Dad and Mom\nare...\n\n\n\n\n\n\n\n\n\n\n\n\n\n\n\n\n\n\n\n\n\n\n\n
data_item/memo.dat	37	body	1477	359		My magic power has\nrecovered quite a bit,\n\nso over the last few days\nI tried a calling spell...\n\nBut there's no response\nfrom anywhere...\n\nIf Dad and Mom were in\none of the worlds Grand\nCross connected,\n\nthere's no way they'd not\nanswer a calling spell\nfrom their own family...\n\nSo it really didn't\nconnect to where Dad\nand Mom are...\n\n\n\n\n\n\n\n\n\n\n\n\n\n\n\n\n\n\n\n
data_item/memo.dat	38	body	1477	173		It was a failure...\n\nNone of it meant\nanything...\n\nIf only I hadn't gotten\nsick...\n\nNone of this\n\nwould have happened...!\n\n\n\n\n\n\n\n\n\n\n\n\n\n\n\n\n\n\n\n\n\n\n\n\n\n\n\n\n
data_item/memo.dat	39	body	1477	435		Long ago,\nDad taught me.\n\nEveryone fails.\n\nThat's exactly why you\nmust not give up just\nbecause you failed.\n\nIf I give up here,\nit really will all be\nfor nothing.\n\nIf I perform Grand Cross\nonce more, this time it\nshould surely connect!\n\nBut with my current\npower,\n\neven using the Sacrifa\nCircle, my magic power\nis nowhere near enough...\n\nI have to think of\nsome other way...\n\nI won't give up!\n\n\n\n\n\n\n\n\n\n\n\n
data_item/memo.dat	40	body	1477	389		That's it!\n\nIf my magic power is\nnot enough,\n\nI can just have someone\nelse chant the spell!\n\nWith the last Grand Cross\nwe connected this many\ndifferent worlds.\n\nSomewhere there must be\nsomeone with magic power\nstrong enough to endure\nthe Grand Cross chant!\n\nThat one is the key to\ngetting my happiness\nback!\n\nI'll definitely find\nthem!\n\n\n\n\n\n\n\n\n\n\n\n\n\n\n\n\n
data_item/memo.dat	41	body	1477	553		I finally found her!\n\nWhat an incredible\nmagic power reading!\n\nPrincess Sasha, of the\ntrue royal bloodline,\nwho lives in the surface\nworld!\n\nThis human should be\nable to chant the Grand\nCross spell in my place!\n\nBut the humans of the\nsurface, though very\nintelligent,\n\nwill do anything for\ntheir own goals; the old\nrecords call them a cruel\nand savage tribe.\n\nI have no choice but to\ndrag her into the dungeon\nand somehow make her\nchant the spell.\n\nAnyway, this human is the\nkey to getting my\nhappiness back!\n\n\n\n\n\n\n\n\n
data_item/memo.dat	42	body	1477	251		The cruel, savage world\nof humans...\n\nIt's a little scary,\n\nbut if I wear Dad's\nmask, they can't see my\nface, and my voice will\nsound grown-up too.\n\nDad will surely lend me\nhis strength...\n\nIf I act like Dad,\nI'll be all right...\n\n\n\n\n\n\n\n\n\n\n\n\n\n\n\n\n\n\n\n\n\n\n\n\n
data_item/memo.dat	43	body	1477	445		I managed to bring Sasha\nto the dungeon.\n\nBut Sasha won't help me\nat all...\n\nShe says that if we do\nGrand Cross again,\n\nevery world now connected\nwill collapse.\n\nIs she talking nonsense\nto make me give up?\n\nIt's true that spacetime\nhas become unstable...\n\nBut the first time it was\nfine.\n\nThe next time should be\nfine too...\n\n\n\n\n\n\n\n\n\n\n\n\n\n\n\n\n
data_item/memo.dat	44	body	1477	297		No matter what I say,\nSasha won't cooperate,\n\nso today I threatened\nher: I'll kill your\nfather.\n\nThen she started crying\nand did as I said right\naway.\n\nAt last I can go ahead\nwith preparing the\nsecond Grand Cross.\n\nJust a little more...\n\n\n\n\n\n\n\n\n\n\n\n\n\n\n\n\n\n\n\n\n\n\n\n
data_item/memo.dat	45	body	1477	415		When this ritual is over,\n\nthis time it should\nsurely connect to where\nDad and Mom are.\n\nBut it's true that\nspacetime is very\nunstable.\n\nJust as Sasha says,\nthis world might not\nwithstand the shock of\nthe second Grand Cross\n\nand might shatter into\npieces.\n\nBut if that happens,\nthis painful feeling and\nthis lonely feeling will\nall vanish together.\n\nEither way, this is\nwhere it all ends.\n\n\n\n\n\n\n\n\n\n\n\n\n\n\n
data_item/memo.dat	46	body	1477	227		If a monster's attack\nleaves you in a pinch,\n\npress the X button and\ndrink a Life Potion!\n\nWhen you want to go back\nto the island, use the\nJump command from the\nSTART button.\n\nYou can return to the\nisland any time!\n\n\n\n\n\n\n\n\n\n\n\n\n\n\n\n\n\n\n\n\n\n\n\n\n\n\n
data_item/memo.dat	47	body	1477	271		In the basement of your\nhouse you can craft and\nupgrade weapons and armor.\n\nIf you get materials,\n\ntry making a new weapon!\n\nHandy materials are also\nsold in shops, so be\nsure to check them out!\n\n\n\n\n\n\n\n\n\n\n\n\n\n\n\n\n\n\n\n\n\n\n\n\n\n\n\n\n
data_item/memo.dat	48	body	1477	413		At the kitchen on the\nbeach you can cook and\neat meals!\n\nThe more you eat, the\nstronger you'll grow!\n\nFriends can eat too with\nthe same amount of\ningredients, so cooking\nwith your pals is a great\ndeal!\n\nHow well a dish turns out\nmakes the nutrition you\ngain shoot up, so make\nlots and hone your\ncooking skill!\n\n\n\n\n\n\n\n\n\n\n\n\n\n\n\n\n\n\n\n\n\n
data_item/memo.dat	49	body	1477	197		To play with friends,\ngo to the island's port!\n\nThere, by visiting the\nisland of a friend who\ninvited you,\n\nyou can go on adventures\ntogether!\n\n\n\n\n\n\n\n\n\n\n\n\n\n\n\n\n\n\n\n\n\n\n\n\n\n\n\n\n\n\n
data_item/memo.dat	50	body	1477	341		In the basement of your\nhouse you can change\nyour class!\n\nEven after you change\nclasses once,\n\nwhen you go back to the\nold class you'll return\nto its proper strength.\n\nIf you don't like your\ncurrent class,\n\nor want to play at the\nsame strength as a new\nfriend,\n\nfeel free to change your\nclass!\n\n\n\n\n\n\n\n\n\n\n\n\n\n\n\n\n\n\n\n
data_item/memo.dat	51	body	1477	331		After adventuring for a\nwhile,\n\ncome back from the port\nto the castle!\n\nI'll bestow medals\naccording to your\nachievements.\n\nCollect medals and you'll\ngain amazing powers!\n\nTruth be told, I'd love\nto give you all the\nmedals I have,\n\nbut the chancellor keeps\nnagging about the rules...\n\n\n\n\n\n\n\n\n\n\n\n\n\n\n\n\n\n\n\n\n
data_item/memo.dat	52	body	1477	297		In battle, pressing the L\nor R button shows the\nskills you've learned!\n\nThen press the button\nshown next to a skill\nto use it!\n\nAlso, Fighters and\nPriests can guard with\nthe L button!\n\n\n\n\n\n\n\n\n\n\n\n\n\n\n\n\n\n\n\n\n\n\n\n\n\n\n\n\n
data_item/memo.dat	53	body	1477	233		You can sheathe your\nweapon by holding the R\nbutton and pressing the L\nbutton.\n\nIn dungeons you run\nfaster with your weapon\nsheathed, so it's an\nimportant technique!\n\n\n\n\n\n\n\n\n\n\n\n\n\n\n\n\n\n\n\n\n\n\n\n\n\n\n\n\n\n\n
data_item/memo.dat	54	body	1477	313		World Change is left to\nthe fairies!\n\nWhen you use World Change\nto remake the world\ninside a dungeon,\n\nthe items you can get and\nthe monsters you meet\nchange completely!\n\nIf the monsters are too\nstrong or you can't get\nthe item you want,\n\ntry a World Change!\n\n\n\n\n\n\n\n\n\n\n\n\n\n\n\n\n\n\n\n\n\n\n\n
data_item/memo.dat	55	body	1477	455		In dungeons you can find\nplaces with amazing items\n\nand people who help you\non your adventure!\n\nIf you find one, try\nWorld Crossing that world\nwith your friends!\n\nThe more worlds you link\nup with friends,\n\nthe easier your\nadventures get!\n\nYou can do World Cross\nfrom the title screen!\n\nYou'll also get amazing\ntreasures from the\nmysterious passages set\nevery 5 floors!\n\n\n\n\n\n\n\n\n\n\n\n\n\n\n\n\n
data_item/memo.dat	56	body	1477	303		With Quest Together on\nthe title menu,\n\nyou can take on a quest\nwith friends who don't\nown this game!\n\nIf you clear it,\nyou'll get special\nitems!\n\nInvite friends who have a\nNintendo DS\n\nand let's try it!\n\n\n\n\n\n\n\n\n\n\n\n\n\n\n\n\n\n\n\n\n\n\n\n\n
data_treasure/shop_smile.dat	0	name	20	8		Smile
data_treasure/shop_smile.dat	1	name	20	16		Super Smile
data_treasure/shop_smile.dat	2	name	20	16		Hyper Smile
data_treasure/shop_smile.dat	3	name	20	16		Ultra Smile
data_treasure/shop_smile.dat	4	name	20	16		Miracle Smile
data_treasure/shop_smile.dat	0	desc	122	37		"Delivers a happy
smile to you."
data_treasure/shop_smile.dat	1	desc	122	47		"Delivers a really
super smile to you."
data_treasure/shop_smile.dat	2	desc	122	45		"Delivers a seriously
hyper smile to you."
data_treasure/shop_smile.dat	3	desc	122	45		"Delivers the ultimate
Ultra Smile."
data_treasure/shop_smile.dat	4	desc	122	67		"Delivers a miraculous smile.
The price is pretty miraculous too."
data_general/island_art.dat	0	name	31	8		Palm Tree
data_general/island_art.dat	0	desc	127	100		A splendid magic palm tree,\nplanted with the southern\nislands in mind. Hard to break.
data_general/island_art.dat	1	name	31	8		Oak Tree
data_general/island_art.dat	1	desc	127	82		A big, sturdy oak tree that\ngrew up strong. Makes the\nisland's air taste better.
data_general/island_art.dat	2	name	31	12		Cherry Tree
data_general/island_art.dat	2	desc	127	94		A gorgeously blooming cherry\ntree. Looking at it fills you\nwith gentle feelings.
data_general/island_art.dat	3	name	31	8		Pine Tree
data_general/island_art.dat	3	desc	127	92		A pine tree with well-balanced\nbranches. Gives the island a\ncalm atmosphere.
data_general/island_art.dat	4	name	31	8		Pansy
data_general/island_art.dat	4	desc	127	74		A cute pansy with bright red\nflowers. Gives your island\nsome color.
data_general/island_art.dat	5	name	31	8		Sunflower
data_general/island_art.dat	5	desc	127	78		Blessed by the sun, a lively\nyellow sunflower that shines\nand sparkles.
data_general/island_art.dat	6	name	31	14		Hyper Mushroom
data_general/island_art.dat	6	desc	127	90		A mushroom in vivid blue with\nwhite polka dots. Touch it and\nyour hand turns bright blue.
data_general/island_art.dat	7	name	31	16		Chomp Flower
data_general/island_art.dat	7	desc	127	100		A dangerous flower with a big\nappetite. It'll even eat your\nhousehold trash.
data_general/island_art.dat	8	name	31	12		Red Mailbox
data_general/island_art.dat	8	desc	127	82		Made of soft wood, a homey,\nhandmade-looking red mailbox\nthat feels familiar.
data_general/island_art.dat	9	name	31	16		Golden Grandpa
data_general/island_art.dat	9	desc	127	84		A gorgeous mailbox that\ngleams gold -- one of Arton's\nproudest pieces.
data_general/island_art.dat	10	name	31	14		Totem Pole
data_general/island_art.dat	10	desc	127	96		A mailbox modeled after the\ngreat Totem. Mail goes\ninside its mouth.
data_general/island_art.dat	11	name	31	12		Wood Deck
data_general/island_art.dat	11	desc	127	78		An ordinary wooden deck. You\ncan feel the wood's springiness\nwith every step.
data_general/island_art.dat	12	name	31	14		Stone Deck
data_general/island_art.dat	12	desc	127	96		A sturdy stone deck. The more\nyou use it, the better its\ncolor gets.
data_general/island_art.dat	13	name	31	14		Colorful Deck
data_general/island_art.dat	13	desc	127	82		A very colorful deck. Makes\nmeals look tastier and livens\nup the table.
data_general/island_art.dat	14	name	31	14		Bamboo Deck
data_general/island_art.dat	14	desc	127	104		A cool bamboo deck. Sturdy,\nlight, heat-resistant -- even\nimproves your cooking.
data_general/island_art.dat	15	name	31	14		Stone Port
data_general/island_art.dat	15	desc	127	86		A splendid harbor paved solid\nwith stone. Suits the blue\nsea perfectly.
data_general/island_art.dat	16	name	31	12		Brick Port
data_general/island_art.dat	16	desc	127	82		A harbor made of red brick.\nFull of exotic charm and\nvery memorable.
data_general/island_art.dat	17	name	31	12		Wood Port
data_general/island_art.dat	17	desc	127	80		A wooden harbor built from big\nlogs. Untie the ropes and it\ndoubles as a raft.
data_general/island_art.dat	18	name	31	14		White Port
data_general/island_art.dat	18	desc	127	94		A dignified harbor of beautiful\nwhite stone. Feel like you're\non a resort trip.
data_general/island_art.dat	19	name	31	14		King's Ship
data_general/island_art.dat	19	desc	127	68		A green ship given to you\nby the King. Comes with a\nproper anchor.
data_general/island_art.dat	20	name	31	14		Breezy Ship
data_general/island_art.dat	20	desc	127	86		A sailboat in vivid, refreshing\ncolors -- matches the\nblue sea perfectly.
data_general/island_art.dat	21	name	31	12		Pirate Ship
data_general/island_art.dat	21	desc	127	86		A black pirate ship made from\nYakutanon's cape. Uses gold --\nvery extravagant.
data_general/island_art.dat	22	name	31	8		Punion
data_general/island_art.dat	22	desc	127	68		Raised from a seed, an onion\nswordsman. Life Leaves are\nits favorite food.
data_general/island_art.dat	23	name	31	14		King Punion
data_general/island_art.dat	23	desc	127	66		An onion king with a splendid\nbeard, full of\ndignity.
data_general/island_art.dat	24	name	31	10		Mooton
data_general/island_art.dat	24	desc	127	70		A cow carpenter with a fine\ncoat. Lives a relaxed life\non the island.
data_general/island_art.dat	25	name	31	8		Oinkton
data_general/island_art.dat	25	desc	127	90		A big pig chef who always\ncarries a ladle, particular\nabout cooking.
data_general/island_art.dat	26	name	31	16		Mooton Mage
data_general/island_art.dat	26	desc	127	70		A book-loving cow mage who\ncan cast all sorts of\ncow magic.
data_general/island_art.dat	27	name	31	12		Cyclops
data_general/island_art.dat	27	desc	127	86		A magical creature with one\nbig eye that can glimpse\nthe near future.
data_general/island_art.dat	28	name	31	14		Bone Swordsman
data_general/island_art.dat	28	desc	127	92		A monster born from bones.\nSurprisingly lively, and\nloves white rice.
data_general/island_art.dat	29	name	31	14		Chick Samurai
data_general/island_art.dat	29	desc	127	86		A chick samurai who hones\nhimself through swordsmanship.\nHis dream: master the blade.
data_general/island_art.dat	30	name	31	8		Rex
data_general/island_art.dat	30	desc	127	94		An orange dinosaur with\npowerful jaws. Chews and\neats just about anything.
data_general/island_art.dat	31	name	31	12		Phoenix
data_general/island_art.dat	31	desc	127	64		A firebird with beautiful\nfeathers. Fond of eating\nsweetfish.
data_general/island_art.dat	32	name	31	8		Rockn
data_general/island_art.dat	32	desc	127	88		A big rock that carries a rock.\nPlods along slowly, loves\nstalactites.
data_general/island_art.dat	33	name	31	10		Hell Devil
data_general/island_art.dat	33	desc	127	90		A high-ranking demon commander\nwho rules over hell. Never\nbetrays a pact.
data_general/island_art.dat	34	name	31	14		Red Dragon
data_general/island_art.dat	34	desc	127	66		A fire dragon with bright red\nscales. Fond of eating\nfin meat.
data_general/island_art.dat	35	name	31	14		Dark Dragon
data_general/island_art.dat	35	desc	127	90		The strongest demon dragon,\nborn from jet-black darkness,\nseeking black gemstones.
data_general/island_art.dat	36	name	31	8		Snug
data_general/island_art.dat	36	desc	127	98		A super fluffy monster. Just\npetting it makes you happy.\nLoves tea leaves.
data_general/island_art.dat	37	name	31	12		Mr. Robot
data_general/island_art.dat	37	desc	127	78		A security robot built from\na Robot Kit. Moves according\nto its programming.
data_general/island_art.dat	38	name	31	12		Magic Weapon
data_general/island_art.dat	38	desc	127	82		A magical weapon built from\na Magic Weapon Kit, wandering\nin search of souls.
data_general/island_art.dat	39	name	31	14		Battle Mush
data_general/island_art.dat	39	desc	127	84		A magical mushroom monster\nborn from spores. Trains\nevery single day.
data_general/island_art.dat	40	name	31	10		Venom Beetle
data_general/island_art.dat	40	desc	127	80		A purple insect with a big\nhorn. Loves\nsweet syrup.
data_general/island_art.dat	41	name	31	8		Sharkie
data_general/island_art.dat	41	desc	127	78		An adorable bright red shark\nthat swims through the air.\nBites just about anything.
data_general/island_art.dat	42	name	31	10		Piranix
data_general/island_art.dat	42	desc	127	82		An ancient fish with a big\nshell on its head. Strikes prey\nwith graceful precision.
data_general/island_art.dat	43	name	31	8		Moena
data_general/island_art.dat	43	desc	127	84		A bright red flame spirit that\nfloats through the sky.\nLoves Magma Flowers.
data_general/island_art.dat	44	name	31	8		Black Ship
data_general/island_art.dat	44	desc	127	80		A jet-black warship so heavily\narmed even monsters\ntremble at it.
data_general/island_art.dat	45	name	31	14		Birdhouse
data_general/island_art.dat	45	desc	127	56		A refined Japanese-style\nmailbox where little birds\nhave taken up residence.
data_general/cook_param.dat	0	name	23	10		Kalbi Rice Bowl
data_general/cook_param.dat	0	desc	127	52		A rice bowl piled high with\njuicy kalbi meat.
data_general/cook_param.dat	1	name	23	14		Katsu Sandwich
data_general/cook_param.dat	1	desc	127	62		Crispy fried thick-cut loin\ntucked into a soft bun.
data_general/cook_param.dat	2	name	23	16		Garlic Chicken
data_general/cook_param.dat	2	desc	127	68		Sauteed chicken with the\nrich flavor of garlic and juices.
data_general/cook_param.dat	3	name	23	8		Steak
data_general/cook_param.dat	3	desc	127	72		A tender, flavorful fillet\nsteak, simply seasoned.
data_general/cook_param.dat	4	name	23	12		Chicken Rice
data_general/cook_param.dat	4	desc	127	60		Finely diced thigh meat\nfried with ketchup and rice.
data_general/cook_param.dat	5	name	23	16		Teriyaki Burger
data_general/cook_param.dat	5	desc	127	62		A chicken burger where teriyaki\nsauce meets mayo perfectly.
data_general/cook_param.dat	6	name	23	12		Chicken Curry
data_general/cook_param.dat	6	desc	127	64		Vegetables, chicken, and spice\nmelt together in this curry.
data_general/cook_param.dat	7	name	23	16		Grilled Phoenix
data_general/cook_param.dat	7	desc	127	70		Normally unburnable Phoenix,\ngrilled over magical embers.
data_general/cook_param.dat	8	name	23	8		Fried Chicken
data_general/cook_param.dat	8	desc	127	64		Juicy fried chicken in a\nginger and garlic batter.
data_general/cook_param.dat	9	name	23	16		Royal Steak
data_general/cook_param.dat	9	desc	127	66		Tender premium fillet steak\nserved with the finest sauce.
data_general/cook_param.dat	10	name	23	12		Beef Curry
data_general/cook_param.dat	10	desc	127	62		A luxury curry of premium\nfillet, spices, and vegetables.
data_general/cook_param.dat	11	name	23	12		Hamburger
data_general/cook_param.dat	11	desc	127	66		A tasty burger of slow-grilled\nground beef in a soft bun.
data_general/cook_param.dat	12	name	23	8		Sukiyaki
data_general/cook_param.dat	12	desc	127	62		A hot pot of melt-in-your-mouth\nmarbled beef in a special sauce.
data_general/cook_param.dat	13	name	23	16		Royal Tonkatsu
data_general/cook_param.dat	13	desc	127	64		Premium loin fried to the\nperfect golden crispness.
data_general/cook_param.dat	14	name	23	16		Ginger Pork
data_general/cook_param.dat	14	desc	127	66		Premium loin sauteed in\nginger sauce -- the finest set meal.
data_general/cook_param.dat	15	name	23	12		Shabu-Shabu
data_general/cook_param.dat	15	desc	127	70		A luxurious hot pot of marbled\nbeef quickly swished and eaten.
data_general/cook_param.dat	16	name	23	14		Salted Sweetfish
data_general/cook_param.dat	16	desc	127	56		A simple dish of delicious\nayu, grilled and salted.
data_general/cook_param.dat	17	name	23	14		Salmon Sandwich
data_general/cook_param.dat	17	desc	127	64		Salmon fried crisp in oil,\ntucked into a soft bun.
data_general/cook_param.dat	18	name	23	10		Premium Sushi
data_general/cook_param.dat	18	desc	127	64		Fine sushi featuring toro,\nsalmon, egg, and more.
data_general/cook_param.dat	19	name	23	16		Salmon Set Meal
data_general/cook_param.dat	19	desc	127	68		Grilled salmon with rice\nand miso soup -- a morning classic.
data_general/cook_param.dat	20	name	23	16		Oden Special
data_general/cook_param.dat	20	desc	127	64		Fish cake and daikon simmered\nin a savory dashi broth.
data_general/cook_param.dat	21	name	23	16		Salmon Meuniere
data_general/cook_param.dat	21	desc	127	64		Salmon sauteed in flour and\nbutter for rich, deep flavor.
data_general/cook_param.dat	22	name	23	14		Shark Fin Soup
data_general/cook_param.dat	22	desc	127	62		A special soup simmered with\ndried shark fin.
data_general/cook_param.dat	23	name	23	12		Butter Scallops
data_general/cook_param.dat	23	desc	127	70		Plump, springy scallops\nsavored in rich butter.
data_general/cook_param.dat	24	name	23	12		Tuna Omelet
data_general/cook_param.dat	24	desc	127	60		Tuna wrapped in a fluffy,\ndelicious omelet.
data_general/cook_param.dat	25	name	23	8		Sea Urchin Bowl
data_general/cook_param.dat	25	desc	127	66		A luxurious rice bowl topped\nwith fresh raw sea urchin.
data_general/cook_param.dat	26	name	23	10		Eel Rice Box
data_general/cook_param.dat	26	desc	127	68		Rich grilled eel over rice,\ntopped with the finest sauce.
data_general/cook_param.dat	27	name	23	14		Deluxe Sushi
data_general/cook_param.dat	27	desc	127	70		Top-grade sushi loaded with\nfatty tuna, uni, and pufferfish.
data_general/cook_param.dat	28	name	23	8		Anglerfish Liver
data_general/cook_param.dat	28	desc	127	60		Anglerfish liver, carefully\nseasoned -- an exquisite delicacy.
data_general/cook_param.dat	29	name	23	10		Chirashi Sushi
data_general/cook_param.dat	29	desc	127	64		Sushi with salmon and shiitake,\nfull of springtime color.
data_general/cook_param.dat	30	name	23	12		Seafood Hot Pot
data_general/cook_param.dat	30	desc	127	70		A rich hot pot of many fish\nsimmered in miso soup.
data_general/cook_param.dat	31	name	23	8		Fugu Hot Pot
data_general/cook_param.dat	31	desc	127	68		The finest pufferfish's white\nflesh, savored in a hot pot.
data_general/cook_param.dat	32	name	23	14		Sauteed Onion
data_general/cook_param.dat	32	desc	127	62		Simply sauteed sliced onion\nin a light sauce.
data_general/cook_param.dat	33	name	23	14		Mashed Potato
data_general/cook_param.dat	33	desc	127	70		Boiled potatoes mashed and\nseasoned into a tasty salad.
data_general/cook_param.dat	34	name	23	10		Tuna Salad
data_general/cook_param.dat	34	desc	127	66		Crisp lettuce paired\nperfectly with savory tuna.
data_general/cook_param.dat	35	name	23	14		French Fries
data_general/cook_param.dat	35	desc	127	62		Fried potatoes with a\nlight sprinkle of salt.
data_general/cook_param.dat	36	name	23	14		Onion Rings
data_general/cook_param.dat	36	desc	127	56		Onions fried to bring out\ntheir natural sweetness.
data_general/cook_param.dat	37	name	23	12		Seaweed Salad
data_general/cook_param.dat	37	desc	127	70		Seaweed dressed in soy sauce\nand oil for a healthy flavor.
data_general/cook_param.dat	38	name	23	12		Egg Salad
data_general/cook_param.dat	38	desc	127	66		Tomato, lettuce, and boiled\negg in a colorful mayo salad.
data_general/cook_param.dat	39	name	23	12		Vegetable Curry
data_general/cook_param.dat	39	desc	127	68		A healthy curry of many\nvegetables simmered in spice.
data_general/cook_param.dat	40	name	23	16		Cream Stew
data_general/cook_param.dat	40	desc	127	70		Chicken thigh and vegetables\nsimmered in creamy sauce.
data_general/cook_param.dat	41	name	23	16		Butter Mushrooms
data_general/cook_param.dat	41	desc	127	66		Tender mushrooms sauteed\nin the finest butter.
data_general/cook_param.dat	42	name	23	14		Seafood Salad
data_general/cook_param.dat	42	desc	127	64		A luxurious salad loaded\nwith toro, scallop, and more.
data_general/cook_param.dat	43	name	23	14		Prosciutto Salad
data_general/cook_param.dat	43	desc	127	60		A refined salad piled high\nwith premium prosciutto.
data_general/cook_param.dat	44	name	23	16		Special Salad
data_general/cook_param.dat	44	desc	127	68		A salad of many things --\nlooks odd, tastes superb.
data_general/cook_param.dat	45	name	23	12		Mushroom Salad
data_general/cook_param.dat	45	desc	127	58		A salad to fully savor\nthe flavor of many mushrooms.
data_general/cook_param.dat	46	name	23	14		Veggie Dumplings
data_general/cook_param.dat	46	desc	127	66		Healthy steamed dumplings\nfilled with minced vegetables.
data_general/cook_param.dat	47	name	23	14		Matsutake Rice
data_general/cook_param.dat	47	desc	127	60		A luxurious dish you can\nsavor for its fine aroma.
data_general/cook_param.dat	48	name	23	12		Tomato Pasta
data_general/cook_param.dat	48	desc	127	58		Fresh tomato pasta, simply\nseasoned to let it shine.
data_general/cook_param.dat	49	name	23	14		Basil Pasta
data_general/cook_param.dat	49	desc	127	62		A simple pasta enjoyed with\njust herbs, oil, and salt.
data_general/cook_param.dat	50	name	23	14		Natto Pasta
data_general/cook_param.dat	50	desc	127	66		A pungent, rich pasta of\nnatto tossed with soy sauce.
data_general/cook_param.dat	51	name	23	10		Napolitan
data_general/cook_param.dat	51	desc	127	68		Sauteed onion and ketchup\nbring double sweetness to this pasta.
data_general/cook_param.dat	52	name	23	12		Meat Sauce
data_general/cook_param.dat	52	desc	127	60		Rich pasta where savory meat\nand tomato sauce intertwine.
data_general/cook_param.dat	53	name	23	12		Cod Roe Pasta
data_general/cook_param.dat	53	desc	127	60		A luxurious pasta with the\nrefined sweetness of cod roe.
data_general/cook_param.dat	54	name	23	12		Cheese Penne
data_general/cook_param.dat	54	desc	127	60		Penne pasta tossed with\nfluffy cheese and cream.
data_general/cook_param.dat	55	name	23	12		Mushroom Pasta
data_general/cook_param.dat	55	desc	127	64		A superb pasta of tender\nmushrooms in creamy sauce.
data_general/cook_param.dat	56	name	23	16		Macaroni Gratin
data_general/cook_param.dat	56	desc	127	70		Boiled macaroni piled with\ncheese and baked until hot.
data_general/cook_param.dat	57	name	23	10		Uni Pasta
data_general/cook_param.dat	57	desc	127	66		A luxurious, refined pasta\npiled high with fresh sea urchin.
data_general/cook_param.dat	58	name	23	14		Peperoncino
data_general/cook_param.dat	58	desc	127	64		A spicy pasta where garlic\nand oil flavors match perfectly.
data_general/cook_param.dat	59	name	23	16		Anchovy Pasta
data_general/cook_param.dat	59	desc	127	60		A pasta to savor the deep,\nrich flavor of anchovy.
data_general/cook_param.dat	60	name	23	12		Arrabbiata
data_general/cook_param.dat	60	desc	127	68		A perfect harmony of savory\nham and sweet tomato.
data_general/cook_param.dat	61	name	23	12		Carbonara
data_general/cook_param.dat	61	desc	127	66		A luxurious pasta of thick\nham tossed in creamy sauce.
data_general/cook_param.dat	62	name	23	12		Eel Pasta
data_general/cook_param.dat	62	desc	127	64		A premium pasta with the\nsweetness and richness of eel.
data_general/cook_param.dat	63	name	23	14		Seafood Pasta
data_general/cook_param.dat	63	desc	127	60		A superb pasta loaded\nwith luxury seafood.
data_general/cook_param.dat	64	name	23	14		Vanilla Cookie
data_general/cook_param.dat	64	desc	127	58		A simple cookie where vanilla\naroma brings out the sweetness.
data_general/cook_param.dat	65	name	23	16		Coffee Cookie
data_general/cook_param.dat	65	desc	127	64		A bitter cookie where coffee\nflavor highlights the sweetness.
data_general/cook_param.dat	66	name	23	12		Chocolate Cake
data_general/cook_param.dat	66	desc	127	64		Rich chocolate sweetness\nmelted into the cream.
data_general/cook_param.dat	67	name	23	14		Strawberry Cake
data_general/cook_param.dat	67	desc	127	64		Sweet strawberries and fresh\ncream in perfect harmony.
data_general/cook_param.dat	68	name	23	12		Cream Bun
data_general/cook_param.dat	68	desc	127	60		Fresh-baked bread with tasty\ncream wrapped in fluffy dough.
data_general/cook_param.dat	69	name	23	12		Milkshake
data_general/cook_param.dat	69	desc	127	64		A drink mixing the deliciousness\nof fresh milk and egg.
data_general/cook_param.dat	70	name	23	10		Tiramisu
data_general/cook_param.dat	70	desc	127	60		A miraculous dessert where\nsweetness and bitterness harmonize.
data_general/cook_param.dat	71	name	23	12		Cheesecake
data_general/cook_param.dat	71	desc	127	64		Rich cheese baked to a\ngolden brown -- baked cheesecake.
data_general/cook_param.dat	72	name	23	14		Matcha Ice Cream
data_general/cook_param.dat	72	desc	127	64		Ice cream with the sweetness\nof matcha in a cool finish.
data_general/cook_param.dat	73	name	23	12		Melon Jelly
data_general/cook_param.dat	73	desc	127	58		Luxurious jelly capturing\nthe refined sweetness of melon.
data_general/cook_param.dat	74	name	23	12		Pancakes
data_general/cook_param.dat	74	desc	127	62		Fluffy cake with melting\nbutter and delicious honey.
data_general/cook_param.dat	75	name	23	14		Berry Mousse
data_general/cook_param.dat	75	desc	127	58		Strawberry sweetness melted\nsoftly into the cream.
data_general/cook_param.dat	76	name	23	12		Pineapple Sorbet
data_general/cook_param.dat	76	desc	127	62		Fresh pineapple's mild sweetness\nfrozen into a sorbet.
data_general/cook_param.dat	77	name	23	12		Vanilla Gelato
data_general/cook_param.dat	77	desc	127	62		Luxurious ice cream to fully\nsavor fresh milk's richness.
data_general/cook_param.dat	78	name	23	14		Matcha Pudding
data_general/cook_param.dat	78	desc	127	66		Pudding with the exquisite\nharmony of egg and matcha.
data_general/cook_param.dat	79	name	23	14		Fruit Parfait
data_general/cook_param.dat	79	desc	127	62		A deluxe parfait piled high\nwith the finest fruit.
data_general/staff_roll_text.dat	0	role	47	12		Director
data_general/staff_roll_text.dat	1	role	47	18		Development Lead
data_general/staff_roll_text.dat	2	role	47	10		Planner
data_general/staff_roll_text.dat	3	role	47	10		Planner
data_general/staff_roll_text.dat	4	role	47	18		Main Programmer
data_general/staff_roll_text.dat	5	role	47	12		Programmer
data_general/staff_roll_text.dat	6	role	47	12		Programmer
data_general/staff_roll_text.dat	7	role	47	12		Programmer
data_general/staff_roll_text.dat	8	role	47	16		Art Designer
data_general/staff_roll_text.dat	9	role	47	16		Art Designer
data_general/staff_roll_text.dat	10	role	47	16		Art Designer
data_general/staff_roll_text.dat	11	role	47	16		Art Designer
data_general/staff_roll_text.dat	12	role	47	16		Model Designer
data_general/staff_roll_text.dat	13	role	47	16		Model Designer
data_general/staff_roll_text.dat	14	role	47	16		Model Designer
data_general/staff_roll_text.dat	15	role	47	16		Model Designer
data_general/staff_roll_text.dat	16	role	47	16		Model Designer
data_general/staff_roll_text.dat	17	role	47	16		Model Designer
data_general/staff_roll_text.dat	18	role	47	16		Model Designer
data_general/staff_roll_text.dat	19	role	47	16		Model Designer
data_general/staff_roll_text.dat	20	role	47	16		Model Designer
data_general/staff_roll_text.dat	21	role	47	20		Motion Designer
data_general/staff_roll_text.dat	22	role	47	20		Motion Designer
data_general/staff_roll_text.dat	23	role	47	20		Motion Designer
data_general/staff_roll_text.dat	24	role	47	20		Motion Designer
data_general/staff_roll_text.dat	25	role	47	20		Motion Designer
data_general/staff_roll_text.dat	26	role	47	20		Motion Designer
data_general/staff_roll_text.dat	27	role	47	30		Effects & BG Designer
data_general/staff_roll_text.dat	28	role	47	18		Background Designer
data_general/staff_roll_text.dat	29	role	47	18		Background Designer
data_general/staff_roll_text.dat	30	role	47	18		Background Designer
data_general/staff_roll_text.dat	31	role	47	18		Background Designer
data_general/staff_roll_text.dat	32	role	47	18		Background Designer
data_general/staff_roll_text.dat	33	role	47	26		Interface Designer
data_general/staff_roll_text.dat	34	role	47	26		Interface Designer
data_general/staff_roll_text.dat	35	role	47	18		Special Thanks
data_general/staff_roll_text.dat	36	role	47	18		Special Thanks
data_general/staff_roll_text.dat	37	role	47	18		Special Thanks
data_general/staff_roll_text.dat	38	role	47	18		Special Thanks
data_general/staff_roll_text.dat	39	role	47	18		Special Thanks
data_general/staff_roll_text.dat	40	role	47	18		Special Thanks
data_general/staff_roll_text.dat	41	role	47	18		Special Thanks
data_general/staff_roll_text.dat	42	role	47	14		Producer
data_general/staff_roll_text.dat	43	role	47	14		Producer
data_general/staff_roll_text.dat	44	role	47	12		Character Models
data_general/staff_roll_text.dat	45	role	47	12		Character Models
data_general/staff_roll_text.dat	46	role	47	12		Character Models
data_general/staff_roll_text.dat	47	role	47	11		Composer
data_general/staff_roll_text.dat	48	role	47	24		Sound Manipulator
data_general/staff_roll_text.dat	49	role	47	18		Sound Effects
data_general/staff_roll_text.dat	50	role	47	18		Sound Effects
data_general/staff_roll_text.dat	51	role	47	20		Character Design
data_general/staff_roll_text.dat	52	role	47	20		Character Design
data_general/staff_roll_text.dat	53	role	47	10		V Jump
data_general/staff_roll_text.dat	54	role	47	4		PR
data_general/staff_roll_text.dat	55	role	47	4		PR
data_general/staff_roll_text.dat	56	role	47	14		Producer
data_general/staff_roll_text.dat	57	role	47	14		Producer
data_general/staff_roll_text.dat	0	nickname	47	14		Loves Games
data_general/staff_roll_text.dat	1	nickname	47	14		Hero of Love
data_general/staff_roll_text.dat	2	nickname	47	16		Fresh Newlywed
data_general/staff_roll_text.dat	3	nickname	47	22		Bewitching Macho Body
data_general/staff_roll_text.dat	4	nickname	47	20		I'm Not a Dentist
data_general/staff_roll_text.dat	5	nickname	47	16		Mahjong and Wine
data_general/staff_roll_text.dat	6	nickname	47	16		Big Eater, Early Riser
data_general/staff_roll_text.dat	7	nickname	47	22		Cleanup Hitter, Triple!
data_general/staff_roll_text.dat	8	nickname	47	16		Portrait Master
data_general/staff_roll_text.dat	9	nickname	47	10		Rose-Tinted Glasses
data_general/staff_roll_text.dat	10	nickname	47	20		Short-Haired Girl
data_general/staff_roll_text.dat	11	nickname	47	14		Soft, Fluffy Maiden
data_general/staff_roll_text.dat	12	nickname	47	18		Gadget Master
data_general/staff_roll_text.dat	13	nickname	47	16		Gentle Tough Guy
data_general/staff_roll_text.dat	14	nickname	47	12		Many-Talented Papa
data_general/staff_roll_text.dat	15	nickname	47	16		Super-Duper Modeler
data_general/staff_roll_text.dat	16	nickname	47	20		Movie Theater Manager
data_general/staff_roll_text.dat	17	nickname	47	16		Surprise Wedding
data_general/staff_roll_text.dat	18	nickname	47	16		Real Survivor
data_general/staff_roll_text.dat	19	nickname	47	16		Stylish Thief
data_general/staff_roll_text.dat	20	nickname	47	8		Giggle Giggle
data_general/staff_roll_text.dat	21	nickname	47	18		American Gangster
data_general/staff_roll_text.dat	22	nickname	47	14		Surfer Papa
data_general/staff_roll_text.dat	23	nickname	47	12		Bearded Harley
data_general/staff_roll_text.dat	24	nickname	47	16		Happy Newlywed
data_general/staff_roll_text.dat	25	nickname	47	12		Cute Bear
data_general/staff_roll_text.dat	26	nickname	47	16		Giant Rice Ball
data_general/staff_roll_text.dat	27	nickname	47	16		Know-It-All Paella
data_general/staff_roll_text.dat	28	nickname	47	18		Always Drinking Sake
data_general/staff_roll_text.dat	29	nickname	47	16		Surprise Wedding
data_general/staff_roll_text.dat	30	nickname	47	12		Young Lady
data_general/staff_roll_text.dat	31	nickname	47	14		Blond Monk
data_general/staff_roll_text.dat	32	nickname	47	10		Graceful
data_general/staff_roll_text.dat	33	nickname	47	20		Smiling Big Sister
data_general/staff_roll_text.dat	34	nickname	47	16		Super Cute
data_general/staff_roll_text.dat	35	nickname	47	16		Minister of Sports
data_general/staff_roll_text.dat	36	nickname	47	20		Oddball Grappler
data_general/staff_roll_text.dat	37	nickname	47	20		Database Angel
data_general/staff_roll_text.dat	38	nickname	47	14		Storyboard Guy
data_general/staff_roll_text.dat	39	nickname	47	16		Shamisen Player
data_general/staff_roll_text.dat	40	nickname	47	20		Supreme Commander Ikedar
data_general/staff_roll_text.dat	41	nickname	47	14		Loves Everyone
data_general/staff_roll_text.dat	42	nickname	47	10		Errand Boy
data_general/staff_roll_text.dat	43	nickname	47	12		Adviser
data_general/staff_roll_text.dat	44	nickname	47	12		Rabbit Maniac
data_general/staff_roll_text.dat	45	nickname	47	16		Onion Hunter
data_general/staff_roll_text.dat	46	nickname	47	16		Model Artisan
data_general/staff_roll_text.dat	47	nickname	47	14		Wandering Minstrel
data_general/staff_roll_text.dat	48	nickname	47	18		Curry Lover
data_general/staff_roll_text.dat	49	nickname	47	18		Musician of the Moment
data_general/staff_roll_text.dat	50	nickname	47	12		Brand-New Papa
data_general/staff_roll_text.dat	51	nickname	47	22		Manga Artist Living for Games
data_general/staff_roll_text.dat	52	nickname	47	24		Candy House Resident
data_general/staff_roll_text.dat	53	nickname	47	14		Editor
data_general/staff_roll_text.dat	54	nickname	47	16		Snack Artisan
data_general/staff_roll_text.dat	55	nickname	47	18		Square Enix, 6th Year
data_general/staff_roll_text.dat	56	nickname	47	30		Fake Glasses, Real Deal
data_general/staff_roll_text.dat	57	nickname	47	26		Directed Director
data_general/staff_roll_text.dat	0	realname	47	16		Chikara Saito
data_general/staff_roll_text.dat	1	realname	47	14		Takuya Konno
data_general/staff_roll_text.dat	2	realname	47	16		Yoshiki Hiramatsu
data_general/staff_roll_text.dat	3	realname	47	14		Yoshio Echigo
data_general/staff_roll_text.dat	4	realname	47	14		Shika Nakayama
data_general/staff_roll_text.dat	5	realname	47	16		Hayato Inomata
data_general/staff_roll_text.dat	6	realname	47	18		Takehito Yamamoto
data_general/staff_roll_text.dat	7	realname	47	22		Shuntaro Munakata
data_general/staff_roll_text.dat	8	realname	47	12		Tom Nishide
data_general/staff_roll_text.dat	9	realname	47	16		George Mizuno
data_general/staff_roll_text.dat	10	realname	47	16		Saaya Shinozaki
data_general/staff_roll_text.dat	11	realname	47	16		Haruka Sakurai
data_general/staff_roll_text.dat	12	realname	47	18		Hiroaki Otake
data_general/staff_roll_text.dat	13	realname	47	18		Ryuji Nakamura
data_general/staff_roll_text.dat	14	realname	47	16		Takanao Hayashi
data_general/staff_roll_text.dat	15	realname	47	18		Rider Toyama
data_general/staff_roll_text.dat	16	realname	47	14		Keiji Adachi
data_general/staff_roll_text.dat	17	realname	47	12		Mika Arai
data_general/staff_roll_text.dat	18	realname	47	18		Yohei Inamura
data_general/staff_roll_text.dat	19	realname	47	4		BoZE
data_general/staff_roll_text.dat	20	realname	47	16		Katsuhiro Kusuda
data_general/staff_roll_text.dat	21	realname	47	16		Daichi Takeuchi
data_general/staff_roll_text.dat	22	realname	47	18		Hironori Yamaguchi
data_general/staff_roll_text.dat	23	realname	47	16		Kyota Nagase
data_general/staff_roll_text.dat	24	realname	47	14		Hiroyuki Wada
data_general/staff_roll_text.dat	25	realname	47	22		Kenichiro Kumao
data_general/staff_roll_text.dat	26	realname	47	14		Yuya Deguchi
data_general/staff_roll_text.dat	27	realname	47	12		Shin Kabeya
data_general/staff_roll_text.dat	28	realname	47	16		Eiichi Harada
data_general/staff_roll_text.dat	29	realname	47	14		Hiroshi Yazawa
data_general/staff_roll_text.dat	30	realname	47	16		Sachiyo Tachibana
data_general/staff_roll_text.dat	31	realname	47	6		takiwo
data_general/staff_roll_text.dat	32	realname	47	14		Saori Beppu
data_general/staff_roll_text.dat	33	realname	47	14		Yuko Kato
data_general/staff_roll_text.dat	34	realname	47	14		Yu Sameshima
data_general/staff_roll_text.dat	35	realname	47	16		Satoshi Nakazato
data_general/staff_roll_text.dat	36	realname	47	27		"Yoshio ""NY CHOJIN"" Kato"
data_general/staff_roll_text.dat	37	realname	47	14		Yuka Kobayashi
data_general/staff_roll_text.dat	38	realname	47	20		Morifumi Kawaminami
data_general/staff_roll_text.dat	39	realname	47	14		Masaharu Omi
data_general/staff_roll_text.dat	40	realname	47	16		Hideyuki Ikeda
data_general/staff_roll_text.dat	41	realname	47	16		Katsumi Miyashita
data_general/staff_roll_text.dat	42	realname	47	18		Masaaki Kawamura
data_general/staff_roll_text.dat	43	realname	47	14		Hiroyuki Abe
data_general/staff_roll_text.dat	44	realname	47	14		Minako Tsuchiya
data_general/staff_roll_text.dat	45	realname	47	12		Chiho Kawase
data_general/staff_roll_text.dat	46	realname	47	16		Noriyuki Komoda
data_general/staff_roll_text.dat	47	realname	47	14		Takashi Nitta
data_general/staff_roll_text.dat	48	realname	47	18		Yuzo Takahashi
data_general/staff_roll_text.dat	49	realname	47	18		Kazunori Takahara
data_general/staff_roll_text.dat	50	realname	47	16		Tomoaki Sato
data_general/staff_roll_text.dat	51	realname	47	14		Shinya Suzuki
data_general/staff_roll_text.dat	52	realname	47	14		Asami Deguchi
data_general/staff_roll_text.dat	53	realname	47	10		Kanemaru
data_general/staff_roll_text.dat	54	realname	47	14		Yukie Iwase
data_general/staff_roll_text.dat	55	realname	47	14		Miho Ohata
data_general/staff_roll_text.dat	56	realname	47	18		Hironori Akiyama
data_general/staff_roll_text.dat	57	realname	47	18		Yosuke Saito
data_general/staff_roll_text.dat	0	msg1	47	36		Thank you all, truly!
data_general/staff_roll_text.dat	1	msg1	47	24		My battle isn't over yet!
data_general/staff_roll_text.dat	2	msg1	47	18		Is my battle
data_general/staff_roll_text.dat	3	msg1	47	36		Thanks for playing this far!
data_general/staff_roll_text.dat	4	msg1	47	8		'Sup!
data_general/staff_roll_text.dat	5	msg1	47	36		Blue seas, blue hills, blue skies...
data_general/staff_roll_text.dat	6	msg1	47	24		My all-time favorite food
data_general/staff_roll_text.dat	7	msg1	47	38		Games are fun, but exercise too!
data_general/staff_roll_text.dat	8	msg1	47	28		Everyone, get excited and
data_general/staff_roll_text.dat	9	msg1	47	28		How were the backgrounds...?
data_general/staff_roll_text.dat	10	msg1	47	20		Somehow... really...?
data_general/staff_roll_text.dat	11	msg1	47	12		I'm okay.
data_general/staff_roll_text.dat	12	msg1	47	14		Enjoy!
data_general/staff_roll_text.dat	13	msg1	47	12		My son!
data_general/staff_roll_text.dat	14	msg1	47	16		Small and simple...
data_general/staff_roll_text.dat	15	msg1	47	20		Let me show you!!
data_general/staff_roll_text.dat	16	msg1	47	16		...Heh...
data_general/staff_roll_text.dat	17	msg1	47	6		Hiroshi,
data_general/staff_roll_text.dat	18	msg1	47	17		We Are The World
data_general/staff_roll_text.dat	19	msg1	47	26		It's not over when you lose;
data_general/staff_roll_text.dat	20	msg1	47	16		I'm still just
data_general/staff_roll_text.dat	21	msg1	47	6		As a dad,
data_general/staff_roll_text.dat	22	msg1	47	16		In World Cross,
data_general/staff_roll_text.dat	23	msg1	47	26		Drill Marlin's moves
data_general/staff_roll_text.dat	24	msg1	47	18		My daughter Yu is now
data_general/staff_roll_text.dat	25	msg1	47	20		Check out my carefully
data_general/staff_roll_text.dat	26	msg1	47	20		My favorite animations are
data_general/staff_roll_text.dat	27	msg1	47	34		My hobby: making accessories.
data_general/staff_roll_text.dat	28	msg1	47	28		Actually, Yakutanon is...
data_general/staff_roll_text.dat	29	msg1	47	4		Mika,
data_general/staff_roll_text.dat	30	msg1	47	28		If you have lots of fun,
data_general/staff_roll_text.dat	31	msg1	47	30		The backgrounds are all odd,
data_general/staff_roll_text.dat	32	msg1	47	14		Thanks for all your
data_general/staff_roll_text.dat	33	msg1	47	24		The monster I'd date is...
data_general/staff_roll_text.dat	34	msg1	47	26		Thanks for playing!
data_general/staff_roll_text.dat	35	msg1	47	26		Doing wrong is wrong,
data_general/staff_roll_text.dat	36	msg1	47	36		Chojin here, roger that lol
data_general/staff_roll_text.dat	37	msg1	47	18		Ice cream: one a day,
data_general/staff_roll_text.dat	38	msg1	47	14		Thanks for
data_general/staff_roll_text.dat	39	msg1	47	14		The fish you can see
data_general/staff_roll_text.dat	40	msg1	47	18		Mr. Yakutanon!
data_general/staff_roll_text.dat	41	msg1	47	12		Go for it!
data_general/staff_roll_text.dat	42	msg1	47	20		Whipping my old bones,
data_general/staff_roll_text.dat	43	msg1	47	30		Thanks for playing!
data_general/staff_roll_text.dat	44	msg1	47	20		After work,
data_general/staff_roll_text.dat	45	msg1	47	20		If you enjoyed it,
data_general/staff_roll_text.dat	46	msg1	47	16		Try on lots of
data_general/staff_roll_text.dat	47	msg1	47	28		I'll keep at it tomorrow too!
data_general/staff_roll_text.dat	48	msg1	47	32		My daughter just turned two...
data_general/staff_roll_text.dat	49	msg1	47	12		My ears are
data_general/staff_roll_text.dat	50	msg1	47	16		Raising a kid is...
data_general/staff_roll_text.dat	51	msg1	47	32		Solo play is super fun, but
data_general/staff_roll_text.dat	52	msg1	47	34		Found your favorite world?
data_general/staff_roll_text.dat	53	msg1	47	22		Please enjoy Shinya Suzuki's
data_general/staff_roll_text.dat	54	msg1	47	12		Now I can make
data_general/staff_roll_text.dat	55	msg1	47	10		I'm a bear.
data_general/staff_roll_text.dat	56	msg1	47	32		Thanks for playing ^^
data_general/staff_roll_text.dat	57	msg1	47	28		Did you have fun, bear?
data_general/staff_roll_text.dat	0	msg2	47	36		Thanks, thanks, and more thanks!
data_general/staff_roll_text.dat	1	msg2	47	28		It goes on and on...
data_general/staff_roll_text.dat	2	msg2	47	18		finally over??
data_general/staff_roll_text.dat	3	msg2	47	34		Keep on adventuring♪
data_general/staff_roll_text.dat	4	msg2	47	8		Hey hey!
data_general/staff_roll_text.dat	5	msg2	47	36		Fireworks at night... next year!
data_general/staff_roll_text.dat	6	msg2	47	12		is fish.
data_general/staff_roll_text.dat	7	msg2	47	32		Before you end up like me...
data_general/staff_roll_text.dat	8	msg2	47	24		have fun playing, I say!
data_general/staff_roll_text.dat	9	msg2	47	46		Scribble... scribble... crumple...
data_general/staff_roll_text.dat	10	msg2	47	20		(meditating...)
data_general/staff_roll_text.dat	11	msg2	47	18		I can still keep going!
data_general/staff_roll_text.dat	13	msg2	47	32		Daddy will fight on forever!
data_general/staff_roll_text.dat	14	msg2	47	24		Small and simple is best.
data_general/staff_roll_text.dat	15	msg2	47	20		Transform! Toh~!
data_general/staff_roll_text.dat	16	msg2	47	20		...Gyao~!!
data_general/staff_roll_text.dat	17	msg2	47	6		love you.
data_general/staff_roll_text.dat	19	msg2	47	28		it's over when you quit.
data_general/staff_roll_text.dat	20	msg2	47	24		a fledgling, so...
data_general/staff_roll_text.dat	21	msg2	47	14		I'll do my best.
data_general/staff_roll_text.dat	22	msg2	47	24		find even more treasure!!
data_general/staff_roll_text.dat	23	msg2	47	26		are my masterpiece.
data_general/staff_roll_text.dat	24	msg2	47	30		one year and seven months old.
data_general/staff_roll_text.dat	25	msg2	47	16		crafted animations!
data_general/staff_roll_text.dat	26	msg2	47	22		the fairy and the old man.
data_general/staff_roll_text.dat	27	msg2	47	26		I can't eat squid.
data_general/staff_roll_text.dat	28	msg2	47	16		Heh heh heh...
data_general/staff_roll_text.dat	29	msg2	47	6		love you.
data_general/staff_roll_text.dat	30	msg2	47	14		I'll be very happy.
data_general/staff_roll_text.dat	31	msg2	47	32		designed to numb your brain.
data_general/staff_roll_text.dat	32	msg2	47	20		hard work playing!
data_general/staff_roll_text.dat	33	msg2	47	14		Oinkton.
data_general/staff_roll_text.dat	34	msg2	47	34		See you again in the game.
data_general/staff_roll_text.dat	35	msg2	47	36		but right differs for everyone.
data_general/staff_roll_text.dat	36	msg2	47	32		See you in the next game.
data_general/staff_roll_text.dat	37	msg2	47	12		no more.
data_general/staff_roll_text.dat	38	msg2	47	12		playing.
data_general/staff_roll_text.dat	39	msg2	47	16		never bite.
data_general/staff_roll_text.dat	40	msg2	47	20		I'm so sorry!
data_general/staff_roll_text.dat	41	msg2	47	12		Sasha!
data_general/staff_roll_text.dat	42	msg2	47	18		your errand boy here.
data_general/staff_roll_text.dat	43	msg2	47	34		Don't forget the Demon King!
data_general/staff_roll_text.dat	44	msg2	47	28		I fluff up my bunnies.
data_general/staff_roll_text.dat	45	msg2	47	20		I'd be so happy.
data_general/staff_roll_text.dat	46	msg2	47	16		different gear.
data_general/staff_roll_text.dat	48	msg2	47	36		Did you all listen to the sound?
data_general/staff_roll_text.dat	49	msg2	47	32		machine-washable, you know?
data_general/staff_roll_text.dat	50	msg2	47	14		fun...
data_general/staff_roll_text.dat	51	msg2	47	38		multiplayer is even more fun!!
data_general/staff_roll_text.dat	52	msg2	47	33		Play it all the way through!
data_general/staff_roll_text.dat	53	msg2	47	24		manga too!
data_general/staff_roll_text.dat	54	msg2	47	16		a ○★~~♪
data_general/staff_roll_text.dat	55	msg2	47	24		All black... can't see me?
data_general/staff_roll_text.dat	56	msg2	47	32		Thanks to everyone♪
data_general/staff_roll_text.dat	57	msg2	47	32		Can't wait for the next one, bear!
data_treasure/quest_data.dat	0	title	63	18		Lavender's Job
data_treasure/quest_data.dat	1	title	63	18		Lavender's Radiance
data_treasure/quest_data.dat	2	title	63	16		Lavender's Feelings
data_treasure/quest_data.dat	3	title	63	18		Lavender's Guidance
data_treasure/quest_data.dat	4	title	63	16		Lavender's Bond
data_treasure/quest_data.dat	5	title	63	18		Lavender's Kindness
data_treasure/quest_data.dat	6	title	63	16		Lavender's Devotion
data_treasure/quest_data.dat	7	title	63	16		Lavender's Wish
data_treasure/quest_data.dat	8	title	63	24		First Great Invention
data_treasure/quest_data.dat	9	title	63	24		Humanity's First Invention
data_treasure/quest_data.dat	10	title	63	24		Payback Invention
data_treasure/quest_data.dat	11	title	63	24		Invention for Humanity
data_treasure/quest_data.dat	12	title	63	24		Invention Born of Frustration
data_treasure/quest_data.dat	13	title	63	18		Not Enough Parts...
data_treasure/quest_data.dat	14	title	63	18		Not Enough Data...
data_treasure/quest_data.dat	15	title	63	26		Dream-Fulfilling Invention
data_treasure/quest_data.dat	16	title	63	22		It's Mint!
data_treasure/quest_data.dat	17	title	63	24		She Likes Wriggly Things!
data_treasure/quest_data.dat	18	title	63	22		She Wants to Pet It!
data_treasure/quest_data.dat	19	title	63	22		She Wants to Cuddle It!
data_treasure/quest_data.dat	20	title	63	22		She Wants a Heart!
data_treasure/quest_data.dat	21	title	63	18		She's So Bored!
data_treasure/quest_data.dat	22	title	63	18		Blow Blow!
data_treasure/quest_data.dat	23	title	63	24		She Wants a Memory!
data_treasure/quest_data.dat	24	title	63	26		Aspiring Chef
data_treasure/quest_data.dat	25	title	63	22		Sushi Apprentice
data_treasure/quest_data.dat	26	title	63	22		Western Cuisine
data_treasure/quest_data.dat	27	title	63	24		Sauce Decides All
data_treasure/quest_data.dat	28	title	63	26		Aspiring Patissier
data_treasure/quest_data.dat	29	title	63	26		Tiramisu Trial
data_treasure/quest_data.dat	30	title	63	26		Believe in Yourself
data_treasure/quest_data.dat	31	title	63	26		One Last Dish
data_treasure/quest_data.dat	32	title	63	26		Love Potion Together
data_treasure/quest_data.dat	33	title	63	26		Potion-Making Fun
data_treasure/quest_data.dat	34	title	63	26		Who's It For?
data_treasure/quest_data.dat	35	title	63	26		Working Together
data_treasure/quest_data.dat	36	title	63	26		Almost Ready
data_treasure/quest_data.dat	37	title	63	26		About to Explode!
data_treasure/quest_data.dat	38	title	63	26		At Last, It's Done!
data_treasure/quest_data.dat	39	title	63	26		A Phantom Potion
data_treasure/quest_data.dat	40	title	63	22		Save Our Galaxy
data_treasure/quest_data.dat	41	title	63	24		Defeat the Clone Fiends
data_treasure/quest_data.dat	42	title	63	20		My Weakness Is Tears
data_treasure/quest_data.dat	43	title	63	24		Save the Planet Lilia
data_treasure/quest_data.dat	44	title	63	20		Secret of the Battle Suit
data_treasure/quest_data.dat	45	title	63	26		Revive the Yakutanon Beam
data_treasure/quest_data.dat	46	title	63	22		Rescue Eriyu
data_treasure/quest_data.dat	47	title	63	16		The Final Battle
